Id,Id,Id.1,close,coin_units,computer_name,exchange,high,low,open,symbol,time,timestamp_api_call,volumefrom,volumeto
0,0.0,0.0,0.0,1,JordanManual,CCCAGG,0.0,0.0,0.0,IND,1341619200,2017-12-28 08:22:09.575143,0.0,0.0
1,1.0,1.0,0.0,1,JordanManual,CCCAGG,0.0,0.0,0.0,IND,1341878400,2017-12-28 08:22:09.575143,0.0,0.0
2,2.0,2.0,0.0,1,JordanManual,CCCAGG,0.0,0.0,0.0,IND,1342137600,2017-12-28 08:22:09.575143,0.0,0.0
3,3.0,3.0,0.0,1,JordanManual,CCCAGG,0.0,0.0,0.0,IND,1342396800,2017-12-28 08:22:09.575143,0.0,0.0
4,4.0,4.0,0.0,1,JordanManual,CCCAGG,0.0,0.0,0.0,IND,1342656000,2017-12-28 08:22:09.575143,0.0,0.0
5,5.0,5.0,0.0,1,JordanManual,CCCAGG,0.0,0.0,0.0,IND,1342915200,2017-12-28 08:22:09.575143,0.0,0.0
6,6.0,6.0,0.0,1,JordanManual,CCCAGG,0.0,0.0,0.0,IND,1343174400,2017-12-28 08:22:09.575143,0.0,0.0
7,7.0,7.0,0.0,1,JordanManual,CCCAGG,0.0,0.0,0.0,IND,1343433600,2017-12-28 08:22:09.575143,0.0,0.0
8,8.0,8.0,0.0,1,JordanManual,CCCAGG,0.0,0.0,0.0,IND,1343692800,2017-12-28 08:22:09.575143,0.0,0.0
9,9.0,9.0,0.0,1,JordanManual,CCCAGG,0.0,0.0,0.0,IND,1343952000,2017-12-28 08:22:09.575143,0.0,0.0
10,10.0,10.0,0.0,1,JordanManual,CCCAGG,0.0,0.0,0.0,IND,1344211200,2017-12-28 08:22:09.575143,0.0,0.0
11,11.0,11.0,0.0,1,JordanManual,CCCAGG,0.0,0.0,0.0,IND,1344470400,2017-12-28 08:22:09.575143,0.0,0.0
12,12.0,12.0,0.0,1,JordanManual,CCCAGG,0.0,0.0,0.0,IND,1344729600,2017-12-28 08:22:09.575143,0.0,0.0
13,13.0,13.0,0.0,1,JordanManual,CCCAGG,0.0,0.0,0.0,IND,1344988800,2017-12-28 08:22:09.575143,0.0,0.0
14,14.0,14.0,0.0,1,JordanManual,CCCAGG,0.0,0.0,0.0,IND,1345248000,2017-12-28 08:22:09.575143,0.0,0.0
15,15.0,15.0,0.0,1,JordanManual,CCCAGG,0.0,0.0,0.0,IND,1345507200,2017-12-28 08:22:09.575143,0.0,0.0
16,16.0,16.0,0.0,1,JordanManual,CCCAGG,0.0,0.0,0.0,IND,1345766400,2017-12-28 08:22:09.575143,0.0,0.0
17,17.0,17.0,0.0,1,JordanManual,CCCAGG,0.0,0.0,0.0,IND,1346025600,2017-12-28 08:22:09.575143,0.0,0.0
18,18.0,18.0,0.0,1,JordanManual,CCCAGG,0.0,0.0,0.0,IND,1346284800,2017-12-28 08:22:09.575143,0.0,0.0
19,19.0,19.0,0.0,1,JordanManual,CCCAGG,0.0,0.0,0.0,IND,1346544000,2017-12-28 08:22:09.575143,0.0,0.0
20,20.0,20.0,0.0,1,JordanManual,CCCAGG,0.0,0.0,0.0,IND,1346803200,2017-12-28 08:22:09.575143,0.0,0.0
21,21.0,21.0,0.0,1,JordanManual,CCCAGG,0.0,0.0,0.0,IND,1347062400,2017-12-28 08:22:09.575143,0.0,0.0
22,22.0,22.0,0.0,1,JordanManual,CCCAGG,0.0,0.0,0.0,IND,1347321600,2017-12-28 08:22:09.575143,0.0,0.0
23,23.0,23.0,0.0,1,JordanManual,CCCAGG,0.0,0.0,0.0,IND,1347580800,2017-12-28 08:22:09.575143,0.0,0.0
24,24.0,24.0,0.0,1,JordanManual,CCCAGG,0.0,0.0,0.0,IND,1347840000,2017-12-28 08:22:09.575143,0.0,0.0
25,25.0,25.0,0.0,1,JordanManual,CCCAGG,0.0,0.0,0.0,IND,1348099200,2017-12-28 08:22:09.575143,0.0,0.0
26,26.0,26.0,0.0,1,JordanManual,CCCAGG,0.0,0.0,0.0,IND,1348358400,2017-12-28 08:22:09.575143,0.0,0.0
27,27.0,27.0,0.0,1,JordanManual,CCCAGG,0.0,0.0,0.0,IND,1348617600,2017-12-28 08:22:09.575143,0.0,0.0
28,28.0,28.0,0.0,1,JordanManual,CCCAGG,0.0,0.0,0.0,IND,1348876800,2017-12-28 08:22:09.575143,0.0,0.0
29,29.0,29.0,0.0,1,JordanManual,CCCAGG,0.0,0.0,0.0,IND,1349136000,2017-12-28 08:22:09.575143,0.0,0.0
30,30.0,30.0,0.0,1,JordanManual,CCCAGG,0.0,0.0,0.0,IND,1349395200,2017-12-28 08:22:09.575143,0.0,0.0
31,31.0,31.0,0.0,1,JordanManual,CCCAGG,0.0,0.0,0.0,IND,1349654400,2017-12-28 08:22:09.575143,0.0,0.0
32,32.0,32.0,0.0,1,JordanManual,CCCAGG,0.0,0.0,0.0,IND,1349913600,2017-12-28 08:22:09.575143,0.0,0.0
33,33.0,33.0,0.0,1,JordanManual,CCCAGG,0.0,0.0,0.0,IND,1350172800,2017-12-28 08:22:09.575143,0.0,0.0
34,34.0,34.0,0.0,1,JordanManual,CCCAGG,0.0,0.0,0.0,IND,1350432000,2017-12-28 08:22:09.575143,0.0,0.0
35,35.0,35.0,0.0,1,JordanManual,CCCAGG,0.0,0.0,0.0,IND,1350691200,2017-12-28 08:22:09.575143,0.0,0.0
36,36.0,36.0,0.0,1,JordanManual,CCCAGG,0.0,0.0,0.0,IND,1350950400,2017-12-28 08:22:09.575143,0.0,0.0
37,37.0,37.0,0.0,1,JordanManual,CCCAGG,0.0,0.0,0.0,IND,1351209600,2017-12-28 08:22:09.575143,0.0,0.0
38,38.0,38.0,0.0,1,JordanManual,CCCAGG,0.0,0.0,0.0,IND,1351468800,2017-12-28 08:22:09.575143,0.0,0.0
39,39.0,39.0,0.0,1,JordanManual,CCCAGG,0.0,0.0,0.0,IND,1351728000,2017-12-28 08:22:09.575143,0.0,0.0
40,40.0,40.0,0.0,1,JordanManual,CCCAGG,0.0,0.0,0.0,IND,1351987200,2017-12-28 08:22:09.575143,0.0,0.0
41,41.0,41.0,0.0,1,JordanManual,CCCAGG,0.0,0.0,0.0,IND,1352246400,2017-12-28 08:22:09.575143,0.0,0.0
42,42.0,42.0,0.0,1,JordanManual,CCCAGG,0.0,0.0,0.0,IND,1352505600,2017-12-28 08:22:09.575143,0.0,0.0
43,43.0,43.0,0.0,1,JordanManual,CCCAGG,0.0,0.0,0.0,IND,1352764800,2017-12-28 08:22:09.575143,0.0,0.0
44,44.0,44.0,0.0,1,JordanManual,CCCAGG,0.0,0.0,0.0,IND,1353024000,2017-12-28 08:22:09.575143,0.0,0.0
45,45.0,45.0,0.0,1,JordanManual,CCCAGG,0.0,0.0,0.0,IND,1353283200,2017-12-28 08:22:09.575143,0.0,0.0
46,46.0,46.0,0.0,1,JordanManual,CCCAGG,0.0,0.0,0.0,IND,1353542400,2017-12-28 08:22:09.575143,0.0,0.0
47,47.0,47.0,0.0,1,JordanManual,CCCAGG,0.0,0.0,0.0,IND,1353801600,2017-12-28 08:22:09.575143,0.0,0.0
48,48.0,48.0,0.0,1,JordanManual,CCCAGG,0.0,0.0,0.0,IND,1354060800,2017-12-28 08:22:09.575143,0.0,0.0
49,49.0,49.0,0.0,1,JordanManual,CCCAGG,0.0,0.0,0.0,IND,1354320000,2017-12-28 08:22:09.575143,0.0,0.0
50,50.0,50.0,0.0,1,JordanManual,CCCAGG,0.0,0.0,0.0,IND,1354579200,2017-12-28 08:22:09.575143,0.0,0.0
51,51.0,51.0,0.0,1,JordanManual,CCCAGG,0.0,0.0,0.0,IND,1354838400,2017-12-28 08:22:09.575143,0.0,0.0
52,52.0,52.0,0.0,1,JordanManual,CCCAGG,0.0,0.0,0.0,IND,1355097600,2017-12-28 08:22:09.575143,0.0,0.0
53,53.0,53.0,0.0,1,JordanManual,CCCAGG,0.0,0.0,0.0,IND,1355356800,2017-12-28 08:22:09.575143,0.0,0.0
54,54.0,54.0,0.0,1,JordanManual,CCCAGG,0.0,0.0,0.0,IND,1355616000,2017-12-28 08:22:09.575143,0.0,0.0
55,55.0,55.0,0.0,1,JordanManual,CCCAGG,0.0,0.0,0.0,IND,1355875200,2017-12-28 08:22:09.575143,0.0,0.0
56,56.0,56.0,0.0,1,JordanManual,CCCAGG,0.0,0.0,0.0,IND,1356134400,2017-12-28 08:22:09.575143,0.0,0.0
57,57.0,57.0,0.0,1,JordanManual,CCCAGG,0.0,0.0,0.0,IND,1356393600,2017-12-28 08:22:09.575143,0.0,0.0
58,58.0,58.0,0.0,1,JordanManual,CCCAGG,0.0,0.0,0.0,IND,1356652800,2017-12-28 08:22:09.575143,0.0,0.0
59,59.0,59.0,0.0,1,JordanManual,CCCAGG,0.0,0.0,0.0,IND,1356912000,2017-12-28 08:22:09.575143,0.0,0.0
60,60.0,60.0,0.0,1,JordanManual,CCCAGG,0.0,0.0,0.0,IND,1357171200,2017-12-28 08:22:09.575143,0.0,0.0
61,61.0,61.0,0.0,1,JordanManual,CCCAGG,0.0,0.0,0.0,IND,1357430400,2017-12-28 08:22:09.575143,0.0,0.0
62,62.0,62.0,0.0,1,JordanManual,CCCAGG,0.0,0.0,0.0,IND,1357689600,2017-12-28 08:22:09.575143,0.0,0.0
63,63.0,63.0,0.0,1,JordanManual,CCCAGG,0.0,0.0,0.0,IND,1357948800,2017-12-28 08:22:09.575143,0.0,0.0
64,64.0,64.0,0.0,1,JordanManual,CCCAGG,0.0,0.0,0.0,IND,1358208000,2017-12-28 08:22:09.575143,0.0,0.0
65,65.0,65.0,0.0,1,JordanManual,CCCAGG,0.0,0.0,0.0,IND,1358467200,2017-12-28 08:22:09.575143,0.0,0.0
66,66.0,66.0,0.0,1,JordanManual,CCCAGG,0.0,0.0,0.0,IND,1358726400,2017-12-28 08:22:09.575143,0.0,0.0
67,67.0,67.0,0.0,1,JordanManual,CCCAGG,0.0,0.0,0.0,IND,1358985600,2017-12-28 08:22:09.575143,0.0,0.0
68,68.0,68.0,0.0,1,JordanManual,CCCAGG,0.0,0.0,0.0,IND,1359244800,2017-12-28 08:22:09.575143,0.0,0.0
69,69.0,69.0,0.0,1,JordanManual,CCCAGG,0.0,0.0,0.0,IND,1359504000,2017-12-28 08:22:09.575143,0.0,0.0
70,70.0,70.0,0.0,1,JordanManual,CCCAGG,0.0,0.0,0.0,IND,1359763200,2017-12-28 08:22:09.575143,0.0,0.0
71,71.0,71.0,0.0,1,JordanManual,CCCAGG,0.0,0.0,0.0,IND,1360022400,2017-12-28 08:22:09.575143,0.0,0.0
72,72.0,72.0,0.0,1,JordanManual,CCCAGG,0.0,0.0,0.0,IND,1360281600,2017-12-28 08:22:09.575143,0.0,0.0
73,73.0,73.0,0.0,1,JordanManual,CCCAGG,0.0,0.0,0.0,IND,1360540800,2017-12-28 08:22:09.575143,0.0,0.0
74,74.0,74.0,0.0,1,JordanManual,CCCAGG,0.0,0.0,0.0,IND,1360800000,2017-12-28 08:22:09.575143,0.0,0.0
75,75.0,75.0,0.0,1,JordanManual,CCCAGG,0.0,0.0,0.0,IND,1361059200,2017-12-28 08:22:09.575143,0.0,0.0
76,76.0,76.0,0.0,1,JordanManual,CCCAGG,0.0,0.0,0.0,IND,1361318400,2017-12-28 08:22:09.575143,0.0,0.0
77,77.0,77.0,0.0,1,JordanManual,CCCAGG,0.0,0.0,0.0,IND,1361577600,2017-12-28 08:22:09.575143,0.0,0.0
78,78.0,78.0,0.0,1,JordanManual,CCCAGG,0.0,0.0,0.0,IND,1361836800,2017-12-28 08:22:09.575143,0.0,0.0
79,79.0,79.0,0.0,1,JordanManual,CCCAGG,0.0,0.0,0.0,IND,1362096000,2017-12-28 08:22:09.575143,0.0,0.0
80,80.0,80.0,0.0,1,JordanManual,CCCAGG,0.0,0.0,0.0,IND,1362355200,2017-12-28 08:22:09.575143,0.0,0.0
81,81.0,81.0,0.0,1,JordanManual,CCCAGG,0.0,0.0,0.0,IND,1362614400,2017-12-28 08:22:09.575143,0.0,0.0
82,82.0,82.0,0.0,1,JordanManual,CCCAGG,0.0,0.0,0.0,IND,1362873600,2017-12-28 08:22:09.575143,0.0,0.0
83,83.0,83.0,0.0,1,JordanManual,CCCAGG,0.0,0.0,0.0,IND,1363132800,2017-12-28 08:22:09.575143,0.0,0.0
84,84.0,84.0,0.0,1,JordanManual,CCCAGG,0.0,0.0,0.0,IND,1363392000,2017-12-28 08:22:09.575143,0.0,0.0
85,85.0,85.0,0.0,1,JordanManual,CCCAGG,0.0,0.0,0.0,IND,1363651200,2017-12-28 08:22:09.575143,0.0,0.0
86,86.0,86.0,0.0,1,JordanManual,CCCAGG,0.0,0.0,0.0,IND,1363910400,2017-12-28 08:22:09.575143,0.0,0.0
87,87.0,87.0,0.0,1,JordanManual,CCCAGG,0.0,0.0,0.0,IND,1364169600,2017-12-28 08:22:09.575143,0.0,0.0
88,88.0,88.0,0.0,1,JordanManual,CCCAGG,0.0,0.0,0.0,IND,1364428800,2017-12-28 08:22:09.575143,0.0,0.0
89,89.0,89.0,0.0,1,JordanManual,CCCAGG,0.0,0.0,0.0,IND,1364688000,2017-12-28 08:22:09.575143,0.0,0.0
90,90.0,90.0,0.0,1,JordanManual,CCCAGG,0.0,0.0,0.0,IND,1364947200,2017-12-28 08:22:09.575143,0.0,0.0
91,91.0,91.0,0.0,1,JordanManual,CCCAGG,0.0,0.0,0.0,IND,1365206400,2017-12-28 08:22:09.575143,0.0,0.0
92,92.0,92.0,0.0,1,JordanManual,CCCAGG,0.0,0.0,0.0,IND,1365465600,2017-12-28 08:22:09.575143,0.0,0.0
93,93.0,93.0,0.0,1,JordanManual,CCCAGG,0.0,0.0,0.0,IND,1365724800,2017-12-28 08:22:09.575143,0.0,0.0
94,94.0,94.0,0.0,1,JordanManual,CCCAGG,0.0,0.0,0.0,IND,1365984000,2017-12-28 08:22:09.575143,0.0,0.0
95,95.0,95.0,0.0,1,JordanManual,CCCAGG,0.0,0.0,0.0,IND,1366243200,2017-12-28 08:22:09.575143,0.0,0.0
96,96.0,96.0,0.0,1,JordanManual,CCCAGG,0.0,0.0,0.0,IND,1366502400,2017-12-28 08:22:09.575143,0.0,0.0
97,97.0,97.0,0.0,1,JordanManual,CCCAGG,0.0,0.0,0.0,IND,1366761600,2017-12-28 08:22:09.575143,0.0,0.0
98,98.0,98.0,0.0,1,JordanManual,CCCAGG,0.0,0.0,0.0,IND,1367020800,2017-12-28 08:22:09.575143,0.0,0.0
99,99.0,99.0,0.0,1,JordanManual,CCCAGG,0.0,0.0,0.0,IND,1367280000,2017-12-28 08:22:09.575143,0.0,0.0
100,100.0,100.0,0.0,1,JordanManual,CCCAGG,0.0,0.0,0.0,IND,1367539200,2017-12-28 08:22:09.575143,0.0,0.0
101,101.0,101.0,0.0,1,JordanManual,CCCAGG,0.0,0.0,0.0,IND,1367798400,2017-12-28 08:22:09.575143,0.0,0.0
102,102.0,102.0,0.0,1,JordanManual,CCCAGG,0.0,0.0,0.0,IND,1368057600,2017-12-28 08:22:09.575143,0.0,0.0
103,103.0,103.0,0.0,1,JordanManual,CCCAGG,0.0,0.0,0.0,IND,1368316800,2017-12-28 08:22:09.575143,0.0,0.0
104,104.0,104.0,0.0,1,JordanManual,CCCAGG,0.0,0.0,0.0,IND,1368576000,2017-12-28 08:22:09.575143,0.0,0.0
105,105.0,105.0,0.0,1,JordanManual,CCCAGG,0.0,0.0,0.0,IND,1368835200,2017-12-28 08:22:09.575143,0.0,0.0
106,106.0,106.0,0.0,1,JordanManual,CCCAGG,0.0,0.0,0.0,IND,1369094400,2017-12-28 08:22:09.575143,0.0,0.0
107,107.0,107.0,0.0,1,JordanManual,CCCAGG,0.0,0.0,0.0,IND,1369353600,2017-12-28 08:22:09.575143,0.0,0.0
108,108.0,108.0,0.0,1,JordanManual,CCCAGG,0.0,0.0,0.0,IND,1369612800,2017-12-28 08:22:09.575143,0.0,0.0
109,109.0,109.0,0.0,1,JordanManual,CCCAGG,0.0,0.0,0.0,IND,1369872000,2017-12-28 08:22:09.575143,0.0,0.0
110,110.0,110.0,0.0,1,JordanManual,CCCAGG,0.0,0.0,0.0,IND,1370131200,2017-12-28 08:22:09.575143,0.0,0.0
111,111.0,111.0,0.0,1,JordanManual,CCCAGG,0.0,0.0,0.0,IND,1370390400,2017-12-28 08:22:09.575143,0.0,0.0
112,112.0,112.0,0.0,1,JordanManual,CCCAGG,0.0,0.0,0.0,IND,1370649600,2017-12-28 08:22:09.575143,0.0,0.0
113,113.0,113.0,0.0,1,JordanManual,CCCAGG,0.0,0.0,0.0,IND,1370908800,2017-12-28 08:22:09.575143,0.0,0.0
114,114.0,114.0,0.0,1,JordanManual,CCCAGG,0.0,0.0,0.0,IND,1371168000,2017-12-28 08:22:09.575143,0.0,0.0
115,115.0,115.0,0.0,1,JordanManual,CCCAGG,0.0,0.0,0.0,IND,1371427200,2017-12-28 08:22:09.575143,0.0,0.0
116,116.0,116.0,0.0,1,JordanManual,CCCAGG,0.0,0.0,0.0,IND,1371686400,2017-12-28 08:22:09.575143,0.0,0.0
117,117.0,117.0,0.0,1,JordanManual,CCCAGG,0.0,0.0,0.0,IND,1371945600,2017-12-28 08:22:09.575143,0.0,0.0
118,118.0,118.0,0.0,1,JordanManual,CCCAGG,0.0,0.0,0.0,IND,1372204800,2017-12-28 08:22:09.575143,0.0,0.0
119,119.0,119.0,0.0,1,JordanManual,CCCAGG,0.0,0.0,0.0,IND,1372464000,2017-12-28 08:22:09.575143,0.0,0.0
120,120.0,120.0,0.0,1,JordanManual,CCCAGG,0.0,0.0,0.0,IND,1372723200,2017-12-28 08:22:09.575143,0.0,0.0
121,121.0,121.0,0.0,1,JordanManual,CCCAGG,0.0,0.0,0.0,IND,1372982400,2017-12-28 08:22:09.575143,0.0,0.0
122,122.0,122.0,0.0,1,JordanManual,CCCAGG,0.0,0.0,0.0,IND,1373241600,2017-12-28 08:22:09.575143,0.0,0.0
123,123.0,123.0,0.0,1,JordanManual,CCCAGG,0.0,0.0,0.0,IND,1373500800,2017-12-28 08:22:09.575143,0.0,0.0
124,124.0,124.0,0.0,1,JordanManual,CCCAGG,0.0,0.0,0.0,IND,1373760000,2017-12-28 08:22:09.575143,0.0,0.0
125,125.0,125.0,0.0,1,JordanManual,CCCAGG,0.0,0.0,0.0,IND,1374019200,2017-12-28 08:22:09.575143,0.0,0.0
126,126.0,126.0,0.0,1,JordanManual,CCCAGG,0.0,0.0,0.0,IND,1374278400,2017-12-28 08:22:09.575143,0.0,0.0
127,127.0,127.0,0.0,1,JordanManual,CCCAGG,0.0,0.0,0.0,IND,1374537600,2017-12-28 08:22:09.575143,0.0,0.0
128,128.0,128.0,0.0,1,JordanManual,CCCAGG,0.0,0.0,0.0,IND,1374796800,2017-12-28 08:22:09.575143,0.0,0.0
129,129.0,129.0,0.0,1,JordanManual,CCCAGG,0.0,0.0,0.0,IND,1375056000,2017-12-28 08:22:09.575143,0.0,0.0
130,130.0,130.0,0.0,1,JordanManual,CCCAGG,0.0,0.0,0.0,IND,1375315200,2017-12-28 08:22:09.575143,0.0,0.0
131,131.0,131.0,0.0,1,JordanManual,CCCAGG,0.0,0.0,0.0,IND,1375574400,2017-12-28 08:22:09.575143,0.0,0.0
132,132.0,132.0,0.0,1,JordanManual,CCCAGG,0.0,0.0,0.0,IND,1375833600,2017-12-28 08:22:09.575143,0.0,0.0
133,133.0,133.0,0.0,1,JordanManual,CCCAGG,0.0,0.0,0.0,IND,1376092800,2017-12-28 08:22:09.575143,0.0,0.0
134,134.0,134.0,0.0,1,JordanManual,CCCAGG,0.0,0.0,0.0,IND,1376352000,2017-12-28 08:22:09.575143,0.0,0.0
135,135.0,135.0,0.0,1,JordanManual,CCCAGG,0.0,0.0,0.0,IND,1376611200,2017-12-28 08:22:09.575143,0.0,0.0
136,136.0,136.0,0.0,1,JordanManual,CCCAGG,0.0,0.0,0.0,IND,1376870400,2017-12-28 08:22:09.575143,0.0,0.0
137,137.0,137.0,0.0,1,JordanManual,CCCAGG,0.0,0.0,0.0,IND,1377129600,2017-12-28 08:22:09.575143,0.0,0.0
138,138.0,138.0,0.0,1,JordanManual,CCCAGG,0.0,0.0,0.0,IND,1377388800,2017-12-28 08:22:09.575143,0.0,0.0
139,139.0,139.0,0.0,1,JordanManual,CCCAGG,0.0,0.0,0.0,IND,1377648000,2017-12-28 08:22:09.575143,0.0,0.0
140,140.0,140.0,0.0,1,JordanManual,CCCAGG,0.0,0.0,0.0,IND,1377907200,2017-12-28 08:22:09.575143,0.0,0.0
141,141.0,141.0,0.0,1,JordanManual,CCCAGG,0.0,0.0,0.0,IND,1378166400,2017-12-28 08:22:09.575143,0.0,0.0
142,142.0,142.0,0.0,1,JordanManual,CCCAGG,0.0,0.0,0.0,IND,1378425600,2017-12-28 08:22:09.575143,0.0,0.0
143,143.0,143.0,0.0,1,JordanManual,CCCAGG,0.0,0.0,0.0,IND,1378684800,2017-12-28 08:22:09.575143,0.0,0.0
144,144.0,144.0,0.0,1,JordanManual,CCCAGG,0.0,0.0,0.0,IND,1378944000,2017-12-28 08:22:09.575143,0.0,0.0
145,145.0,145.0,0.0,1,JordanManual,CCCAGG,0.0,0.0,0.0,IND,1379203200,2017-12-28 08:22:09.575143,0.0,0.0
146,146.0,146.0,0.0,1,JordanManual,CCCAGG,0.0,0.0,0.0,IND,1379462400,2017-12-28 08:22:09.575143,0.0,0.0
147,147.0,147.0,0.0,1,JordanManual,CCCAGG,0.0,0.0,0.0,IND,1379721600,2017-12-28 08:22:09.575143,0.0,0.0
148,148.0,148.0,0.0,1,JordanManual,CCCAGG,0.0,0.0,0.0,IND,1379980800,2017-12-28 08:22:09.575143,0.0,0.0
149,149.0,149.0,0.0,1,JordanManual,CCCAGG,0.0,0.0,0.0,IND,1380240000,2017-12-28 08:22:09.575143,0.0,0.0
150,150.0,150.0,0.0,1,JordanManual,CCCAGG,0.0,0.0,0.0,IND,1380499200,2017-12-28 08:22:09.575143,0.0,0.0
151,151.0,151.0,0.0,1,JordanManual,CCCAGG,0.0,0.0,0.0,IND,1380758400,2017-12-28 08:22:09.575143,0.0,0.0
152,152.0,152.0,0.0,1,JordanManual,CCCAGG,0.0,0.0,0.0,IND,1381017600,2017-12-28 08:22:09.575143,0.0,0.0
153,153.0,153.0,0.0,1,JordanManual,CCCAGG,0.0,0.0,0.0,IND,1381276800,2017-12-28 08:22:09.575143,0.0,0.0
154,154.0,154.0,0.0,1,JordanManual,CCCAGG,0.0,0.0,0.0,IND,1381536000,2017-12-28 08:22:09.575143,0.0,0.0
155,155.0,155.0,0.0,1,JordanManual,CCCAGG,0.0,0.0,0.0,IND,1381795200,2017-12-28 08:22:09.575143,0.0,0.0
156,156.0,156.0,0.0,1,JordanManual,CCCAGG,0.0,0.0,0.0,IND,1382054400,2017-12-28 08:22:09.575143,0.0,0.0
157,157.0,157.0,0.0,1,JordanManual,CCCAGG,0.0,0.0,0.0,IND,1382313600,2017-12-28 08:22:09.575143,0.0,0.0
158,158.0,158.0,0.0,1,JordanManual,CCCAGG,0.0,0.0,0.0,IND,1382572800,2017-12-28 08:22:09.575143,0.0,0.0
159,159.0,159.0,0.0,1,JordanManual,CCCAGG,0.0,0.0,0.0,IND,1382832000,2017-12-28 08:22:09.575143,0.0,0.0
160,160.0,160.0,0.0,1,JordanManual,CCCAGG,0.0,0.0,0.0,IND,1383091200,2017-12-28 08:22:09.575143,0.0,0.0
161,161.0,161.0,0.0,1,JordanManual,CCCAGG,0.0,0.0,0.0,IND,1383350400,2017-12-28 08:22:09.575143,0.0,0.0
162,162.0,162.0,0.0,1,JordanManual,CCCAGG,0.0,0.0,0.0,IND,1383609600,2017-12-28 08:22:09.575143,0.0,0.0
163,163.0,163.0,0.0,1,JordanManual,CCCAGG,0.0,0.0,0.0,IND,1383868800,2017-12-28 08:22:09.575143,0.0,0.0
164,164.0,164.0,0.0,1,JordanManual,CCCAGG,0.0,0.0,0.0,IND,1384128000,2017-12-28 08:22:09.575143,0.0,0.0
165,165.0,165.0,0.0,1,JordanManual,CCCAGG,0.0,0.0,0.0,IND,1384387200,2017-12-28 08:22:09.575143,0.0,0.0
166,166.0,166.0,0.0,1,JordanManual,CCCAGG,0.0,0.0,0.0,IND,1384646400,2017-12-28 08:22:09.575143,0.0,0.0
167,167.0,167.0,0.0,1,JordanManual,CCCAGG,0.0,0.0,0.0,IND,1384905600,2017-12-28 08:22:09.575143,0.0,0.0
168,168.0,168.0,0.0,1,JordanManual,CCCAGG,0.0,0.0,0.0,IND,1385164800,2017-12-28 08:22:09.575143,0.0,0.0
169,169.0,169.0,0.0,1,JordanManual,CCCAGG,0.0,0.0,0.0,IND,1385424000,2017-12-28 08:22:09.575143,0.0,0.0
170,170.0,170.0,0.0,1,JordanManual,CCCAGG,0.0,0.0,0.0,IND,1385683200,2017-12-28 08:22:09.575143,0.0,0.0
171,171.0,171.0,0.0,1,JordanManual,CCCAGG,0.0,0.0,0.0,IND,1385942400,2017-12-28 08:22:09.575143,0.0,0.0
172,172.0,172.0,0.0,1,JordanManual,CCCAGG,0.0,0.0,0.0,IND,1386201600,2017-12-28 08:22:09.575143,0.0,0.0
173,173.0,173.0,0.0,1,JordanManual,CCCAGG,0.0,0.0,0.0,IND,1386460800,2017-12-28 08:22:09.575143,0.0,0.0
174,174.0,174.0,0.0,1,JordanManual,CCCAGG,0.0,0.0,0.0,IND,1386720000,2017-12-28 08:22:09.575143,0.0,0.0
175,175.0,175.0,0.0,1,JordanManual,CCCAGG,0.0,0.0,0.0,IND,1386979200,2017-12-28 08:22:09.575143,0.0,0.0
176,176.0,176.0,0.0,1,JordanManual,CCCAGG,0.0,0.0,0.0,IND,1387238400,2017-12-28 08:22:09.575143,0.0,0.0
177,177.0,177.0,0.0,1,JordanManual,CCCAGG,0.0,0.0,0.0,IND,1387497600,2017-12-28 08:22:09.575143,0.0,0.0
178,178.0,178.0,0.0,1,JordanManual,CCCAGG,0.0,0.0,0.0,IND,1387756800,2017-12-28 08:22:09.575143,0.0,0.0
179,179.0,179.0,0.0,1,JordanManual,CCCAGG,0.0,0.0,0.0,IND,1388016000,2017-12-28 08:22:09.575143,0.0,0.0
180,180.0,180.0,0.0,1,JordanManual,CCCAGG,0.0,0.0,0.0,IND,1388275200,2017-12-28 08:22:09.575143,0.0,0.0
181,181.0,181.0,0.0,1,JordanManual,CCCAGG,0.0,0.0,0.0,IND,1388534400,2017-12-28 08:22:09.575143,0.0,0.0
182,182.0,182.0,0.0,1,JordanManual,CCCAGG,0.0,0.0,0.0,IND,1388793600,2017-12-28 08:22:09.575143,0.0,0.0
183,183.0,183.0,0.0,1,JordanManual,CCCAGG,0.0,0.0,0.0,IND,1389052800,2017-12-28 08:22:09.575143,0.0,0.0
184,184.0,184.0,0.0,1,JordanManual,CCCAGG,0.0,0.0,0.0,IND,1389312000,2017-12-28 08:22:09.575143,0.0,0.0
185,185.0,185.0,0.0,1,JordanManual,CCCAGG,0.0,0.0,0.0,IND,1389571200,2017-12-28 08:22:09.575143,0.0,0.0
186,186.0,186.0,0.0,1,JordanManual,CCCAGG,0.0,0.0,0.0,IND,1389830400,2017-12-28 08:22:09.575143,0.0,0.0
187,187.0,187.0,0.0,1,JordanManual,CCCAGG,0.0,0.0,0.0,IND,1390089600,2017-12-28 08:22:09.575143,0.0,0.0
188,188.0,188.0,0.0,1,JordanManual,CCCAGG,0.0,0.0,0.0,IND,1390348800,2017-12-28 08:22:09.575143,0.0,0.0
189,189.0,189.0,0.0,1,JordanManual,CCCAGG,0.0,0.0,0.0,IND,1390608000,2017-12-28 08:22:09.575143,0.0,0.0
190,190.0,190.0,0.0,1,JordanManual,CCCAGG,0.0,0.0,0.0,IND,1390867200,2017-12-28 08:22:09.575143,0.0,0.0
191,191.0,191.0,0.0,1,JordanManual,CCCAGG,0.0,0.0,0.0,IND,1391126400,2017-12-28 08:22:09.575143,0.0,0.0
192,192.0,192.0,0.0,1,JordanManual,CCCAGG,0.0,0.0,0.0,IND,1391385600,2017-12-28 08:22:09.575143,0.0,0.0
193,193.0,193.0,0.0,1,JordanManual,CCCAGG,0.0,0.0,0.0,IND,1391644800,2017-12-28 08:22:09.575143,0.0,0.0
194,194.0,194.0,0.0,1,JordanManual,CCCAGG,0.0,0.0,0.0,IND,1391904000,2017-12-28 08:22:09.575143,0.0,0.0
195,195.0,195.0,0.0,1,JordanManual,CCCAGG,0.0,0.0,0.0,IND,1392163200,2017-12-28 08:22:09.575143,0.0,0.0
196,196.0,196.0,0.0,1,JordanManual,CCCAGG,0.0,0.0,0.0,IND,1392422400,2017-12-28 08:22:09.575143,0.0,0.0
197,197.0,197.0,0.0,1,JordanManual,CCCAGG,0.0,0.0,0.0,IND,1392681600,2017-12-28 08:22:09.575143,0.0,0.0
198,198.0,198.0,0.0,1,JordanManual,CCCAGG,0.0,0.0,0.0,IND,1392940800,2017-12-28 08:22:09.575143,0.0,0.0
199,199.0,199.0,0.0,1,JordanManual,CCCAGG,0.0,0.0,0.0,IND,1393200000,2017-12-28 08:22:09.575143,0.0,0.0
200,200.0,200.0,0.0,1,JordanManual,CCCAGG,0.0,0.0,0.0,IND,1393459200,2017-12-28 08:22:09.575143,0.0,0.0
201,201.0,201.0,0.0,1,JordanManual,CCCAGG,0.0,0.0,0.0,IND,1393718400,2017-12-28 08:22:09.575143,0.0,0.0
202,202.0,202.0,0.0,1,JordanManual,CCCAGG,0.0,0.0,0.0,IND,1393977600,2017-12-28 08:22:09.575143,0.0,0.0
203,203.0,203.0,0.0,1,JordanManual,CCCAGG,0.0,0.0,0.0,IND,1394236800,2017-12-28 08:22:09.575143,0.0,0.0
204,204.0,204.0,0.0,1,JordanManual,CCCAGG,0.0,0.0,0.0,IND,1394496000,2017-12-28 08:22:09.575143,0.0,0.0
205,205.0,205.0,0.0,1,JordanManual,CCCAGG,0.0,0.0,0.0,IND,1394755200,2017-12-28 08:22:09.575143,0.0,0.0
206,206.0,206.0,0.0,1,JordanManual,CCCAGG,0.0,0.0,0.0,IND,1395014400,2017-12-28 08:22:09.575143,0.0,0.0
207,207.0,207.0,0.0,1,JordanManual,CCCAGG,0.0,0.0,0.0,IND,1395273600,2017-12-28 08:22:09.575143,0.0,0.0
208,208.0,208.0,0.0,1,JordanManual,CCCAGG,0.0,0.0,0.0,IND,1395532800,2017-12-28 08:22:09.575143,0.0,0.0
209,209.0,209.0,0.0,1,JordanManual,CCCAGG,0.0,0.0,0.0,IND,1395792000,2017-12-28 08:22:09.575143,0.0,0.0
210,210.0,210.0,0.0,1,JordanManual,CCCAGG,0.0,0.0,0.0,IND,1396051200,2017-12-28 08:22:09.575143,0.0,0.0
211,211.0,211.0,0.0,1,JordanManual,CCCAGG,0.0,0.0,0.0,IND,1396310400,2017-12-28 08:22:09.575143,0.0,0.0
212,212.0,212.0,0.0,1,JordanManual,CCCAGG,0.0,0.0,0.0,IND,1396569600,2017-12-28 08:22:09.575143,0.0,0.0
213,213.0,213.0,0.0,1,JordanManual,CCCAGG,0.0,0.0,0.0,IND,1396828800,2017-12-28 08:22:09.575143,0.0,0.0
214,214.0,214.0,0.0,1,JordanManual,CCCAGG,0.0,0.0,0.0,IND,1397088000,2017-12-28 08:22:09.575143,0.0,0.0
215,215.0,215.0,0.0,1,JordanManual,CCCAGG,0.0,0.0,0.0,IND,1397347200,2017-12-28 08:22:09.575143,0.0,0.0
216,216.0,216.0,0.0,1,JordanManual,CCCAGG,0.0,0.0,0.0,IND,1397606400,2017-12-28 08:22:09.575143,0.0,0.0
217,217.0,217.0,0.0,1,JordanManual,CCCAGG,0.0,0.0,0.0,IND,1397865600,2017-12-28 08:22:09.575143,0.0,0.0
218,218.0,218.0,0.0,1,JordanManual,CCCAGG,0.0,0.0,0.0,IND,1398124800,2017-12-28 08:22:09.575143,0.0,0.0
219,219.0,219.0,0.0,1,JordanManual,CCCAGG,0.0,0.0,0.0,IND,1398384000,2017-12-28 08:22:09.575143,0.0,0.0
220,220.0,220.0,0.0,1,JordanManual,CCCAGG,0.0,0.0,0.0,IND,1398643200,2017-12-28 08:22:09.575143,0.0,0.0
221,221.0,221.0,0.0,1,JordanManual,CCCAGG,0.0,0.0,0.0,IND,1398902400,2017-12-28 08:22:09.575143,0.0,0.0
222,222.0,222.0,0.0,1,JordanManual,CCCAGG,0.0,0.0,0.0,IND,1399161600,2017-12-28 08:22:09.575143,0.0,0.0
223,223.0,223.0,0.0,1,JordanManual,CCCAGG,0.0,0.0,0.0,IND,1399420800,2017-12-28 08:22:09.575143,0.0,0.0
224,224.0,224.0,0.0,1,JordanManual,CCCAGG,0.0,0.0,0.0,IND,1399680000,2017-12-28 08:22:09.575143,0.0,0.0
225,225.0,225.0,0.0,1,JordanManual,CCCAGG,0.0,0.0,0.0,IND,1399939200,2017-12-28 08:22:09.575143,0.0,0.0
226,226.0,226.0,0.0,1,JordanManual,CCCAGG,0.0,0.0,0.0,IND,1400198400,2017-12-28 08:22:09.575143,0.0,0.0
227,227.0,227.0,0.0,1,JordanManual,CCCAGG,0.0,0.0,0.0,IND,1400457600,2017-12-28 08:22:09.575143,0.0,0.0
228,228.0,228.0,0.0,1,JordanManual,CCCAGG,0.0,0.0,0.0,IND,1400716800,2017-12-28 08:22:09.575143,0.0,0.0
229,229.0,229.0,0.0,1,JordanManual,CCCAGG,0.0,0.0,0.0,IND,1400976000,2017-12-28 08:22:09.575143,0.0,0.0
230,230.0,230.0,0.0,1,JordanManual,CCCAGG,0.0,0.0,0.0,IND,1401235200,2017-12-28 08:22:09.575143,0.0,0.0
231,231.0,231.0,0.0,1,JordanManual,CCCAGG,0.0,0.0,0.0,IND,1401494400,2017-12-28 08:22:09.575143,0.0,0.0
232,232.0,232.0,0.0,1,JordanManual,CCCAGG,0.0,0.0,0.0,IND,1401753600,2017-12-28 08:22:09.575143,0.0,0.0
233,233.0,233.0,0.0,1,JordanManual,CCCAGG,0.0,0.0,0.0,IND,1402012800,2017-12-28 08:22:09.575143,0.0,0.0
234,234.0,234.0,0.0,1,JordanManual,CCCAGG,0.0,0.0,0.0,IND,1402272000,2017-12-28 08:22:09.575143,0.0,0.0
235,235.0,235.0,0.0,1,JordanManual,CCCAGG,0.0,0.0,0.0,IND,1402531200,2017-12-28 08:22:09.575143,0.0,0.0
236,236.0,236.0,0.0,1,JordanManual,CCCAGG,0.0,0.0,0.0,IND,1402790400,2017-12-28 08:22:09.575143,0.0,0.0
237,237.0,237.0,0.0,1,JordanManual,CCCAGG,0.0,0.0,0.0,IND,1403049600,2017-12-28 08:22:09.575143,0.0,0.0
238,238.0,238.0,0.0,1,JordanManual,CCCAGG,0.0,0.0,0.0,IND,1403308800,2017-12-28 08:22:09.575143,0.0,0.0
239,239.0,239.0,0.0,1,JordanManual,CCCAGG,0.0,0.0,0.0,IND,1403568000,2017-12-28 08:22:09.575143,0.0,0.0
240,240.0,240.0,0.0,1,JordanManual,CCCAGG,0.0,0.0,0.0,IND,1403827200,2017-12-28 08:22:09.575143,0.0,0.0
241,241.0,241.0,0.0,1,JordanManual,CCCAGG,0.0,0.0,0.0,IND,1404086400,2017-12-28 08:22:09.575143,0.0,0.0
242,242.0,242.0,0.0,1,JordanManual,CCCAGG,0.0,0.0,0.0,IND,1404345600,2017-12-28 08:22:09.575143,0.0,0.0
243,243.0,243.0,0.0,1,JordanManual,CCCAGG,0.0,0.0,0.0,IND,1404604800,2017-12-28 08:22:09.575143,0.0,0.0
244,244.0,244.0,0.0,1,JordanManual,CCCAGG,0.0,0.0,0.0,IND,1404864000,2017-12-28 08:22:09.575143,0.0,0.0
245,245.0,245.0,0.0,1,JordanManual,CCCAGG,0.0,0.0,0.0,IND,1405123200,2017-12-28 08:22:09.575143,0.0,0.0
246,246.0,246.0,0.0,1,JordanManual,CCCAGG,0.0,0.0,0.0,IND,1405382400,2017-12-28 08:22:09.575143,0.0,0.0
247,247.0,247.0,0.0,1,JordanManual,CCCAGG,0.0,0.0,0.0,IND,1405641600,2017-12-28 08:22:09.575143,0.0,0.0
248,248.0,248.0,0.0,1,JordanManual,CCCAGG,0.0,0.0,0.0,IND,1405900800,2017-12-28 08:22:09.575143,0.0,0.0
249,249.0,249.0,0.0,1,JordanManual,CCCAGG,0.0,0.0,0.0,IND,1406160000,2017-12-28 08:22:09.575143,0.0,0.0
250,250.0,250.0,0.0,1,JordanManual,CCCAGG,0.0,0.0,0.0,IND,1406419200,2017-12-28 08:22:09.575143,0.0,0.0
251,251.0,251.0,0.0,1,JordanManual,CCCAGG,0.0,0.0,0.0,IND,1406678400,2017-12-28 08:22:09.575143,0.0,0.0
252,252.0,252.0,0.0,1,JordanManual,CCCAGG,0.0,0.0,0.0,IND,1406937600,2017-12-28 08:22:09.575143,0.0,0.0
253,253.0,253.0,0.0,1,JordanManual,CCCAGG,0.0,0.0,0.0,IND,1407196800,2017-12-28 08:22:09.575143,0.0,0.0
254,254.0,254.0,0.0,1,JordanManual,CCCAGG,0.0,0.0,0.0,IND,1407456000,2017-12-28 08:22:09.575143,0.0,0.0
255,255.0,255.0,0.0,1,JordanManual,CCCAGG,0.0,0.0,0.0,IND,1407715200,2017-12-28 08:22:09.575143,0.0,0.0
256,256.0,256.0,0.0,1,JordanManual,CCCAGG,0.0,0.0,0.0,IND,1407974400,2017-12-28 08:22:09.575143,0.0,0.0
257,257.0,257.0,0.0,1,JordanManual,CCCAGG,0.0,0.0,0.0,IND,1408233600,2017-12-28 08:22:09.575143,0.0,0.0
258,258.0,258.0,0.0,1,JordanManual,CCCAGG,0.0,0.0,0.0,IND,1408492800,2017-12-28 08:22:09.575143,0.0,0.0
259,259.0,259.0,0.0,1,JordanManual,CCCAGG,0.0,0.0,0.0,IND,1408752000,2017-12-28 08:22:09.575143,0.0,0.0
260,260.0,260.0,0.0,1,JordanManual,CCCAGG,0.0,0.0,0.0,IND,1409011200,2017-12-28 08:22:09.575143,0.0,0.0
261,261.0,261.0,0.0,1,JordanManual,CCCAGG,0.0,0.0,0.0,IND,1409270400,2017-12-28 08:22:09.575143,0.0,0.0
262,262.0,262.0,0.0,1,JordanManual,CCCAGG,0.0,0.0,0.0,IND,1409529600,2017-12-28 08:22:09.575143,0.0,0.0
263,263.0,263.0,0.0,1,JordanManual,CCCAGG,0.0,0.0,0.0,IND,1409788800,2017-12-28 08:22:09.575143,0.0,0.0
264,264.0,264.0,0.0,1,JordanManual,CCCAGG,0.0,0.0,0.0,IND,1410048000,2017-12-28 08:22:09.575143,0.0,0.0
265,265.0,265.0,0.0,1,JordanManual,CCCAGG,0.0,0.0,0.0,IND,1410307200,2017-12-28 08:22:09.575143,0.0,0.0
266,266.0,266.0,0.0,1,JordanManual,CCCAGG,0.0,0.0,0.0,IND,1410566400,2017-12-28 08:22:09.575143,0.0,0.0
267,267.0,267.0,0.0,1,JordanManual,CCCAGG,0.0,0.0,0.0,IND,1410825600,2017-12-28 08:22:09.575143,0.0,0.0
268,268.0,268.0,0.0,1,JordanManual,CCCAGG,0.0,0.0,0.0,IND,1411084800,2017-12-28 08:22:09.575143,0.0,0.0
269,269.0,269.0,0.0,1,JordanManual,CCCAGG,0.0,0.0,0.0,IND,1411344000,2017-12-28 08:22:09.575143,0.0,0.0
270,270.0,270.0,0.0,1,JordanManual,CCCAGG,0.0,0.0,0.0,IND,1411603200,2017-12-28 08:22:09.575143,0.0,0.0
271,271.0,271.0,0.0,1,JordanManual,CCCAGG,0.0,0.0,0.0,IND,1411862400,2017-12-28 08:22:09.575143,0.0,0.0
272,272.0,272.0,0.0,1,JordanManual,CCCAGG,0.0,0.0,0.0,IND,1412121600,2017-12-28 08:22:09.575143,0.0,0.0
273,273.0,273.0,0.0,1,JordanManual,CCCAGG,0.0,0.0,0.0,IND,1412380800,2017-12-28 08:22:09.575143,0.0,0.0
274,274.0,274.0,0.0,1,JordanManual,CCCAGG,0.0,0.0,0.0,IND,1412640000,2017-12-28 08:22:09.575143,0.0,0.0
275,275.0,275.0,0.0,1,JordanManual,CCCAGG,0.0,0.0,0.0,IND,1412899200,2017-12-28 08:22:09.575143,0.0,0.0
276,276.0,276.0,0.0,1,JordanManual,CCCAGG,0.0,0.0,0.0,IND,1413158400,2017-12-28 08:22:09.575143,0.0,0.0
277,277.0,277.0,0.0,1,JordanManual,CCCAGG,0.0,0.0,0.0,IND,1413417600,2017-12-28 08:22:09.575143,0.0,0.0
278,278.0,278.0,0.0,1,JordanManual,CCCAGG,0.0,0.0,0.0,IND,1413676800,2017-12-28 08:22:09.575143,0.0,0.0
279,279.0,279.0,0.0,1,JordanManual,CCCAGG,0.0,0.0,0.0,IND,1413936000,2017-12-28 08:22:09.575143,0.0,0.0
280,280.0,280.0,0.0,1,JordanManual,CCCAGG,0.0,0.0,0.0,IND,1414195200,2017-12-28 08:22:09.575143,0.0,0.0
281,281.0,281.0,0.0,1,JordanManual,CCCAGG,0.0,0.0,0.0,IND,1414454400,2017-12-28 08:22:09.575143,0.0,0.0
282,282.0,282.0,0.0,1,JordanManual,CCCAGG,0.0,0.0,0.0,IND,1414713600,2017-12-28 08:22:09.575143,0.0,0.0
283,283.0,283.0,0.0,1,JordanManual,CCCAGG,0.0,0.0,0.0,IND,1414972800,2017-12-28 08:22:09.575143,0.0,0.0
284,284.0,284.0,0.0,1,JordanManual,CCCAGG,0.0,0.0,0.0,IND,1415232000,2017-12-28 08:22:09.575143,0.0,0.0
285,285.0,285.0,0.0,1,JordanManual,CCCAGG,0.0,0.0,0.0,IND,1415491200,2017-12-28 08:22:09.575143,0.0,0.0
286,286.0,286.0,0.0,1,JordanManual,CCCAGG,0.0,0.0,0.0,IND,1415750400,2017-12-28 08:22:09.575143,0.0,0.0
287,287.0,287.0,0.0,1,JordanManual,CCCAGG,0.0,0.0,0.0,IND,1416009600,2017-12-28 08:22:09.575143,0.0,0.0
288,288.0,288.0,0.0,1,JordanManual,CCCAGG,0.0,0.0,0.0,IND,1416268800,2017-12-28 08:22:09.575143,0.0,0.0
289,289.0,289.0,0.0,1,JordanManual,CCCAGG,0.0,0.0,0.0,IND,1416528000,2017-12-28 08:22:09.575143,0.0,0.0
290,290.0,290.0,0.0,1,JordanManual,CCCAGG,0.0,0.0,0.0,IND,1416787200,2017-12-28 08:22:09.575143,0.0,0.0
291,291.0,291.0,0.0,1,JordanManual,CCCAGG,0.0,0.0,0.0,IND,1417046400,2017-12-28 08:22:09.575143,0.0,0.0
292,292.0,292.0,0.0,1,JordanManual,CCCAGG,0.0,0.0,0.0,IND,1417305600,2017-12-28 08:22:09.575143,0.0,0.0
293,293.0,293.0,0.0,1,JordanManual,CCCAGG,0.0,0.0,0.0,IND,1417564800,2017-12-28 08:22:09.575143,0.0,0.0
294,294.0,294.0,0.0,1,JordanManual,CCCAGG,0.0,0.0,0.0,IND,1417824000,2017-12-28 08:22:09.575143,0.0,0.0
295,295.0,295.0,0.0,1,JordanManual,CCCAGG,0.0,0.0,0.0,IND,1418083200,2017-12-28 08:22:09.575143,0.0,0.0
296,296.0,296.0,0.0,1,JordanManual,CCCAGG,0.0,0.0,0.0,IND,1418342400,2017-12-28 08:22:09.575143,0.0,0.0
297,297.0,297.0,0.0,1,JordanManual,CCCAGG,0.0,0.0,0.0,IND,1418601600,2017-12-28 08:22:09.575143,0.0,0.0
298,298.0,298.0,0.0,1,JordanManual,CCCAGG,0.0,0.0,0.0,IND,1418860800,2017-12-28 08:22:09.575143,0.0,0.0
299,299.0,299.0,0.0,1,JordanManual,CCCAGG,0.0,0.0,0.0,IND,1419120000,2017-12-28 08:22:09.575143,0.0,0.0
300,300.0,300.0,0.0,1,JordanManual,CCCAGG,0.0,0.0,0.0,IND,1419379200,2017-12-28 08:22:09.575143,0.0,0.0
301,301.0,301.0,0.0,1,JordanManual,CCCAGG,0.0,0.0,0.0,IND,1419638400,2017-12-28 08:22:09.575143,0.0,0.0
302,302.0,302.0,0.0,1,JordanManual,CCCAGG,0.0,0.0,0.0,IND,1419897600,2017-12-28 08:22:09.575143,0.0,0.0
303,303.0,303.0,0.0,1,JordanManual,CCCAGG,0.0,0.0,0.0,IND,1420156800,2017-12-28 08:22:09.575143,0.0,0.0
304,304.0,304.0,0.0,1,JordanManual,CCCAGG,0.0,0.0,0.0,IND,1420416000,2017-12-28 08:22:09.575143,0.0,0.0
305,305.0,305.0,0.0,1,JordanManual,CCCAGG,0.0,0.0,0.0,IND,1420675200,2017-12-28 08:22:09.575143,0.0,0.0
306,306.0,306.0,0.0,1,JordanManual,CCCAGG,0.0,0.0,0.0,IND,1420934400,2017-12-28 08:22:09.575143,0.0,0.0
307,307.0,307.0,0.0,1,JordanManual,CCCAGG,0.0,0.0,0.0,IND,1421193600,2017-12-28 08:22:09.575143,0.0,0.0
308,308.0,308.0,0.0,1,JordanManual,CCCAGG,0.0,0.0,0.0,IND,1421452800,2017-12-28 08:22:09.575143,0.0,0.0
309,309.0,309.0,0.0,1,JordanManual,CCCAGG,0.0,0.0,0.0,IND,1421712000,2017-12-28 08:22:09.575143,0.0,0.0
310,310.0,310.0,0.0,1,JordanManual,CCCAGG,0.0,0.0,0.0,IND,1421971200,2017-12-28 08:22:09.575143,0.0,0.0
311,311.0,311.0,0.0,1,JordanManual,CCCAGG,0.0,0.0,0.0,IND,1422230400,2017-12-28 08:22:09.575143,0.0,0.0
312,312.0,312.0,0.0,1,JordanManual,CCCAGG,0.0,0.0,0.0,IND,1422489600,2017-12-28 08:22:09.575143,0.0,0.0
313,313.0,313.0,0.0,1,JordanManual,CCCAGG,0.0,0.0,0.0,IND,1422748800,2017-12-28 08:22:09.575143,0.0,0.0
314,314.0,314.0,0.0,1,JordanManual,CCCAGG,0.0,0.0,0.0,IND,1423008000,2017-12-28 08:22:09.575143,0.0,0.0
315,315.0,315.0,0.0,1,JordanManual,CCCAGG,0.0,0.0,0.0,IND,1423267200,2017-12-28 08:22:09.575143,0.0,0.0
316,316.0,316.0,0.0,1,JordanManual,CCCAGG,0.0,0.0,0.0,IND,1423526400,2017-12-28 08:22:09.575143,0.0,0.0
317,317.0,317.0,0.0,1,JordanManual,CCCAGG,0.0,0.0,0.0,IND,1423785600,2017-12-28 08:22:09.575143,0.0,0.0
318,318.0,318.0,0.0,1,JordanManual,CCCAGG,0.0,0.0,0.0,IND,1424044800,2017-12-28 08:22:09.575143,0.0,0.0
319,319.0,319.0,0.0,1,JordanManual,CCCAGG,0.0,0.0,0.0,IND,1424304000,2017-12-28 08:22:09.575143,0.0,0.0
320,320.0,320.0,0.0,1,JordanManual,CCCAGG,0.0,0.0,0.0,IND,1424563200,2017-12-28 08:22:09.575143,0.0,0.0
321,321.0,321.0,0.0,1,JordanManual,CCCAGG,0.0,0.0,0.0,IND,1424822400,2017-12-28 08:22:09.575143,0.0,0.0
322,322.0,322.0,0.0,1,JordanManual,CCCAGG,0.0,0.0,0.0,IND,1425081600,2017-12-28 08:22:09.575143,0.0,0.0
323,323.0,323.0,0.0,1,JordanManual,CCCAGG,0.0,0.0,0.0,IND,1425340800,2017-12-28 08:22:09.575143,0.0,0.0
324,324.0,324.0,0.0,1,JordanManual,CCCAGG,0.0,0.0,0.0,IND,1425600000,2017-12-28 08:22:09.575143,0.0,0.0
325,325.0,325.0,0.0,1,JordanManual,CCCAGG,0.0,0.0,0.0,IND,1425859200,2017-12-28 08:22:09.575143,0.0,0.0
326,326.0,326.0,0.0,1,JordanManual,CCCAGG,0.0,0.0,0.0,IND,1426118400,2017-12-28 08:22:09.575143,0.0,0.0
327,327.0,327.0,0.0,1,JordanManual,CCCAGG,0.0,0.0,0.0,IND,1426377600,2017-12-28 08:22:09.575143,0.0,0.0
328,328.0,328.0,0.0,1,JordanManual,CCCAGG,0.0,0.0,0.0,IND,1426636800,2017-12-28 08:22:09.575143,0.0,0.0
329,329.0,329.0,0.0,1,JordanManual,CCCAGG,0.0,0.0,0.0,IND,1426896000,2017-12-28 08:22:09.575143,0.0,0.0
330,330.0,330.0,0.0,1,JordanManual,CCCAGG,0.0,0.0,0.0,IND,1427155200,2017-12-28 08:22:09.575143,0.0,0.0
331,331.0,331.0,0.0,1,JordanManual,CCCAGG,0.0,0.0,0.0,IND,1427414400,2017-12-28 08:22:09.575143,0.0,0.0
332,332.0,332.0,0.0,1,JordanManual,CCCAGG,0.0,0.0,0.0,IND,1427673600,2017-12-28 08:22:09.575143,0.0,0.0
333,333.0,333.0,0.0,1,JordanManual,CCCAGG,0.0,0.0,0.0,IND,1427932800,2017-12-28 08:22:09.575143,0.0,0.0
334,334.0,334.0,0.0,1,JordanManual,CCCAGG,0.0,0.0,0.0,IND,1428192000,2017-12-28 08:22:09.575143,0.0,0.0
335,335.0,335.0,0.0,1,JordanManual,CCCAGG,0.0,0.0,0.0,IND,1428451200,2017-12-28 08:22:09.575143,0.0,0.0
336,336.0,336.0,0.0,1,JordanManual,CCCAGG,0.0,0.0,0.0,IND,1428710400,2017-12-28 08:22:09.575143,0.0,0.0
337,337.0,337.0,0.0,1,JordanManual,CCCAGG,0.0,0.0,0.0,IND,1428969600,2017-12-28 08:22:09.575143,0.0,0.0
338,338.0,338.0,0.0,1,JordanManual,CCCAGG,0.0,0.0,0.0,IND,1429228800,2017-12-28 08:22:09.575143,0.0,0.0
339,339.0,339.0,0.0,1,JordanManual,CCCAGG,0.0,0.0,0.0,IND,1429488000,2017-12-28 08:22:09.575143,0.0,0.0
340,340.0,340.0,0.0,1,JordanManual,CCCAGG,0.0,0.0,0.0,IND,1429747200,2017-12-28 08:22:09.575143,0.0,0.0
341,341.0,341.0,0.0,1,JordanManual,CCCAGG,0.0,0.0,0.0,IND,1430006400,2017-12-28 08:22:09.575143,0.0,0.0
342,342.0,342.0,0.0,1,JordanManual,CCCAGG,0.0,0.0,0.0,IND,1430265600,2017-12-28 08:22:09.575143,0.0,0.0
343,343.0,343.0,0.0,1,JordanManual,CCCAGG,0.0,0.0,0.0,IND,1430524800,2017-12-28 08:22:09.575143,0.0,0.0
344,344.0,344.0,0.0,1,JordanManual,CCCAGG,0.0,0.0,0.0,IND,1430784000,2017-12-28 08:22:09.575143,0.0,0.0
345,345.0,345.0,0.0,1,JordanManual,CCCAGG,0.0,0.0,0.0,IND,1431043200,2017-12-28 08:22:09.575143,0.0,0.0
346,346.0,346.0,0.0,1,JordanManual,CCCAGG,0.0,0.0,0.0,IND,1431302400,2017-12-28 08:22:09.575143,0.0,0.0
347,347.0,347.0,0.0,1,JordanManual,CCCAGG,0.0,0.0,0.0,IND,1431561600,2017-12-28 08:22:09.575143,0.0,0.0
348,348.0,348.0,0.0,1,JordanManual,CCCAGG,0.0,0.0,0.0,IND,1431820800,2017-12-28 08:22:09.575143,0.0,0.0
349,349.0,349.0,0.0,1,JordanManual,CCCAGG,0.0,0.0,0.0,IND,1432080000,2017-12-28 08:22:09.575143,0.0,0.0
350,350.0,350.0,0.0,1,JordanManual,CCCAGG,0.0,0.0,0.0,IND,1432339200,2017-12-28 08:22:09.575143,0.0,0.0
351,351.0,351.0,0.0,1,JordanManual,CCCAGG,0.0,0.0,0.0,IND,1432598400,2017-12-28 08:22:09.575143,0.0,0.0
352,352.0,352.0,0.0,1,JordanManual,CCCAGG,0.0,0.0,0.0,IND,1432857600,2017-12-28 08:22:09.575143,0.0,0.0
353,353.0,353.0,0.0,1,JordanManual,CCCAGG,0.0,0.0,0.0,IND,1433116800,2017-12-28 08:22:09.575143,0.0,0.0
354,354.0,354.0,0.0,1,JordanManual,CCCAGG,0.0,0.0,0.0,IND,1433376000,2017-12-28 08:22:09.575143,0.0,0.0
355,355.0,355.0,0.0,1,JordanManual,CCCAGG,0.0,0.0,0.0,IND,1433635200,2017-12-28 08:22:09.575143,0.0,0.0
356,356.0,356.0,0.0,1,JordanManual,CCCAGG,0.0,0.0,0.0,IND,1433894400,2017-12-28 08:22:09.575143,0.0,0.0
357,357.0,357.0,0.0,1,JordanManual,CCCAGG,0.0,0.0,0.0,IND,1434153600,2017-12-28 08:22:09.575143,0.0,0.0
358,358.0,358.0,0.0,1,JordanManual,CCCAGG,0.0,0.0,0.0,IND,1434412800,2017-12-28 08:22:09.575143,0.0,0.0
359,359.0,359.0,0.0,1,JordanManual,CCCAGG,0.0,0.0,0.0,IND,1434672000,2017-12-28 08:22:09.575143,0.0,0.0
360,360.0,360.0,0.0,1,JordanManual,CCCAGG,0.0,0.0,0.0,IND,1434931200,2017-12-28 08:22:09.575143,0.0,0.0
361,361.0,361.0,0.0,1,JordanManual,CCCAGG,0.0,0.0,0.0,IND,1435190400,2017-12-28 08:22:09.575143,0.0,0.0
362,362.0,362.0,0.0,1,JordanManual,CCCAGG,0.0,0.0,0.0,IND,1435449600,2017-12-28 08:22:09.575143,0.0,0.0
363,363.0,363.0,0.0,1,JordanManual,CCCAGG,0.0,0.0,0.0,IND,1435708800,2017-12-28 08:22:09.575143,0.0,0.0
364,364.0,364.0,0.0,1,JordanManual,CCCAGG,0.0,0.0,0.0,IND,1435968000,2017-12-28 08:22:09.575143,0.0,0.0
365,365.0,365.0,0.0,1,JordanManual,CCCAGG,0.0,0.0,0.0,IND,1436227200,2017-12-28 08:22:09.575143,0.0,0.0
366,366.0,366.0,0.0,1,JordanManual,CCCAGG,0.0,0.0,0.0,IND,1436486400,2017-12-28 08:22:09.575143,0.0,0.0
367,367.0,367.0,0.0,1,JordanManual,CCCAGG,0.0,0.0,0.0,IND,1436745600,2017-12-28 08:22:09.575143,0.0,0.0
368,368.0,368.0,0.0,1,JordanManual,CCCAGG,0.0,0.0,0.0,IND,1437004800,2017-12-28 08:22:09.575143,0.0,0.0
369,369.0,369.0,0.0,1,JordanManual,CCCAGG,0.0,0.0,0.0,IND,1437264000,2017-12-28 08:22:09.575143,0.0,0.0
370,370.0,370.0,0.0,1,JordanManual,CCCAGG,0.0,0.0,0.0,IND,1437523200,2017-12-28 08:22:09.575143,0.0,0.0
371,371.0,371.0,0.0,1,JordanManual,CCCAGG,0.0,0.0,0.0,IND,1437782400,2017-12-28 08:22:09.575143,0.0,0.0
372,372.0,372.0,0.0,1,JordanManual,CCCAGG,0.0,0.0,0.0,IND,1438041600,2017-12-28 08:22:09.575143,0.0,0.0
373,373.0,373.0,0.0,1,JordanManual,CCCAGG,0.0,0.0,0.0,IND,1438300800,2017-12-28 08:22:09.575143,0.0,0.0
374,374.0,374.0,0.0,1,JordanManual,CCCAGG,0.0,0.0,0.0,IND,1438560000,2017-12-28 08:22:09.575143,0.0,0.0
375,375.0,375.0,0.0,1,JordanManual,CCCAGG,0.0,0.0,0.0,IND,1438819200,2017-12-28 08:22:09.575143,0.0,0.0
376,376.0,376.0,0.0,1,JordanManual,CCCAGG,0.0,0.0,0.0,IND,1439078400,2017-12-28 08:22:09.575143,0.0,0.0
377,377.0,377.0,0.0,1,JordanManual,CCCAGG,0.0,0.0,0.0,IND,1439337600,2017-12-28 08:22:09.575143,0.0,0.0
378,378.0,378.0,0.0,1,JordanManual,CCCAGG,0.0,0.0,0.0,IND,1439596800,2017-12-28 08:22:09.575143,0.0,0.0
379,379.0,379.0,0.0,1,JordanManual,CCCAGG,0.0,0.0,0.0,IND,1439856000,2017-12-28 08:22:09.575143,0.0,0.0
380,380.0,380.0,0.0,1,JordanManual,CCCAGG,0.0,0.0,0.0,IND,1440115200,2017-12-28 08:22:09.575143,0.0,0.0
381,381.0,381.0,0.0,1,JordanManual,CCCAGG,0.0,0.0,0.0,IND,1440374400,2017-12-28 08:22:09.575143,0.0,0.0
382,382.0,382.0,0.0,1,JordanManual,CCCAGG,0.0,0.0,0.0,IND,1440633600,2017-12-28 08:22:09.575143,0.0,0.0
383,383.0,383.0,0.0,1,JordanManual,CCCAGG,0.0,0.0,0.0,IND,1440892800,2017-12-28 08:22:09.575143,0.0,0.0
384,384.0,384.0,0.0,1,JordanManual,CCCAGG,0.0,0.0,0.0,IND,1441152000,2017-12-28 08:22:09.575143,0.0,0.0
385,385.0,385.0,0.0,1,JordanManual,CCCAGG,0.0,0.0,0.0,IND,1441411200,2017-12-28 08:22:09.575143,0.0,0.0
386,386.0,386.0,0.0,1,JordanManual,CCCAGG,0.0,0.0,0.0,IND,1441670400,2017-12-28 08:22:09.575143,0.0,0.0
387,387.0,387.0,0.0,1,JordanManual,CCCAGG,0.0,0.0,0.0,IND,1441929600,2017-12-28 08:22:09.575143,0.0,0.0
388,388.0,388.0,0.0,1,JordanManual,CCCAGG,0.0,0.0,0.0,IND,1442188800,2017-12-28 08:22:09.575143,0.0,0.0
389,389.0,389.0,0.0,1,JordanManual,CCCAGG,0.0,0.0,0.0,IND,1442448000,2017-12-28 08:22:09.575143,0.0,0.0
390,390.0,390.0,0.0,1,JordanManual,CCCAGG,0.0,0.0,0.0,IND,1442707200,2017-12-28 08:22:09.575143,0.0,0.0
391,391.0,391.0,0.0,1,JordanManual,CCCAGG,0.0,0.0,0.0,IND,1442966400,2017-12-28 08:22:09.575143,0.0,0.0
392,392.0,392.0,0.0,1,JordanManual,CCCAGG,0.0,0.0,0.0,IND,1443225600,2017-12-28 08:22:09.575143,0.0,0.0
393,393.0,393.0,0.0,1,JordanManual,CCCAGG,0.0,0.0,0.0,IND,1443484800,2017-12-28 08:22:09.575143,0.0,0.0
394,394.0,394.0,0.0,1,JordanManual,CCCAGG,0.0,0.0,0.0,IND,1443744000,2017-12-28 08:22:09.575143,0.0,0.0
395,395.0,395.0,0.0,1,JordanManual,CCCAGG,0.0,0.0,0.0,IND,1444003200,2017-12-28 08:22:09.575143,0.0,0.0
396,396.0,396.0,0.0,1,JordanManual,CCCAGG,0.0,0.0,0.0,IND,1444262400,2017-12-28 08:22:09.575143,0.0,0.0
397,397.0,397.0,0.0,1,JordanManual,CCCAGG,0.0,0.0,0.0,IND,1444521600,2017-12-28 08:22:09.575143,0.0,0.0
398,398.0,398.0,0.0,1,JordanManual,CCCAGG,0.0,0.0,0.0,IND,1444780800,2017-12-28 08:22:09.575143,0.0,0.0
399,399.0,399.0,0.0,1,JordanManual,CCCAGG,0.0,0.0,0.0,IND,1445040000,2017-12-28 08:22:09.575143,0.0,0.0
400,400.0,400.0,0.0,1,JordanManual,CCCAGG,0.0,0.0,0.0,IND,1445299200,2017-12-28 08:22:09.575143,0.0,0.0
401,401.0,401.0,0.0,1,JordanManual,CCCAGG,0.0,0.0,0.0,IND,1445558400,2017-12-28 08:22:09.575143,0.0,0.0
402,402.0,402.0,0.0,1,JordanManual,CCCAGG,0.0,0.0,0.0,IND,1445817600,2017-12-28 08:22:09.575143,0.0,0.0
403,403.0,403.0,0.0,1,JordanManual,CCCAGG,0.0,0.0,0.0,IND,1446076800,2017-12-28 08:22:09.575143,0.0,0.0
404,404.0,404.0,0.0,1,JordanManual,CCCAGG,0.0,0.0,0.0,IND,1446336000,2017-12-28 08:22:09.575143,0.0,0.0
405,405.0,405.0,0.0,1,JordanManual,CCCAGG,0.0,0.0,0.0,IND,1446595200,2017-12-28 08:22:09.575143,0.0,0.0
406,406.0,406.0,0.0,1,JordanManual,CCCAGG,0.0,0.0,0.0,IND,1446854400,2017-12-28 08:22:09.575143,0.0,0.0
407,407.0,407.0,0.0,1,JordanManual,CCCAGG,0.0,0.0,0.0,IND,1447113600,2017-12-28 08:22:09.575143,0.0,0.0
408,408.0,408.0,0.0,1,JordanManual,CCCAGG,0.0,0.0,0.0,IND,1447372800,2017-12-28 08:22:09.575143,0.0,0.0
409,409.0,409.0,0.0,1,JordanManual,CCCAGG,0.0,0.0,0.0,IND,1447632000,2017-12-28 08:22:09.575143,0.0,0.0
410,410.0,410.0,0.0,1,JordanManual,CCCAGG,0.0,0.0,0.0,IND,1447891200,2017-12-28 08:22:09.575143,0.0,0.0
411,411.0,411.0,0.0,1,JordanManual,CCCAGG,0.0,0.0,0.0,IND,1448150400,2017-12-28 08:22:09.575143,0.0,0.0
412,412.0,412.0,0.0,1,JordanManual,CCCAGG,0.0,0.0,0.0,IND,1448409600,2017-12-28 08:22:09.575143,0.0,0.0
413,413.0,413.0,0.0,1,JordanManual,CCCAGG,0.0,0.0,0.0,IND,1448668800,2017-12-28 08:22:09.575143,0.0,0.0
414,414.0,414.0,0.0,1,JordanManual,CCCAGG,0.0,0.0,0.0,IND,1448928000,2017-12-28 08:22:09.575143,0.0,0.0
415,415.0,415.0,0.0,1,JordanManual,CCCAGG,0.0,0.0,0.0,IND,1449187200,2017-12-28 08:22:09.575143,0.0,0.0
416,416.0,416.0,0.0,1,JordanManual,CCCAGG,0.0,0.0,0.0,IND,1449446400,2017-12-28 08:22:09.575143,0.0,0.0
417,417.0,417.0,0.0,1,JordanManual,CCCAGG,0.0,0.0,0.0,IND,1449705600,2017-12-28 08:22:09.575143,0.0,0.0
418,418.0,418.0,0.0,1,JordanManual,CCCAGG,0.0,0.0,0.0,IND,1449964800,2017-12-28 08:22:09.575143,0.0,0.0
419,419.0,419.0,0.0,1,JordanManual,CCCAGG,0.0,0.0,0.0,IND,1450224000,2017-12-28 08:22:09.575143,0.0,0.0
420,420.0,420.0,0.0,1,JordanManual,CCCAGG,0.0,0.0,0.0,IND,1450483200,2017-12-28 08:22:09.575143,0.0,0.0
421,421.0,421.0,0.0,1,JordanManual,CCCAGG,0.0,0.0,0.0,IND,1450742400,2017-12-28 08:22:09.575143,0.0,0.0
422,422.0,422.0,0.0,1,JordanManual,CCCAGG,0.0,0.0,0.0,IND,1451001600,2017-12-28 08:22:09.575143,0.0,0.0
423,423.0,423.0,0.0,1,JordanManual,CCCAGG,0.0,0.0,0.0,IND,1451260800,2017-12-28 08:22:09.575143,0.0,0.0
424,424.0,424.0,0.0,1,JordanManual,CCCAGG,0.0,0.0,0.0,IND,1451520000,2017-12-28 08:22:09.575143,0.0,0.0
425,425.0,425.0,0.0,1,JordanManual,CCCAGG,0.0,0.0,0.0,IND,1451779200,2017-12-28 08:22:09.575143,0.0,0.0
426,426.0,426.0,0.0,1,JordanManual,CCCAGG,0.0,0.0,0.0,IND,1452038400,2017-12-28 08:22:09.575143,0.0,0.0
427,427.0,427.0,0.0,1,JordanManual,CCCAGG,0.0,0.0,0.0,IND,1452297600,2017-12-28 08:22:09.575143,0.0,0.0
428,428.0,428.0,0.0,1,JordanManual,CCCAGG,0.0,0.0,0.0,IND,1452556800,2017-12-28 08:22:09.575143,0.0,0.0
429,429.0,429.0,0.0,1,JordanManual,CCCAGG,0.0,0.0,0.0,IND,1452816000,2017-12-28 08:22:09.575143,0.0,0.0
430,430.0,430.0,0.0,1,JordanManual,CCCAGG,0.0,0.0,0.0,IND,1453075200,2017-12-28 08:22:09.575143,0.0,0.0
431,431.0,431.0,0.0,1,JordanManual,CCCAGG,0.0,0.0,0.0,IND,1453334400,2017-12-28 08:22:09.575143,0.0,0.0
432,432.0,432.0,0.0,1,JordanManual,CCCAGG,0.0,0.0,0.0,IND,1453593600,2017-12-28 08:22:09.575143,0.0,0.0
433,433.0,433.0,0.0,1,JordanManual,CCCAGG,0.0,0.0,0.0,IND,1453852800,2017-12-28 08:22:09.575143,0.0,0.0
434,434.0,434.0,0.0,1,JordanManual,CCCAGG,0.0,0.0,0.0,IND,1454112000,2017-12-28 08:22:09.575143,0.0,0.0
435,435.0,435.0,0.0,1,JordanManual,CCCAGG,0.0,0.0,0.0,IND,1454371200,2017-12-28 08:22:09.575143,0.0,0.0
436,436.0,436.0,0.0,1,JordanManual,CCCAGG,0.0,0.0,0.0,IND,1454630400,2017-12-28 08:22:09.575143,0.0,0.0
437,437.0,437.0,0.0,1,JordanManual,CCCAGG,0.0,0.0,0.0,IND,1454889600,2017-12-28 08:22:09.575143,0.0,0.0
438,438.0,438.0,0.0,1,JordanManual,CCCAGG,0.0,0.0,0.0,IND,1455148800,2017-12-28 08:22:09.575143,0.0,0.0
439,439.0,439.0,0.0,1,JordanManual,CCCAGG,0.0,0.0,0.0,IND,1455408000,2017-12-28 08:22:09.575143,0.0,0.0
440,440.0,440.0,0.0,1,JordanManual,CCCAGG,0.0,0.0,0.0,IND,1455667200,2017-12-28 08:22:09.575143,0.0,0.0
441,441.0,441.0,0.0,1,JordanManual,CCCAGG,0.0,0.0,0.0,IND,1455926400,2017-12-28 08:22:09.575143,0.0,0.0
442,442.0,442.0,0.0,1,JordanManual,CCCAGG,0.0,0.0,0.0,IND,1456185600,2017-12-28 08:22:09.575143,0.0,0.0
443,443.0,443.0,0.0,1,JordanManual,CCCAGG,0.0,0.0,0.0,IND,1456444800,2017-12-28 08:22:09.575143,0.0,0.0
444,444.0,444.0,0.0,1,JordanManual,CCCAGG,0.0,0.0,0.0,IND,1456704000,2017-12-28 08:22:09.575143,0.0,0.0
445,445.0,445.0,0.0,1,JordanManual,CCCAGG,0.0,0.0,0.0,IND,1456963200,2017-12-28 08:22:09.575143,0.0,0.0
446,446.0,446.0,0.0,1,JordanManual,CCCAGG,0.0,0.0,0.0,IND,1457222400,2017-12-28 08:22:09.575143,0.0,0.0
447,447.0,447.0,0.0,1,JordanManual,CCCAGG,0.0,0.0,0.0,IND,1457481600,2017-12-28 08:22:09.575143,0.0,0.0
448,448.0,448.0,0.0,1,JordanManual,CCCAGG,0.0,0.0,0.0,IND,1457740800,2017-12-28 08:22:09.575143,0.0,0.0
449,449.0,449.0,0.0,1,JordanManual,CCCAGG,0.0,0.0,0.0,IND,1458000000,2017-12-28 08:22:09.575143,0.0,0.0
450,450.0,450.0,0.0,1,JordanManual,CCCAGG,0.0,0.0,0.0,IND,1458259200,2017-12-28 08:22:09.575143,0.0,0.0
451,451.0,451.0,0.0,1,JordanManual,CCCAGG,0.0,0.0,0.0,IND,1458518400,2017-12-28 08:22:09.575143,0.0,0.0
452,452.0,452.0,0.0,1,JordanManual,CCCAGG,0.0,0.0,0.0,IND,1458777600,2017-12-28 08:22:09.575143,0.0,0.0
453,453.0,453.0,0.0,1,JordanManual,CCCAGG,0.0,0.0,0.0,IND,1459036800,2017-12-28 08:22:09.575143,0.0,0.0
454,454.0,454.0,0.0,1,JordanManual,CCCAGG,0.0,0.0,0.0,IND,1459296000,2017-12-28 08:22:09.575143,0.0,0.0
455,455.0,455.0,0.0,1,JordanManual,CCCAGG,0.0,0.0,0.0,IND,1459555200,2017-12-28 08:22:09.575143,0.0,0.0
456,456.0,456.0,0.0,1,JordanManual,CCCAGG,0.0,0.0,0.0,IND,1459814400,2017-12-28 08:22:09.575143,0.0,0.0
457,457.0,457.0,0.0,1,JordanManual,CCCAGG,0.0,0.0,0.0,IND,1460073600,2017-12-28 08:22:09.575143,0.0,0.0
458,458.0,458.0,0.0,1,JordanManual,CCCAGG,0.0,0.0,0.0,IND,1460332800,2017-12-28 08:22:09.575143,0.0,0.0
459,459.0,459.0,0.0,1,JordanManual,CCCAGG,0.0,0.0,0.0,IND,1460592000,2017-12-28 08:22:09.575143,0.0,0.0
460,460.0,460.0,0.0,1,JordanManual,CCCAGG,0.0,0.0,0.0,IND,1460851200,2017-12-28 08:22:09.575143,0.0,0.0
461,461.0,461.0,0.0,1,JordanManual,CCCAGG,0.0,0.0,0.0,IND,1461110400,2017-12-28 08:22:09.575143,0.0,0.0
462,462.0,462.0,0.0,1,JordanManual,CCCAGG,0.0,0.0,0.0,IND,1461369600,2017-12-28 08:22:09.575143,0.0,0.0
463,463.0,463.0,0.0,1,JordanManual,CCCAGG,0.0,0.0,0.0,IND,1461628800,2017-12-28 08:22:09.575143,0.0,0.0
464,464.0,464.0,0.0,1,JordanManual,CCCAGG,0.0,0.0,0.0,IND,1461888000,2017-12-28 08:22:09.575143,0.0,0.0
465,465.0,465.0,0.0,1,JordanManual,CCCAGG,0.0,0.0,0.0,IND,1462147200,2017-12-28 08:22:09.575143,0.0,0.0
466,466.0,466.0,0.0,1,JordanManual,CCCAGG,0.0,0.0,0.0,IND,1462406400,2017-12-28 08:22:09.575143,0.0,0.0
467,467.0,467.0,0.0,1,JordanManual,CCCAGG,0.0,0.0,0.0,IND,1462665600,2017-12-28 08:22:09.575143,0.0,0.0
468,468.0,468.0,0.0,1,JordanManual,CCCAGG,0.0,0.0,0.0,IND,1462924800,2017-12-28 08:22:09.575143,0.0,0.0
469,469.0,469.0,0.0,1,JordanManual,CCCAGG,0.0,0.0,0.0,IND,1463184000,2017-12-28 08:22:09.575143,0.0,0.0
470,470.0,470.0,0.0,1,JordanManual,CCCAGG,0.0,0.0,0.0,IND,1463443200,2017-12-28 08:22:09.575143,0.0,0.0
471,471.0,471.0,0.0,1,JordanManual,CCCAGG,0.0,0.0,0.0,IND,1463702400,2017-12-28 08:22:09.575143,0.0,0.0
472,472.0,472.0,0.0,1,JordanManual,CCCAGG,0.0,0.0,0.0,IND,1463961600,2017-12-28 08:22:09.575143,0.0,0.0
473,473.0,473.0,0.0,1,JordanManual,CCCAGG,0.0,0.0,0.0,IND,1464220800,2017-12-28 08:22:09.575143,0.0,0.0
474,474.0,474.0,0.0,1,JordanManual,CCCAGG,0.0,0.0,0.0,IND,1464480000,2017-12-28 08:22:09.575143,0.0,0.0
475,475.0,475.0,0.0,1,JordanManual,CCCAGG,0.0,0.0,0.0,IND,1464739200,2017-12-28 08:22:09.575143,0.0,0.0
476,476.0,476.0,0.0,1,JordanManual,CCCAGG,0.0,0.0,0.0,IND,1464998400,2017-12-28 08:22:09.575143,0.0,0.0
477,477.0,477.0,0.0,1,JordanManual,CCCAGG,0.0,0.0,0.0,IND,1465257600,2017-12-28 08:22:09.575143,0.0,0.0
478,478.0,478.0,0.0,1,JordanManual,CCCAGG,0.0,0.0,0.0,IND,1465516800,2017-12-28 08:22:09.575143,0.0,0.0
479,479.0,479.0,0.0,1,JordanManual,CCCAGG,0.0,0.0,0.0,IND,1465776000,2017-12-28 08:22:09.575143,0.0,0.0
480,480.0,480.0,0.0,1,JordanManual,CCCAGG,0.0,0.0,0.0,IND,1466035200,2017-12-28 08:22:09.575143,0.0,0.0
481,481.0,481.0,0.0,1,JordanManual,CCCAGG,0.0,0.0,0.0,IND,1466294400,2017-12-28 08:22:09.575143,0.0,0.0
482,482.0,482.0,0.0,1,JordanManual,CCCAGG,0.0,0.0,0.0,IND,1466553600,2017-12-28 08:22:09.575143,0.0,0.0
483,483.0,483.0,0.0,1,JordanManual,CCCAGG,0.0,0.0,0.0,IND,1466812800,2017-12-28 08:22:09.575143,0.0,0.0
484,484.0,484.0,0.0,1,JordanManual,CCCAGG,0.0,0.0,0.0,IND,1467072000,2017-12-28 08:22:09.575143,0.0,0.0
485,485.0,485.0,0.0,1,JordanManual,CCCAGG,0.0,0.0,0.0,IND,1467331200,2017-12-28 08:22:09.575143,0.0,0.0
486,486.0,486.0,0.0,1,JordanManual,CCCAGG,0.0,0.0,0.0,IND,1467590400,2017-12-28 08:22:09.575143,0.0,0.0
487,487.0,487.0,0.0,1,JordanManual,CCCAGG,0.0,0.0,0.0,IND,1467849600,2017-12-28 08:22:09.575143,0.0,0.0
488,488.0,488.0,0.0,1,JordanManual,CCCAGG,0.0,0.0,0.0,IND,1468108800,2017-12-28 08:22:09.575143,0.0,0.0
489,489.0,489.0,0.0,1,JordanManual,CCCAGG,0.0,0.0,0.0,IND,1468368000,2017-12-28 08:22:09.575143,0.0,0.0
490,490.0,490.0,0.0,1,JordanManual,CCCAGG,0.0,0.0,0.0,IND,1468627200,2017-12-28 08:22:09.575143,0.0,0.0
491,491.0,491.0,0.0,1,JordanManual,CCCAGG,0.0,0.0,0.0,IND,1468886400,2017-12-28 08:22:09.575143,0.0,0.0
492,492.0,492.0,0.0,1,JordanManual,CCCAGG,0.0,0.0,0.0,IND,1469145600,2017-12-28 08:22:09.575143,0.0,0.0
493,493.0,493.0,0.0,1,JordanManual,CCCAGG,0.0,0.0,0.0,IND,1469404800,2017-12-28 08:22:09.575143,0.0,0.0
494,494.0,494.0,0.0,1,JordanManual,CCCAGG,0.0,0.0,0.0,IND,1469664000,2017-12-28 08:22:09.575143,0.0,0.0
495,495.0,495.0,0.0,1,JordanManual,CCCAGG,0.0,0.0,0.0,IND,1469923200,2017-12-28 08:22:09.575143,0.0,0.0
496,496.0,496.0,0.0,1,JordanManual,CCCAGG,0.0,0.0,0.0,IND,1470182400,2017-12-28 08:22:09.575143,0.0,0.0
497,497.0,497.0,0.0,1,JordanManual,CCCAGG,0.0,0.0,0.0,IND,1470441600,2017-12-28 08:22:09.575143,0.0,0.0
498,498.0,498.0,0.0,1,JordanManual,CCCAGG,0.0,0.0,0.0,IND,1470700800,2017-12-28 08:22:09.575143,0.0,0.0
499,499.0,499.0,0.0,1,JordanManual,CCCAGG,0.0,0.0,0.0,IND,1470960000,2017-12-28 08:22:09.575143,0.0,0.0
500,500.0,500.0,0.0,1,JordanManual,CCCAGG,0.0,0.0,0.0,IND,1471219200,2017-12-28 08:22:09.575143,0.0,0.0
501,501.0,501.0,0.0,1,JordanManual,CCCAGG,0.0,0.0,0.0,IND,1471478400,2017-12-28 08:22:09.575143,0.0,0.0
502,502.0,502.0,0.0,1,JordanManual,CCCAGG,0.0,0.0,0.0,IND,1471737600,2017-12-28 08:22:09.575143,0.0,0.0
503,503.0,503.0,0.0,1,JordanManual,CCCAGG,0.0,0.0,0.0,IND,1471996800,2017-12-28 08:22:09.575143,0.0,0.0
504,504.0,504.0,0.0,1,JordanManual,CCCAGG,0.0,0.0,0.0,IND,1472256000,2017-12-28 08:22:09.575143,0.0,0.0
505,505.0,505.0,0.0,1,JordanManual,CCCAGG,0.0,0.0,0.0,IND,1472515200,2017-12-28 08:22:09.575143,0.0,0.0
506,506.0,506.0,0.0,1,JordanManual,CCCAGG,0.0,0.0,0.0,IND,1472774400,2017-12-28 08:22:09.575143,0.0,0.0
507,507.0,507.0,0.0,1,JordanManual,CCCAGG,0.0,0.0,0.0,IND,1473033600,2017-12-28 08:22:09.575143,0.0,0.0
508,508.0,508.0,0.0,1,JordanManual,CCCAGG,0.0,0.0,0.0,IND,1473292800,2017-12-28 08:22:09.575143,0.0,0.0
509,509.0,509.0,0.0,1,JordanManual,CCCAGG,0.0,0.0,0.0,IND,1473552000,2017-12-28 08:22:09.575143,0.0,0.0
510,510.0,510.0,0.0,1,JordanManual,CCCAGG,0.0,0.0,0.0,IND,1473811200,2017-12-28 08:22:09.575143,0.0,0.0
511,511.0,511.0,0.0,1,JordanManual,CCCAGG,0.0,0.0,0.0,IND,1474070400,2017-12-28 08:22:09.575143,0.0,0.0
512,512.0,512.0,0.0,1,JordanManual,CCCAGG,0.0,0.0,0.0,IND,1474329600,2017-12-28 08:22:09.575143,0.0,0.0
513,513.0,513.0,0.0,1,JordanManual,CCCAGG,0.0,0.0,0.0,IND,1474588800,2017-12-28 08:22:09.575143,0.0,0.0
514,514.0,514.0,0.0,1,JordanManual,CCCAGG,0.0,0.0,0.0,IND,1474848000,2017-12-28 08:22:09.575143,0.0,0.0
515,515.0,515.0,0.0,1,JordanManual,CCCAGG,0.0,0.0,0.0,IND,1475107200,2017-12-28 08:22:09.575143,0.0,0.0
516,516.0,516.0,0.0,1,JordanManual,CCCAGG,0.0,0.0,0.0,IND,1475366400,2017-12-28 08:22:09.575143,0.0,0.0
517,517.0,517.0,0.0,1,JordanManual,CCCAGG,0.0,0.0,0.0,IND,1475625600,2017-12-28 08:22:09.575143,0.0,0.0
518,518.0,518.0,0.0,1,JordanManual,CCCAGG,0.0,0.0,0.0,IND,1475884800,2017-12-28 08:22:09.575143,0.0,0.0
519,519.0,519.0,0.0,1,JordanManual,CCCAGG,0.0,0.0,0.0,IND,1476144000,2017-12-28 08:22:09.575143,0.0,0.0
520,520.0,520.0,0.0,1,JordanManual,CCCAGG,0.0,0.0,0.0,IND,1476403200,2017-12-28 08:22:09.575143,0.0,0.0
521,521.0,521.0,0.0,1,JordanManual,CCCAGG,0.0,0.0,0.0,IND,1476662400,2017-12-28 08:22:09.575143,0.0,0.0
522,522.0,522.0,0.0,1,JordanManual,CCCAGG,0.0,0.0,0.0,IND,1476921600,2017-12-28 08:22:09.575143,0.0,0.0
523,523.0,523.0,0.0,1,JordanManual,CCCAGG,0.0,0.0,0.0,IND,1477180800,2017-12-28 08:22:09.575143,0.0,0.0
524,524.0,524.0,0.0,1,JordanManual,CCCAGG,0.0,0.0,0.0,IND,1477440000,2017-12-28 08:22:09.575143,0.0,0.0
525,525.0,525.0,0.0,1,JordanManual,CCCAGG,0.0,0.0,0.0,IND,1477699200,2017-12-28 08:22:09.575143,0.0,0.0
526,526.0,526.0,0.0,1,JordanManual,CCCAGG,0.0,0.0,0.0,IND,1477958400,2017-12-28 08:22:09.575143,0.0,0.0
527,527.0,527.0,0.0,1,JordanManual,CCCAGG,0.0,0.0,0.0,IND,1478217600,2017-12-28 08:22:09.575143,0.0,0.0
528,528.0,528.0,0.0,1,JordanManual,CCCAGG,0.0,0.0,0.0,IND,1478476800,2017-12-28 08:22:09.575143,0.0,0.0
529,529.0,529.0,0.0,1,JordanManual,CCCAGG,0.0,0.0,0.0,IND,1478736000,2017-12-28 08:22:09.575143,0.0,0.0
530,530.0,530.0,0.0,1,JordanManual,CCCAGG,0.0,0.0,0.0,IND,1478995200,2017-12-28 08:22:09.575143,0.0,0.0
531,531.0,531.0,0.0,1,JordanManual,CCCAGG,0.0,0.0,0.0,IND,1479254400,2017-12-28 08:22:09.575143,0.0,0.0
532,532.0,532.0,0.0,1,JordanManual,CCCAGG,0.0,0.0,0.0,IND,1479513600,2017-12-28 08:22:09.575143,0.0,0.0
533,533.0,533.0,0.0,1,JordanManual,CCCAGG,0.0,0.0,0.0,IND,1479772800,2017-12-28 08:22:09.575143,0.0,0.0
534,534.0,534.0,0.0,1,JordanManual,CCCAGG,0.0,0.0,0.0,IND,1480032000,2017-12-28 08:22:09.575143,0.0,0.0
535,535.0,535.0,0.0,1,JordanManual,CCCAGG,0.0,0.0,0.0,IND,1480291200,2017-12-28 08:22:09.575143,0.0,0.0
536,536.0,536.0,0.0,1,JordanManual,CCCAGG,0.0,0.0,0.0,IND,1480550400,2017-12-28 08:22:09.575143,0.0,0.0
537,537.0,537.0,0.0,1,JordanManual,CCCAGG,0.0,0.0,0.0,IND,1480809600,2017-12-28 08:22:09.575143,0.0,0.0
538,538.0,538.0,0.0,1,JordanManual,CCCAGG,0.0,0.0,0.0,IND,1481068800,2017-12-28 08:22:09.575143,0.0,0.0
539,539.0,539.0,0.0,1,JordanManual,CCCAGG,0.0,0.0,0.0,IND,1481328000,2017-12-28 08:22:09.575143,0.0,0.0
540,540.0,540.0,0.0,1,JordanManual,CCCAGG,0.0,0.0,0.0,IND,1481587200,2017-12-28 08:22:09.575143,0.0,0.0
541,541.0,541.0,0.0,1,JordanManual,CCCAGG,0.0,0.0,0.0,IND,1481846400,2017-12-28 08:22:09.575143,0.0,0.0
542,542.0,542.0,0.0,1,JordanManual,CCCAGG,0.0,0.0,0.0,IND,1482105600,2017-12-28 08:22:09.575143,0.0,0.0
543,543.0,543.0,0.0,1,JordanManual,CCCAGG,0.0,0.0,0.0,IND,1482364800,2017-12-28 08:22:09.575143,0.0,0.0
544,544.0,544.0,0.0,1,JordanManual,CCCAGG,0.0,0.0,0.0,IND,1482624000,2017-12-28 08:22:09.575143,0.0,0.0
545,545.0,545.0,0.0,1,JordanManual,CCCAGG,0.0,0.0,0.0,IND,1482883200,2017-12-28 08:22:09.575143,0.0,0.0
546,546.0,546.0,0.0,1,JordanManual,CCCAGG,0.0,0.0,0.0,IND,1483142400,2017-12-28 08:22:09.575143,0.0,0.0
547,547.0,547.0,0.0,1,JordanManual,CCCAGG,0.0,0.0,0.0,IND,1483401600,2017-12-28 08:22:09.575143,0.0,0.0
548,548.0,548.0,0.0,1,JordanManual,CCCAGG,0.0,0.0,0.0,IND,1483660800,2017-12-28 08:22:09.575143,0.0,0.0
549,549.0,549.0,0.0,1,JordanManual,CCCAGG,0.0,0.0,0.0,IND,1483920000,2017-12-28 08:22:09.575143,0.0,0.0
550,550.0,550.0,0.0,1,JordanManual,CCCAGG,0.0,0.0,0.0,IND,1484179200,2017-12-28 08:22:09.575143,0.0,0.0
551,551.0,551.0,0.0,1,JordanManual,CCCAGG,0.0,0.0,0.0,IND,1484438400,2017-12-28 08:22:09.575143,0.0,0.0
552,552.0,552.0,0.0,1,JordanManual,CCCAGG,0.0,0.0,0.0,IND,1484697600,2017-12-28 08:22:09.575143,0.0,0.0
553,553.0,553.0,0.0,1,JordanManual,CCCAGG,0.0,0.0,0.0,IND,1484956800,2017-12-28 08:22:09.575143,0.0,0.0
554,554.0,554.0,0.0,1,JordanManual,CCCAGG,0.0,0.0,0.0,IND,1485216000,2017-12-28 08:22:09.575143,0.0,0.0
555,555.0,555.0,0.0,1,JordanManual,CCCAGG,0.0,0.0,0.0,IND,1485475200,2017-12-28 08:22:09.575143,0.0,0.0
556,556.0,556.0,0.0,1,JordanManual,CCCAGG,0.0,0.0,0.0,IND,1485734400,2017-12-28 08:22:09.575143,0.0,0.0
557,557.0,557.0,0.0,1,JordanManual,CCCAGG,0.0,0.0,0.0,IND,1485993600,2017-12-28 08:22:09.575143,0.0,0.0
558,558.0,558.0,0.0,1,JordanManual,CCCAGG,0.0,0.0,0.0,IND,1486252800,2017-12-28 08:22:09.575143,0.0,0.0
559,559.0,559.0,0.0,1,JordanManual,CCCAGG,0.0,0.0,0.0,IND,1486512000,2017-12-28 08:22:09.575143,0.0,0.0
560,560.0,560.0,0.0,1,JordanManual,CCCAGG,0.0,0.0,0.0,IND,1486771200,2017-12-28 08:22:09.575143,0.0,0.0
561,561.0,561.0,0.0,1,JordanManual,CCCAGG,0.0,0.0,0.0,IND,1487030400,2017-12-28 08:22:09.575143,0.0,0.0
562,562.0,562.0,0.0,1,JordanManual,CCCAGG,0.0,0.0,0.0,IND,1487289600,2017-12-28 08:22:09.575143,0.0,0.0
563,563.0,563.0,0.0,1,JordanManual,CCCAGG,0.0,0.0,0.0,IND,1487548800,2017-12-28 08:22:09.575143,0.0,0.0
564,564.0,564.0,0.0,1,JordanManual,CCCAGG,0.0,0.0,0.0,IND,1487808000,2017-12-28 08:22:09.575143,0.0,0.0
565,565.0,565.0,0.0,1,JordanManual,CCCAGG,0.0,0.0,0.0,IND,1488067200,2017-12-28 08:22:09.575143,0.0,0.0
566,566.0,566.0,0.0,1,JordanManual,CCCAGG,0.0,0.0,0.0,IND,1488326400,2017-12-28 08:22:09.575143,0.0,0.0
567,567.0,567.0,0.0,1,JordanManual,CCCAGG,0.0,0.0,0.0,IND,1488585600,2017-12-28 08:22:09.575143,0.0,0.0
568,568.0,568.0,0.0,1,JordanManual,CCCAGG,0.0,0.0,0.0,IND,1488844800,2017-12-28 08:22:09.575143,0.0,0.0
569,569.0,569.0,0.0,1,JordanManual,CCCAGG,0.0,0.0,0.0,IND,1489104000,2017-12-28 08:22:09.575143,0.0,0.0
570,570.0,570.0,0.0,1,JordanManual,CCCAGG,0.0,0.0,0.0,IND,1489363200,2017-12-28 08:22:09.575143,0.0,0.0
571,571.0,571.0,0.0,1,JordanManual,CCCAGG,0.0,0.0,0.0,IND,1489622400,2017-12-28 08:22:09.575143,0.0,0.0
572,572.0,572.0,0.0,1,JordanManual,CCCAGG,0.0,0.0,0.0,IND,1489881600,2017-12-28 08:22:09.575143,0.0,0.0
573,573.0,573.0,0.0,1,JordanManual,CCCAGG,0.0,0.0,0.0,IND,1490140800,2017-12-28 08:22:09.575143,0.0,0.0
574,574.0,574.0,0.0,1,JordanManual,CCCAGG,0.0,0.0,0.0,IND,1490400000,2017-12-28 08:22:09.575143,0.0,0.0
575,575.0,575.0,0.0,1,JordanManual,CCCAGG,0.0,0.0,0.0,IND,1490659200,2017-12-28 08:22:09.575143,0.0,0.0
576,576.0,576.0,0.0,1,JordanManual,CCCAGG,0.0,0.0,0.0,IND,1490918400,2017-12-28 08:22:09.575143,0.0,0.0
577,577.0,577.0,0.0,1,JordanManual,CCCAGG,0.0,0.0,0.0,IND,1491177600,2017-12-28 08:22:09.575143,0.0,0.0
578,578.0,578.0,0.0,1,JordanManual,CCCAGG,0.0,0.0,0.0,IND,1491436800,2017-12-28 08:22:09.575143,0.0,0.0
579,579.0,579.0,0.0,1,JordanManual,CCCAGG,0.0,0.0,0.0,IND,1491696000,2017-12-28 08:22:09.575143,0.0,0.0
580,580.0,580.0,0.0,1,JordanManual,CCCAGG,0.0,0.0,0.0,IND,1491955200,2017-12-28 08:22:09.575143,0.0,0.0
581,581.0,581.0,0.0,1,JordanManual,CCCAGG,0.0,0.0,0.0,IND,1492214400,2017-12-28 08:22:09.575143,0.0,0.0
582,582.0,582.0,0.0,1,JordanManual,CCCAGG,0.0,0.0,0.0,IND,1492473600,2017-12-28 08:22:09.575143,0.0,0.0
583,583.0,583.0,0.0,1,JordanManual,CCCAGG,0.0,0.0,0.0,IND,1492732800,2017-12-28 08:22:09.575143,0.0,0.0
584,584.0,584.0,0.0,1,JordanManual,CCCAGG,0.0,0.0,0.0,IND,1492992000,2017-12-28 08:22:09.575143,0.0,0.0
585,585.0,585.0,0.0,1,JordanManual,CCCAGG,0.0,0.0,0.0,IND,1493251200,2017-12-28 08:22:09.575143,0.0,0.0
586,586.0,586.0,0.0,1,JordanManual,CCCAGG,0.0,0.0,0.0,IND,1493510400,2017-12-28 08:22:09.575143,0.0,0.0
587,587.0,587.0,0.0,1,JordanManual,CCCAGG,0.0,0.0,0.0,IND,1493769600,2017-12-28 08:22:09.575143,0.0,0.0
588,588.0,588.0,0.0,1,JordanManual,CCCAGG,0.0,0.0,0.0,IND,1494028800,2017-12-28 08:22:09.575143,0.0,0.0
589,589.0,589.0,0.0,1,JordanManual,CCCAGG,0.0,0.0,0.0,IND,1494288000,2017-12-28 08:22:09.575143,0.0,0.0
590,590.0,590.0,0.0,1,JordanManual,CCCAGG,0.0,0.0,0.0,IND,1494547200,2017-12-28 08:22:09.575143,0.0,0.0
591,591.0,591.0,0.0,1,JordanManual,CCCAGG,0.0,0.0,0.0,IND,1494806400,2017-12-28 08:22:09.575143,0.0,0.0
592,592.0,592.0,0.0,1,JordanManual,CCCAGG,0.0,0.0,0.0,IND,1495065600,2017-12-28 08:22:09.575143,0.0,0.0
593,593.0,593.0,0.0,1,JordanManual,CCCAGG,0.0,0.0,0.0,IND,1495324800,2017-12-28 08:22:09.575143,0.0,0.0
594,594.0,594.0,0.0,1,JordanManual,CCCAGG,0.0,0.0,0.0,IND,1495584000,2017-12-28 08:22:09.575143,0.0,0.0
595,595.0,595.0,0.0,1,JordanManual,CCCAGG,0.0,0.0,0.0,IND,1495843200,2017-12-28 08:22:09.575143,0.0,0.0
596,596.0,596.0,0.0,1,JordanManual,CCCAGG,0.0,0.0,0.0,IND,1496102400,2017-12-28 08:22:09.575143,0.0,0.0
597,597.0,597.0,0.0,1,JordanManual,CCCAGG,0.0,0.0,0.0,IND,1496361600,2017-12-28 08:22:09.575143,0.0,0.0
598,598.0,598.0,0.0,1,JordanManual,CCCAGG,0.0,0.0,0.0,IND,1496620800,2017-12-28 08:22:09.575143,0.0,0.0
599,599.0,599.0,0.0,1,JordanManual,CCCAGG,0.0,0.0,0.0,IND,1496880000,2017-12-28 08:22:09.575143,0.0,0.0
600,600.0,600.0,0.0,1,JordanManual,CCCAGG,0.0,0.0,0.0,IND,1497139200,2017-12-28 08:22:09.575143,0.0,0.0
601,601.0,601.0,0.0,1,JordanManual,CCCAGG,0.0,0.0,0.0,IND,1497398400,2017-12-28 08:22:09.575143,0.0,0.0
602,602.0,602.0,0.0,1,JordanManual,CCCAGG,0.0,0.0,0.0,IND,1497657600,2017-12-28 08:22:09.575143,0.0,0.0
603,603.0,603.0,0.0,1,JordanManual,CCCAGG,0.0,0.0,0.0,IND,1497916800,2017-12-28 08:22:09.575143,0.0,0.0
604,604.0,604.0,0.0,1,JordanManual,CCCAGG,0.0,0.0,0.0,IND,1498176000,2017-12-28 08:22:09.575143,0.0,0.0
605,605.0,605.0,0.0,1,JordanManual,CCCAGG,0.0,0.0,0.0,IND,1498435200,2017-12-28 08:22:09.575143,0.0,0.0
606,606.0,606.0,0.0,1,JordanManual,CCCAGG,0.0,0.0,0.0,IND,1498694400,2017-12-28 08:22:09.575143,0.0,0.0
607,607.0,607.0,0.0,1,JordanManual,CCCAGG,0.0,0.0,0.0,IND,1498953600,2017-12-28 08:22:09.575143,0.0,0.0
608,608.0,608.0,0.0,1,JordanManual,CCCAGG,0.0,0.0,0.0,IND,1499212800,2017-12-28 08:22:09.575143,0.0,0.0
609,609.0,609.0,0.0,1,JordanManual,CCCAGG,0.0,0.0,0.0,IND,1499472000,2017-12-28 08:22:09.575143,0.0,0.0
610,610.0,610.0,0.0,1,JordanManual,CCCAGG,0.0,0.0,0.0,IND,1499731200,2017-12-28 08:22:09.575143,0.0,0.0
611,611.0,611.0,0.0,1,JordanManual,CCCAGG,0.0,0.0,0.0,IND,1499990400,2017-12-28 08:22:09.575143,0.0,0.0
612,612.0,612.0,0.0,1,JordanManual,CCCAGG,0.0,0.0,0.0,IND,1500249600,2017-12-28 08:22:09.575143,0.0,0.0
613,613.0,613.0,0.0,1,JordanManual,CCCAGG,0.0,0.0,0.0,IND,1500508800,2017-12-28 08:22:09.575143,0.0,0.0
614,614.0,614.0,0.0,1,JordanManual,CCCAGG,0.0,0.0,0.0,IND,1500768000,2017-12-28 08:22:09.575143,0.0,0.0
615,615.0,615.0,0.0,1,JordanManual,CCCAGG,0.0,0.0,0.0,IND,1501027200,2017-12-28 08:22:09.575143,0.0,0.0
616,616.0,616.0,0.0,1,JordanManual,CCCAGG,0.0,0.0,0.0,IND,1501286400,2017-12-28 08:22:09.575143,0.0,0.0
617,617.0,617.0,0.0,1,JordanManual,CCCAGG,0.0,0.0,0.0,IND,1501545600,2017-12-28 08:22:09.575143,0.0,0.0
618,618.0,618.0,0.0,1,JordanManual,CCCAGG,0.0,0.0,0.0,IND,1501804800,2017-12-28 08:22:09.575143,0.0,0.0
619,619.0,619.0,0.0,1,JordanManual,CCCAGG,0.0,0.0,0.0,IND,1502064000,2017-12-28 08:22:09.575143,0.0,0.0
620,620.0,620.0,0.0,1,JordanManual,CCCAGG,0.0,0.0,0.0,IND,1502323200,2017-12-28 08:22:09.575143,0.0,0.0
621,621.0,621.0,0.0,1,JordanManual,CCCAGG,0.0,0.0,0.0,IND,1502582400,2017-12-28 08:22:09.575143,0.0,0.0
622,622.0,622.0,0.0,1,JordanManual,CCCAGG,0.0,0.0,0.0,IND,1502841600,2017-12-28 08:22:09.575143,0.0,0.0
623,623.0,623.0,0.0,1,JordanManual,CCCAGG,0.0,0.0,0.0,IND,1503100800,2017-12-28 08:22:09.575143,0.0,0.0
624,624.0,624.0,0.0,1,JordanManual,CCCAGG,0.0,0.0,0.0,IND,1503360000,2017-12-28 08:22:09.575143,0.0,0.0
625,625.0,625.0,0.0,1,JordanManual,CCCAGG,0.0,0.0,0.0,IND,1503619200,2017-12-28 08:22:09.575143,0.0,0.0
626,626.0,626.0,0.0,1,JordanManual,CCCAGG,0.0,0.0,0.0,IND,1503878400,2017-12-28 08:22:09.575143,0.0,0.0
627,627.0,627.0,0.0,1,JordanManual,CCCAGG,0.0,0.0,0.0,IND,1504137600,2017-12-28 08:22:09.575143,0.0,0.0
628,628.0,628.0,0.0,1,JordanManual,CCCAGG,0.0,0.0,0.0,IND,1504396800,2017-12-28 08:22:09.575143,0.0,0.0
629,629.0,629.0,0.0,1,JordanManual,CCCAGG,0.0,0.0,0.0,IND,1504656000,2017-12-28 08:22:09.575143,0.0,0.0
630,630.0,630.0,0.0,1,JordanManual,CCCAGG,0.0,0.0,0.0,IND,1504915200,2017-12-28 08:22:09.575143,0.0,0.0
631,631.0,631.0,0.1779,1,JordanManual,CCCAGG,0.2678,0.1722,0.2499,IND,1505174400,2017-12-28 08:22:09.575143,35759.34,6361.59
632,632.0,632.0,0.1742,1,JordanManual,CCCAGG,0.5448,0.05168,0.207,IND,1505433600,2017-12-28 08:22:09.575143,28006.6,5202.76
633,633.0,633.0,0.1191,1,JordanManual,CCCAGG,0.2053,0.09622,0.2006,IND,1505692800,2017-12-28 08:22:09.575143,84989.14,15995.55
634,634.0,634.0,0.1259,1,JordanManual,CCCAGG,0.1504,0.05522,0.1083,IND,1505952000,2017-12-28 08:22:09.575143,133303.38,14137.61
635,635.0,635.0,0.06206,1,JordanManual,CCCAGG,0.1796,0.03564,0.1244,IND,1506211200,2017-12-28 08:22:09.575143,491068.94,42012.84
636,636.0,636.0,0.1047,1,JordanManual,CCCAGG,0.875,0.06509,0.06664,IND,1506470400,2017-12-28 08:22:09.575143,364627.7,31436.29
637,637.0,637.0,0.09896,1,JordanManual,CCCAGG,1366401.01,0.09721,0.1084,IND,1506729600,2017-12-28 08:22:09.575143,171104.34,20081.33
638,638.0,638.0,0.1125,1,JordanManual,CCCAGG,0.1283,0.06542,0.09729,IND,1506988800,2017-12-28 08:22:09.575143,451549.47,41409.4
639,639.0,639.0,0.1089,1,JordanManual,CCCAGG,0.1484,0.07761,0.1176,IND,1507248000,2017-12-28 08:22:09.575143,386891.14,42036.97
640,640.0,640.0,0.1023,1,JordanManual,CCCAGG,0.1153,0.08497,0.1045,IND,1507507200,2017-12-28 08:22:09.575143,584909.35,65498.69
641,641.0,641.0,0.1032,1,JordanManual,CCCAGG,0.1159,0.08557,0.1023,IND,1507766400,2017-12-28 08:22:09.575143,430090.11,43120.41
642,642.0,642.0,0.08106,1,JordanManual,CCCAGG,0.1107,0.0195,0.1025,IND,1508025600,2017-12-28 08:22:09.575143,336873.29,28932.61
643,643.0,643.0,0.06837,1,JordanManual,CCCAGG,0.08535,0.06068,0.08039,IND,1508284800,2017-12-28 08:22:09.575143,2465461.08,175281.98
644,644.0,644.0,0.04884,1,JordanManual,CCCAGG,0.06815,0.04536,0.06761,IND,1508544000,2017-12-28 08:22:09.575143,3200466.04,167121.36
645,645.0,645.0,0.05293,1,JordanManual,CCCAGG,0.05927,0.04742,0.05076,IND,1508803200,2017-12-28 08:22:09.575143,3441701.57,173490.13
646,646.0,646.0,0.05999,1,JordanManual,CCCAGG,0.06464,0.04958,0.05308,IND,1509062400,2017-12-28 08:22:09.575143,2982386.89,171446.26
647,647.0,647.0,0.0503,1,JordanManual,CCCAGG,0.06148,0.0488,0.06053,IND,1509321600,2017-12-28 08:22:09.575143,2735739.7,146157.71
648,648.0,648.0,0.05176,1,JordanManual,CCCAGG,0.05935,0.04593,0.04952,IND,1509580800,2017-12-28 08:22:09.575143,2149922.98,107612.66
649,649.0,649.0,0.04964,1,JordanManual,CCCAGG,0.05486,0.04669,0.0511,IND,1509840000,2017-12-28 08:22:09.575143,2935260.8,147130.33
650,650.0,650.0,0.04931,1,JordanManual,CCCAGG,0.05704,0.0475,0.05228,IND,1510099200,2017-12-28 08:22:09.575143,1790675.97,91286.89
651,651.0,651.0,0.0471,1,JordanManual,CCCAGG,0.05301,0.04284,0.05219,IND,1510358400,2017-12-28 08:22:09.575143,2287008.08,106162.41
652,652.0,652.0,0.04876,1,JordanManual,CCCAGG,0.05175,0.04041,0.05011,IND,1510617600,2017-12-28 08:22:09.575143,3468226.69,160695.7
653,653.0,653.0,0.05805,1,JordanManual,CCCAGG,0.06305,0.04306,0.04896,IND,1510876800,2017-12-28 08:22:09.575143,3450219.44,177752.89
654,654.0,654.0,0.05218,1,JordanManual,CCCAGG,0.06273,0.05155,0.06019,IND,1511136000,2017-12-28 08:22:09.575143,2989258.95,163733.77
655,655.0,655.0,0.06653,1,JordanManual,CCCAGG,0.06887,0.05529,0.0557,IND,1511395200,2017-12-28 08:22:09.575143,3198343.39,203595.33
656,656.0,656.0,0.08286,1,JordanManual,CCCAGG,0.0911,0.06413,0.06738,IND,1511654400,2017-12-28 08:22:09.575143,2968824.88,248454.05
657,657.0,657.0,0.08493,1,JordanManual,CCCAGG,0.08539,0.06531,0.07595,IND,1511913600,2017-12-28 08:22:09.575143,3509069.88,264021.71
658,658.0,658.0,0.1118,1,JordanManual,CCCAGG,0.1135,0.08289,0.08426,IND,1512172800,2017-12-28 08:22:09.575143,2758224.57,268741.19
659,659.0,659.0,0.08604,1,JordanManual,CCCAGG,0.1253,0.08238,0.1087,IND,1512432000,2017-12-28 08:22:09.575143,2768123.33,275137.47
660,660.0,660.0,0.07892,1,JordanManual,CCCAGG,0.09514,0.07521,0.09229,IND,1512691200,2017-12-28 08:22:09.575143,3586730.1,302829.79
661,661.0,661.0,0.09347,1,JordanManual,CCCAGG,0.1058,0.08146,0.0928,IND,1512950400,2017-12-28 08:22:09.575143,4328800.53,385792.58
662,662.0,662.0,0.09492,1,JordanManual,CCCAGG,0.09717,0.08344,0.09273,IND,1513209600,2017-12-28 08:22:09.575143,4599965.49,422398.85
663,663.0,663.0,0.1216,1,JordanManual,CCCAGG,0.1219,0.09309,0.09833,IND,1513468800,2017-12-28 08:22:09.575143,4618125.33,517605.03
664,664.0,664.0,0.09696,1,JordanManual,CCCAGG,0.1341,0.09236,0.1196,IND,1513728000,2017-12-28 08:22:09.575143,4410601.13,508009.48
665,665.0,665.0,0.1343,1,JordanManual,CCCAGG,0.1344,0.1009,0.1032,IND,1513987200,2017-12-28 08:22:09.575143,4632306.72,556620.59
666,666.0,666.0,0.1637,1,JordanManual,CCCAGG,0.1634,0.1337,0.1399,IND,1514246400,2017-12-28 08:22:09.575143,3211868.71,495691.88
