close,high,low,open,time,volumefrom,volumeto,coin_units,computer_name,exchange,symbol,timestamp_api_call
0.0,0.0,0.0,0.0,1507312800,0.0,0.0,1,JordanManual,CCCAGG,ZCG,2017-12-28 17:50:16.403809
0.0,0.0,0.0,0.0,1507323600,0.0,0.0,1,JordanManual,CCCAGG,ZCG,2017-12-28 17:50:16.403809
0.0,0.0,0.0,0.0,1507334400,0.0,0.0,1,JordanManual,CCCAGG,ZCG,2017-12-28 17:50:16.403809
0.0,0.0,0.0,0.0,1507345200,0.0,0.0,1,JordanManual,CCCAGG,ZCG,2017-12-28 17:50:16.403809
0.0,0.0,0.0,0.0,1507356000,0.0,0.0,1,JordanManual,CCCAGG,ZCG,2017-12-28 17:50:16.403809
0.0,0.0,0.0,0.0,1507366800,0.0,0.0,1,JordanManual,CCCAGG,ZCG,2017-12-28 17:50:16.403809
0.0,0.0,0.0,0.0,1507377600,0.0,0.0,1,JordanManual,CCCAGG,ZCG,2017-12-28 17:50:16.403809
0.0,0.0,0.0,0.0,1507388400,0.0,0.0,1,JordanManual,CCCAGG,ZCG,2017-12-28 17:50:16.403809
0.0,0.0,0.0,0.0,1507399200,0.0,0.0,1,JordanManual,CCCAGG,ZCG,2017-12-28 17:50:16.403809
0.0,0.0,0.0,0.0,1507410000,0.0,0.0,1,JordanManual,CCCAGG,ZCG,2017-12-28 17:50:16.403809
0.0,0.0,0.0,0.0,1507420800,0.0,0.0,1,JordanManual,CCCAGG,ZCG,2017-12-28 17:50:16.403809
0.0,0.0,0.0,0.0,1507431600,0.0,0.0,1,JordanManual,CCCAGG,ZCG,2017-12-28 17:50:16.403809
0.0,0.0,0.0,0.0,1507442400,0.0,0.0,1,JordanManual,CCCAGG,ZCG,2017-12-28 17:50:16.403809
0.0,0.0,0.0,0.0,1507453200,0.0,0.0,1,JordanManual,CCCAGG,ZCG,2017-12-28 17:50:16.403809
0.0,0.0,0.0,0.0,1507464000,0.0,0.0,1,JordanManual,CCCAGG,ZCG,2017-12-28 17:50:16.403809
0.0,0.0,0.0,0.0,1507474800,0.0,0.0,1,JordanManual,CCCAGG,ZCG,2017-12-28 17:50:16.403809
0.0,0.0,0.0,0.0,1507485600,0.0,0.0,1,JordanManual,CCCAGG,ZCG,2017-12-28 17:50:16.403809
0.0,0.0,0.0,0.0,1507496400,0.0,0.0,1,JordanManual,CCCAGG,ZCG,2017-12-28 17:50:16.403809
0.0,0.0,0.0,0.0,1507507200,0.0,0.0,1,JordanManual,CCCAGG,ZCG,2017-12-28 17:50:16.403809
0.0,0.0,0.0,0.0,1507518000,0.0,0.0,1,JordanManual,CCCAGG,ZCG,2017-12-28 17:50:16.403809
0.0,0.0,0.0,0.0,1507528800,0.0,0.0,1,JordanManual,CCCAGG,ZCG,2017-12-28 17:50:16.403809
0.0,0.0,0.0,0.0,1507539600,0.0,0.0,1,JordanManual,CCCAGG,ZCG,2017-12-28 17:50:16.403809
0.0,0.0,0.0,0.0,1507550400,0.0,0.0,1,JordanManual,CCCAGG,ZCG,2017-12-28 17:50:16.403809
0.0,0.0,0.0,0.0,1507561200,0.0,0.0,1,JordanManual,CCCAGG,ZCG,2017-12-28 17:50:16.403809
0.0,0.0,0.0,0.0,1507572000,0.0,0.0,1,JordanManual,CCCAGG,ZCG,2017-12-28 17:50:16.403809
0.0,0.0,0.0,0.0,1507582800,0.0,0.0,1,JordanManual,CCCAGG,ZCG,2017-12-28 17:50:16.403809
0.0,0.0,0.0,0.0,1507593600,0.0,0.0,1,JordanManual,CCCAGG,ZCG,2017-12-28 17:50:16.403809
0.0,0.0,0.0,0.0,1507604400,0.0,0.0,1,JordanManual,CCCAGG,ZCG,2017-12-28 17:50:16.403809
0.0,0.0,0.0,0.0,1507615200,0.0,0.0,1,JordanManual,CCCAGG,ZCG,2017-12-28 17:50:16.403809
0.0,0.0,0.0,0.0,1507626000,0.0,0.0,1,JordanManual,CCCAGG,ZCG,2017-12-28 17:50:16.403809
0.0,0.0,0.0,0.0,1507636800,0.0,0.0,1,JordanManual,CCCAGG,ZCG,2017-12-28 17:50:16.403809
0.0,0.0,0.0,0.0,1507647600,0.0,0.0,1,JordanManual,CCCAGG,ZCG,2017-12-28 17:50:16.403809
0.0,0.0,0.0,0.0,1507658400,0.0,0.0,1,JordanManual,CCCAGG,ZCG,2017-12-28 17:50:16.403809
0.0,0.0,0.0,0.0,1507669200,0.0,0.0,1,JordanManual,CCCAGG,ZCG,2017-12-28 17:50:16.403809
0.0,0.0,0.0,0.0,1507680000,0.0,0.0,1,JordanManual,CCCAGG,ZCG,2017-12-28 17:50:16.403809
0.0,0.0,0.0,0.0,1507690800,0.0,0.0,1,JordanManual,CCCAGG,ZCG,2017-12-28 17:50:16.403809
0.0,0.0,0.0,0.0,1507701600,0.0,0.0,1,JordanManual,CCCAGG,ZCG,2017-12-28 17:50:16.403809
0.0,0.0,0.0,0.0,1507712400,0.0,0.0,1,JordanManual,CCCAGG,ZCG,2017-12-28 17:50:16.403809
0.0,0.0,0.0,0.0,1507723200,0.0,0.0,1,JordanManual,CCCAGG,ZCG,2017-12-28 17:50:16.403809
0.0,0.0,0.0,0.0,1507734000,0.0,0.0,1,JordanManual,CCCAGG,ZCG,2017-12-28 17:50:16.403809
0.0,0.0,0.0,0.0,1507744800,0.0,0.0,1,JordanManual,CCCAGG,ZCG,2017-12-28 17:50:16.403809
0.0,0.0,0.0,0.0,1507755600,0.0,0.0,1,JordanManual,CCCAGG,ZCG,2017-12-28 17:50:16.403809
0.0,0.0,0.0,0.0,1507766400,0.0,0.0,1,JordanManual,CCCAGG,ZCG,2017-12-28 17:50:16.403809
0.0,0.0,0.0,0.0,1507777200,0.0,0.0,1,JordanManual,CCCAGG,ZCG,2017-12-28 17:50:16.403809
0.0,0.0,0.0,0.0,1507788000,0.0,0.0,1,JordanManual,CCCAGG,ZCG,2017-12-28 17:50:16.403809
0.0,0.0,0.0,0.0,1507798800,0.0,0.0,1,JordanManual,CCCAGG,ZCG,2017-12-28 17:50:16.403809
0.0,0.0,0.0,0.0,1507809600,0.0,0.0,1,JordanManual,CCCAGG,ZCG,2017-12-28 17:50:16.403809
0.0,0.0,0.0,0.0,1507820400,0.0,0.0,1,JordanManual,CCCAGG,ZCG,2017-12-28 17:50:16.403809
0.0,0.0,0.0,0.0,1507831200,0.0,0.0,1,JordanManual,CCCAGG,ZCG,2017-12-28 17:50:16.403809
0.0,0.0,0.0,0.0,1507842000,0.0,0.0,1,JordanManual,CCCAGG,ZCG,2017-12-28 17:50:16.403809
0.0,0.0,0.0,0.0,1507852800,0.0,0.0,1,JordanManual,CCCAGG,ZCG,2017-12-28 17:50:16.403809
0.0,0.0,0.0,0.0,1507863600,0.0,0.0,1,JordanManual,CCCAGG,ZCG,2017-12-28 17:50:16.403809
0.0,0.0,0.0,0.0,1507874400,0.0,0.0,1,JordanManual,CCCAGG,ZCG,2017-12-28 17:50:16.403809
0.0,0.0,0.0,0.0,1507885200,0.0,0.0,1,JordanManual,CCCAGG,ZCG,2017-12-28 17:50:16.403809
0.0,0.0,0.0,0.0,1507896000,0.0,0.0,1,JordanManual,CCCAGG,ZCG,2017-12-28 17:50:16.403809
0.0,0.0,0.0,0.0,1507906800,0.0,0.0,1,JordanManual,CCCAGG,ZCG,2017-12-28 17:50:16.403809
0.0,0.0,0.0,0.0,1507917600,0.0,0.0,1,JordanManual,CCCAGG,ZCG,2017-12-28 17:50:16.403809
0.0,0.0,0.0,0.0,1507928400,0.0,0.0,1,JordanManual,CCCAGG,ZCG,2017-12-28 17:50:16.403809
0.0,0.0,0.0,0.0,1507939200,0.0,0.0,1,JordanManual,CCCAGG,ZCG,2017-12-28 17:50:16.403809
0.0,0.0,0.0,0.0,1507950000,0.0,0.0,1,JordanManual,CCCAGG,ZCG,2017-12-28 17:50:16.403809
0.0,0.0,0.0,0.0,1507960800,0.0,0.0,1,JordanManual,CCCAGG,ZCG,2017-12-28 17:50:16.403809
0.0,0.0,0.0,0.0,1507971600,0.0,0.0,1,JordanManual,CCCAGG,ZCG,2017-12-28 17:50:16.403809
0.0,0.0,0.0,0.0,1507982400,0.0,0.0,1,JordanManual,CCCAGG,ZCG,2017-12-28 17:50:16.403809
0.0,0.0,0.0,0.0,1507993200,0.0,0.0,1,JordanManual,CCCAGG,ZCG,2017-12-28 17:50:16.403809
0.0,0.0,0.0,0.0,1508004000,0.0,0.0,1,JordanManual,CCCAGG,ZCG,2017-12-28 17:50:16.403809
0.0,0.0,0.0,0.0,1508014800,0.0,0.0,1,JordanManual,CCCAGG,ZCG,2017-12-28 17:50:16.403809
0.0,0.0,0.0,0.0,1508025600,0.0,0.0,1,JordanManual,CCCAGG,ZCG,2017-12-28 17:50:16.403809
0.0,0.0,0.0,0.0,1508036400,0.0,0.0,1,JordanManual,CCCAGG,ZCG,2017-12-28 17:50:16.403809
0.0,0.0,0.0,0.0,1508047200,0.0,0.0,1,JordanManual,CCCAGG,ZCG,2017-12-28 17:50:16.403809
0.0,0.0,0.0,0.0,1508058000,0.0,0.0,1,JordanManual,CCCAGG,ZCG,2017-12-28 17:50:16.403809
0.0,0.0,0.0,0.0,1508068800,0.0,0.0,1,JordanManual,CCCAGG,ZCG,2017-12-28 17:50:16.403809
0.0,0.0,0.0,0.0,1508079600,0.0,0.0,1,JordanManual,CCCAGG,ZCG,2017-12-28 17:50:16.403809
0.0,0.0,0.0,0.0,1508090400,0.0,0.0,1,JordanManual,CCCAGG,ZCG,2017-12-28 17:50:16.403809
0.0,0.0,0.0,0.0,1508101200,0.0,0.0,1,JordanManual,CCCAGG,ZCG,2017-12-28 17:50:16.403809
0.0,0.0,0.0,0.0,1508112000,0.0,0.0,1,JordanManual,CCCAGG,ZCG,2017-12-28 17:50:16.403809
0.0,0.0,0.0,0.0,1508122800,0.0,0.0,1,JordanManual,CCCAGG,ZCG,2017-12-28 17:50:16.403809
0.0,0.0,0.0,0.0,1508133600,0.0,0.0,1,JordanManual,CCCAGG,ZCG,2017-12-28 17:50:16.403809
0.0,0.0,0.0,0.0,1508144400,0.0,0.0,1,JordanManual,CCCAGG,ZCG,2017-12-28 17:50:16.403809
0.0,0.0,0.0,0.0,1508155200,0.0,0.0,1,JordanManual,CCCAGG,ZCG,2017-12-28 17:50:16.403809
0.0,0.0,0.0,0.0,1508166000,0.0,0.0,1,JordanManual,CCCAGG,ZCG,2017-12-28 17:50:16.403809
0.0,0.0,0.0,0.0,1508176800,0.0,0.0,1,JordanManual,CCCAGG,ZCG,2017-12-28 17:50:16.403809
0.0,0.0,0.0,0.0,1508187600,0.0,0.0,1,JordanManual,CCCAGG,ZCG,2017-12-28 17:50:16.403809
0.0,0.0,0.0,0.0,1508198400,0.0,0.0,1,JordanManual,CCCAGG,ZCG,2017-12-28 17:50:16.403809
0.0,0.0,0.0,0.0,1508209200,0.0,0.0,1,JordanManual,CCCAGG,ZCG,2017-12-28 17:50:16.403809
0.0,0.0,0.0,0.0,1508220000,0.0,0.0,1,JordanManual,CCCAGG,ZCG,2017-12-28 17:50:16.403809
0.0,0.0,0.0,0.0,1508230800,0.0,0.0,1,JordanManual,CCCAGG,ZCG,2017-12-28 17:50:16.403809
0.0,0.0,0.0,0.0,1508241600,0.0,0.0,1,JordanManual,CCCAGG,ZCG,2017-12-28 17:50:16.403809
0.0,0.0,0.0,0.0,1508252400,0.0,0.0,1,JordanManual,CCCAGG,ZCG,2017-12-28 17:50:16.403809
0.0,0.0,0.0,0.0,1508263200,0.0,0.0,1,JordanManual,CCCAGG,ZCG,2017-12-28 17:50:16.403809
0.0,0.0,0.0,0.0,1508274000,0.0,0.0,1,JordanManual,CCCAGG,ZCG,2017-12-28 17:50:16.403809
0.0,0.0,0.0,0.0,1508284800,0.0,0.0,1,JordanManual,CCCAGG,ZCG,2017-12-28 17:50:16.403809
0.0,0.0,0.0,0.0,1508295600,0.0,0.0,1,JordanManual,CCCAGG,ZCG,2017-12-28 17:50:16.403809
0.0,0.0,0.0,0.0,1508306400,0.0,0.0,1,JordanManual,CCCAGG,ZCG,2017-12-28 17:50:16.403809
0.0,0.0,0.0,0.0,1508317200,0.0,0.0,1,JordanManual,CCCAGG,ZCG,2017-12-28 17:50:16.403809
0.0,0.0,0.0,0.0,1508328000,0.0,0.0,1,JordanManual,CCCAGG,ZCG,2017-12-28 17:50:16.403809
0.0,0.0,0.0,0.0,1508338800,0.0,0.0,1,JordanManual,CCCAGG,ZCG,2017-12-28 17:50:16.403809
0.0,0.0,0.0,0.0,1508349600,0.0,0.0,1,JordanManual,CCCAGG,ZCG,2017-12-28 17:50:16.403809
0.0,0.0,0.0,0.0,1508360400,0.0,0.0,1,JordanManual,CCCAGG,ZCG,2017-12-28 17:50:16.403809
0.0,0.0,0.0,0.0,1508371200,0.0,0.0,1,JordanManual,CCCAGG,ZCG,2017-12-28 17:50:16.403809
0.0,0.0,0.0,0.0,1508382000,0.0,0.0,1,JordanManual,CCCAGG,ZCG,2017-12-28 17:50:16.403809
0.0,0.0,0.0,0.0,1508392800,0.0,0.0,1,JordanManual,CCCAGG,ZCG,2017-12-28 17:50:16.403809
0.0,0.0,0.0,0.0,1508403600,0.0,0.0,1,JordanManual,CCCAGG,ZCG,2017-12-28 17:50:16.403809
0.0,0.0,0.0,0.0,1508414400,0.0,0.0,1,JordanManual,CCCAGG,ZCG,2017-12-28 17:50:16.403809
0.0,0.0,0.0,0.0,1508425200,0.0,0.0,1,JordanManual,CCCAGG,ZCG,2017-12-28 17:50:16.403809
0.0,0.0,0.0,0.0,1508436000,0.0,0.0,1,JordanManual,CCCAGG,ZCG,2017-12-28 17:50:16.403809
0.0,0.0,0.0,0.0,1508446800,0.0,0.0,1,JordanManual,CCCAGG,ZCG,2017-12-28 17:50:16.403809
0.0,0.0,0.0,0.0,1508457600,0.0,0.0,1,JordanManual,CCCAGG,ZCG,2017-12-28 17:50:16.403809
0.0,0.0,0.0,0.0,1508468400,0.0,0.0,1,JordanManual,CCCAGG,ZCG,2017-12-28 17:50:16.403809
0.0,0.0,0.0,0.0,1508479200,0.0,0.0,1,JordanManual,CCCAGG,ZCG,2017-12-28 17:50:16.403809
0.0,0.0,0.0,0.0,1508490000,0.0,0.0,1,JordanManual,CCCAGG,ZCG,2017-12-28 17:50:16.403809
0.0,0.0,0.0,0.0,1508500800,0.0,0.0,1,JordanManual,CCCAGG,ZCG,2017-12-28 17:50:16.403809
0.0,0.0,0.0,0.0,1508511600,0.0,0.0,1,JordanManual,CCCAGG,ZCG,2017-12-28 17:50:16.403809
0.0,0.0,0.0,0.0,1508522400,0.0,0.0,1,JordanManual,CCCAGG,ZCG,2017-12-28 17:50:16.403809
0.0,0.0,0.0,0.0,1508533200,0.0,0.0,1,JordanManual,CCCAGG,ZCG,2017-12-28 17:50:16.403809
0.0,0.0,0.0,0.0,1508544000,0.0,0.0,1,JordanManual,CCCAGG,ZCG,2017-12-28 17:50:16.403809
0.0,0.0,0.0,0.0,1508554800,0.0,0.0,1,JordanManual,CCCAGG,ZCG,2017-12-28 17:50:16.403809
0.0,0.0,0.0,0.0,1508565600,0.0,0.0,1,JordanManual,CCCAGG,ZCG,2017-12-28 17:50:16.403809
0.0,0.0,0.0,0.0,1508576400,0.0,0.0,1,JordanManual,CCCAGG,ZCG,2017-12-28 17:50:16.403809
0.0,0.0,0.0,0.0,1508587200,0.0,0.0,1,JordanManual,CCCAGG,ZCG,2017-12-28 17:50:16.403809
0.0,0.0,0.0,0.0,1508598000,0.0,0.0,1,JordanManual,CCCAGG,ZCG,2017-12-28 17:50:16.403809
0.0,0.0,0.0,0.0,1508608800,0.0,0.0,1,JordanManual,CCCAGG,ZCG,2017-12-28 17:50:16.403809
0.0,0.0,0.0,0.0,1508619600,0.0,0.0,1,JordanManual,CCCAGG,ZCG,2017-12-28 17:50:16.403809
0.0,0.0,0.0,0.0,1508630400,0.0,0.0,1,JordanManual,CCCAGG,ZCG,2017-12-28 17:50:16.403809
0.0,0.0,0.0,0.0,1508641200,0.0,0.0,1,JordanManual,CCCAGG,ZCG,2017-12-28 17:50:16.403809
0.0,0.0,0.0,0.0,1508652000,0.0,0.0,1,JordanManual,CCCAGG,ZCG,2017-12-28 17:50:16.403809
0.0,0.0,0.0,0.0,1508662800,0.0,0.0,1,JordanManual,CCCAGG,ZCG,2017-12-28 17:50:16.403809
0.0,0.0,0.0,0.0,1508673600,0.0,0.0,1,JordanManual,CCCAGG,ZCG,2017-12-28 17:50:16.403809
0.0,0.0,0.0,0.0,1508684400,0.0,0.0,1,JordanManual,CCCAGG,ZCG,2017-12-28 17:50:16.403809
0.0,0.0,0.0,0.0,1508695200,0.0,0.0,1,JordanManual,CCCAGG,ZCG,2017-12-28 17:50:16.403809
0.0,0.0,0.0,0.0,1508706000,0.0,0.0,1,JordanManual,CCCAGG,ZCG,2017-12-28 17:50:16.403809
0.0,0.0,0.0,0.0,1508716800,0.0,0.0,1,JordanManual,CCCAGG,ZCG,2017-12-28 17:50:16.403809
0.0,0.0,0.0,0.0,1508727600,0.0,0.0,1,JordanManual,CCCAGG,ZCG,2017-12-28 17:50:16.403809
0.0,0.0,0.0,0.0,1508738400,0.0,0.0,1,JordanManual,CCCAGG,ZCG,2017-12-28 17:50:16.403809
0.0,0.0,0.0,0.0,1508749200,0.0,0.0,1,JordanManual,CCCAGG,ZCG,2017-12-28 17:50:16.403809
0.0,0.0,0.0,0.0,1508760000,0.0,0.0,1,JordanManual,CCCAGG,ZCG,2017-12-28 17:50:16.403809
0.0,0.0,0.0,0.0,1508770800,0.0,0.0,1,JordanManual,CCCAGG,ZCG,2017-12-28 17:50:16.403809
0.0,0.0,0.0,0.0,1508781600,0.0,0.0,1,JordanManual,CCCAGG,ZCG,2017-12-28 17:50:16.403809
0.0,0.0,0.0,0.0,1508792400,0.0,0.0,1,JordanManual,CCCAGG,ZCG,2017-12-28 17:50:16.403809
0.0,0.0,0.0,0.0,1508803200,0.0,0.0,1,JordanManual,CCCAGG,ZCG,2017-12-28 17:50:16.403809
0.0,0.0,0.0,0.0,1508814000,0.0,0.0,1,JordanManual,CCCAGG,ZCG,2017-12-28 17:50:16.403809
0.0,0.0,0.0,0.0,1508824800,0.0,0.0,1,JordanManual,CCCAGG,ZCG,2017-12-28 17:50:16.403809
0.0,0.0,0.0,0.0,1508835600,0.0,0.0,1,JordanManual,CCCAGG,ZCG,2017-12-28 17:50:16.403809
0.0,0.0,0.0,0.0,1508846400,0.0,0.0,1,JordanManual,CCCAGG,ZCG,2017-12-28 17:50:16.403809
0.0,0.0,0.0,0.0,1508857200,0.0,0.0,1,JordanManual,CCCAGG,ZCG,2017-12-28 17:50:16.403809
0.0,0.0,0.0,0.0,1508868000,0.0,0.0,1,JordanManual,CCCAGG,ZCG,2017-12-28 17:50:16.403809
0.0,0.0,0.0,0.0,1508878800,0.0,0.0,1,JordanManual,CCCAGG,ZCG,2017-12-28 17:50:16.403809
0.0,0.0,0.0,0.0,1508889600,0.0,0.0,1,JordanManual,CCCAGG,ZCG,2017-12-28 17:50:16.403809
0.0,0.0,0.0,0.0,1508900400,0.0,0.0,1,JordanManual,CCCAGG,ZCG,2017-12-28 17:50:16.403809
0.0,0.0,0.0,0.0,1508911200,0.0,0.0,1,JordanManual,CCCAGG,ZCG,2017-12-28 17:50:16.403809
0.0,0.0,0.0,0.0,1508922000,0.0,0.0,1,JordanManual,CCCAGG,ZCG,2017-12-28 17:50:16.403809
0.0,0.0,0.0,0.0,1508932800,0.0,0.0,1,JordanManual,CCCAGG,ZCG,2017-12-28 17:50:16.403809
0.0,0.0,0.0,0.0,1508943600,0.0,0.0,1,JordanManual,CCCAGG,ZCG,2017-12-28 17:50:16.403809
0.0,0.0,0.0,0.0,1508954400,0.0,0.0,1,JordanManual,CCCAGG,ZCG,2017-12-28 17:50:16.403809
0.0,0.0,0.0,0.0,1508965200,0.0,0.0,1,JordanManual,CCCAGG,ZCG,2017-12-28 17:50:16.403809
0.0,0.0,0.0,0.0,1508976000,0.0,0.0,1,JordanManual,CCCAGG,ZCG,2017-12-28 17:50:16.403809
0.0,0.0,0.0,0.0,1508986800,0.0,0.0,1,JordanManual,CCCAGG,ZCG,2017-12-28 17:50:16.403809
0.0,0.0,0.0,0.0,1508997600,0.0,0.0,1,JordanManual,CCCAGG,ZCG,2017-12-28 17:50:16.403809
0.0,0.0,0.0,0.0,1509008400,0.0,0.0,1,JordanManual,CCCAGG,ZCG,2017-12-28 17:50:16.403809
0.0,0.0,0.0,0.0,1509019200,0.0,0.0,1,JordanManual,CCCAGG,ZCG,2017-12-28 17:50:16.403809
0.0,0.0,0.0,0.0,1509030000,0.0,0.0,1,JordanManual,CCCAGG,ZCG,2017-12-28 17:50:16.403809
0.0,0.0,0.0,0.0,1509040800,0.0,0.0,1,JordanManual,CCCAGG,ZCG,2017-12-28 17:50:16.403809
0.0,0.0,0.0,0.0,1509051600,0.0,0.0,1,JordanManual,CCCAGG,ZCG,2017-12-28 17:50:16.403809
0.0,0.0,0.0,0.0,1509062400,0.0,0.0,1,JordanManual,CCCAGG,ZCG,2017-12-28 17:50:16.403809
0.0,0.0,0.0,0.0,1509073200,0.0,0.0,1,JordanManual,CCCAGG,ZCG,2017-12-28 17:50:16.403809
0.0,0.0,0.0,0.0,1509084000,0.0,0.0,1,JordanManual,CCCAGG,ZCG,2017-12-28 17:50:16.403809
0.0,0.0,0.0,0.0,1509094800,0.0,0.0,1,JordanManual,CCCAGG,ZCG,2017-12-28 17:50:16.403809
0.0,0.0,0.0,0.0,1509105600,0.0,0.0,1,JordanManual,CCCAGG,ZCG,2017-12-28 17:50:16.403809
0.0,0.0,0.0,0.0,1509116400,0.0,0.0,1,JordanManual,CCCAGG,ZCG,2017-12-28 17:50:16.403809
0.0,0.0,0.0,0.0,1509127200,0.0,0.0,1,JordanManual,CCCAGG,ZCG,2017-12-28 17:50:16.403809
0.0,0.0,0.0,0.0,1509138000,0.0,0.0,1,JordanManual,CCCAGG,ZCG,2017-12-28 17:50:16.403809
0.0,0.0,0.0,0.0,1509148800,0.0,0.0,1,JordanManual,CCCAGG,ZCG,2017-12-28 17:50:16.403809
0.0,0.0,0.0,0.0,1509159600,0.0,0.0,1,JordanManual,CCCAGG,ZCG,2017-12-28 17:50:16.403809
0.0,0.0,0.0,0.0,1509170400,0.0,0.0,1,JordanManual,CCCAGG,ZCG,2017-12-28 17:50:16.403809
0.0,0.0,0.0,0.0,1509181200,0.0,0.0,1,JordanManual,CCCAGG,ZCG,2017-12-28 17:50:16.403809
0.0,0.0,0.0,0.0,1509192000,0.0,0.0,1,JordanManual,CCCAGG,ZCG,2017-12-28 17:50:16.403809
0.0,0.0,0.0,0.0,1509202800,0.0,0.0,1,JordanManual,CCCAGG,ZCG,2017-12-28 17:50:16.403809
0.0,0.0,0.0,0.0,1509213600,0.0,0.0,1,JordanManual,CCCAGG,ZCG,2017-12-28 17:50:16.403809
0.0,0.0,0.0,0.0,1509224400,0.0,0.0,1,JordanManual,CCCAGG,ZCG,2017-12-28 17:50:16.403809
0.0,0.0,0.0,0.0,1509235200,0.0,0.0,1,JordanManual,CCCAGG,ZCG,2017-12-28 17:50:16.403809
0.0,0.0,0.0,0.0,1509246000,0.0,0.0,1,JordanManual,CCCAGG,ZCG,2017-12-28 17:50:16.403809
0.0,0.0,0.0,0.0,1509256800,0.0,0.0,1,JordanManual,CCCAGG,ZCG,2017-12-28 17:50:16.403809
0.0,0.0,0.0,0.0,1509267600,0.0,0.0,1,JordanManual,CCCAGG,ZCG,2017-12-28 17:50:16.403809
0.0,0.0,0.0,0.0,1509278400,0.0,0.0,1,JordanManual,CCCAGG,ZCG,2017-12-28 17:50:16.403809
0.0,0.0,0.0,0.0,1509289200,0.0,0.0,1,JordanManual,CCCAGG,ZCG,2017-12-28 17:50:16.403809
0.0,0.0,0.0,0.0,1509300000,0.0,0.0,1,JordanManual,CCCAGG,ZCG,2017-12-28 17:50:16.403809
0.0,0.0,0.0,0.0,1509310800,0.0,0.0,1,JordanManual,CCCAGG,ZCG,2017-12-28 17:50:16.403809
0.0,0.0,0.0,0.0,1509321600,0.0,0.0,1,JordanManual,CCCAGG,ZCG,2017-12-28 17:50:16.403809
0.0,0.0,0.0,0.0,1509332400,0.0,0.0,1,JordanManual,CCCAGG,ZCG,2017-12-28 17:50:16.403809
0.0,0.0,0.0,0.0,1509343200,0.0,0.0,1,JordanManual,CCCAGG,ZCG,2017-12-28 17:50:16.403809
0.0,0.0,0.0,0.0,1509354000,0.0,0.0,1,JordanManual,CCCAGG,ZCG,2017-12-28 17:50:16.403809
0.0,0.0,0.0,0.0,1509364800,0.0,0.0,1,JordanManual,CCCAGG,ZCG,2017-12-28 17:50:16.403809
0.0,0.0,0.0,0.0,1509375600,0.0,0.0,1,JordanManual,CCCAGG,ZCG,2017-12-28 17:50:16.403809
0.0,0.0,0.0,0.0,1509386400,0.0,0.0,1,JordanManual,CCCAGG,ZCG,2017-12-28 17:50:16.403809
0.0,0.0,0.0,0.0,1509397200,0.0,0.0,1,JordanManual,CCCAGG,ZCG,2017-12-28 17:50:16.403809
0.0,0.0,0.0,0.0,1509408000,0.0,0.0,1,JordanManual,CCCAGG,ZCG,2017-12-28 17:50:16.403809
0.0,0.0,0.0,0.0,1509418800,0.0,0.0,1,JordanManual,CCCAGG,ZCG,2017-12-28 17:50:16.403809
0.0,0.0,0.0,0.0,1509429600,0.0,0.0,1,JordanManual,CCCAGG,ZCG,2017-12-28 17:50:16.403809
0.0,0.0,0.0,0.0,1509440400,0.0,0.0,1,JordanManual,CCCAGG,ZCG,2017-12-28 17:50:16.403809
0.0,0.0,0.0,0.0,1509451200,0.0,0.0,1,JordanManual,CCCAGG,ZCG,2017-12-28 17:50:16.403809
0.0,0.0,0.0,0.0,1509462000,0.0,0.0,1,JordanManual,CCCAGG,ZCG,2017-12-28 17:50:16.403809
0.0,0.0,0.0,0.0,1509472800,0.0,0.0,1,JordanManual,CCCAGG,ZCG,2017-12-28 17:50:16.403809
0.0,0.0,0.0,0.0,1509483600,0.0,0.0,1,JordanManual,CCCAGG,ZCG,2017-12-28 17:50:16.403809
0.0,0.0,0.0,0.0,1509494400,0.0,0.0,1,JordanManual,CCCAGG,ZCG,2017-12-28 17:50:16.403809
0.0,0.0,0.0,0.0,1509505200,0.0,0.0,1,JordanManual,CCCAGG,ZCG,2017-12-28 17:50:16.403809
0.0,0.0,0.0,0.0,1509516000,0.0,0.0,1,JordanManual,CCCAGG,ZCG,2017-12-28 17:50:16.403809
0.0,0.0,0.0,0.0,1509526800,0.0,0.0,1,JordanManual,CCCAGG,ZCG,2017-12-28 17:50:16.403809
0.0,0.0,0.0,0.0,1509537600,0.0,0.0,1,JordanManual,CCCAGG,ZCG,2017-12-28 17:50:16.403809
0.0,0.0,0.0,0.0,1509548400,0.0,0.0,1,JordanManual,CCCAGG,ZCG,2017-12-28 17:50:16.403809
0.0,0.0,0.0,0.0,1509559200,0.0,0.0,1,JordanManual,CCCAGG,ZCG,2017-12-28 17:50:16.403809
0.0,0.0,0.0,0.0,1509570000,0.0,0.0,1,JordanManual,CCCAGG,ZCG,2017-12-28 17:50:16.403809
0.0,0.0,0.0,0.0,1509580800,0.0,0.0,1,JordanManual,CCCAGG,ZCG,2017-12-28 17:50:16.403809
0.0,0.0,0.0,0.0,1509591600,0.0,0.0,1,JordanManual,CCCAGG,ZCG,2017-12-28 17:50:16.403809
0.0,0.0,0.0,0.0,1509602400,0.0,0.0,1,JordanManual,CCCAGG,ZCG,2017-12-28 17:50:16.403809
0.0,0.0,0.0,0.0,1509613200,0.0,0.0,1,JordanManual,CCCAGG,ZCG,2017-12-28 17:50:16.403809
0.0,0.0,0.0,0.0,1509624000,0.0,0.0,1,JordanManual,CCCAGG,ZCG,2017-12-28 17:50:16.403809
0.0,0.0,0.0,0.0,1509634800,0.0,0.0,1,JordanManual,CCCAGG,ZCG,2017-12-28 17:50:16.403809
0.0,0.0,0.0,0.0,1509645600,0.0,0.0,1,JordanManual,CCCAGG,ZCG,2017-12-28 17:50:16.403809
0.0,0.0,0.0,0.0,1509656400,0.0,0.0,1,JordanManual,CCCAGG,ZCG,2017-12-28 17:50:16.403809
0.0,0.0,0.0,0.0,1509667200,0.0,0.0,1,JordanManual,CCCAGG,ZCG,2017-12-28 17:50:16.403809
0.0,0.0,0.0,0.0,1509678000,0.0,0.0,1,JordanManual,CCCAGG,ZCG,2017-12-28 17:50:16.403809
0.0,0.0,0.0,0.0,1509688800,0.0,0.0,1,JordanManual,CCCAGG,ZCG,2017-12-28 17:50:16.403809
0.0,0.0,0.0,0.0,1509699600,0.0,0.0,1,JordanManual,CCCAGG,ZCG,2017-12-28 17:50:16.403809
0.0,0.0,0.0,0.0,1509710400,0.0,0.0,1,JordanManual,CCCAGG,ZCG,2017-12-28 17:50:16.403809
0.0,0.0,0.0,0.0,1509721200,0.0,0.0,1,JordanManual,CCCAGG,ZCG,2017-12-28 17:50:16.403809
0.0,0.0,0.0,0.0,1509732000,0.0,0.0,1,JordanManual,CCCAGG,ZCG,2017-12-28 17:50:16.403809
0.0,0.0,0.0,0.0,1509742800,0.0,0.0,1,JordanManual,CCCAGG,ZCG,2017-12-28 17:50:16.403809
0.0,0.0,0.0,0.0,1509753600,0.0,0.0,1,JordanManual,CCCAGG,ZCG,2017-12-28 17:50:16.403809
0.0,0.0,0.0,0.0,1509764400,0.0,0.0,1,JordanManual,CCCAGG,ZCG,2017-12-28 17:50:16.403809
0.0,0.0,0.0,0.0,1509775200,0.0,0.0,1,JordanManual,CCCAGG,ZCG,2017-12-28 17:50:16.403809
0.0,0.0,0.0,0.0,1509786000,0.0,0.0,1,JordanManual,CCCAGG,ZCG,2017-12-28 17:50:16.403809
0.0,0.0,0.0,0.0,1509796800,0.0,0.0,1,JordanManual,CCCAGG,ZCG,2017-12-28 17:50:16.403809
0.0,0.0,0.0,0.0,1509807600,0.0,0.0,1,JordanManual,CCCAGG,ZCG,2017-12-28 17:50:16.403809
0.0,0.0,0.0,0.0,1509818400,0.0,0.0,1,JordanManual,CCCAGG,ZCG,2017-12-28 17:50:16.403809
0.0,0.0,0.0,0.0,1509829200,0.0,0.0,1,JordanManual,CCCAGG,ZCG,2017-12-28 17:50:16.403809
0.0,0.0,0.0,0.0,1509840000,0.0,0.0,1,JordanManual,CCCAGG,ZCG,2017-12-28 17:50:16.403809
0.0,0.0,0.0,0.0,1509850800,0.0,0.0,1,JordanManual,CCCAGG,ZCG,2017-12-28 17:50:16.403809
0.0,0.0,0.0,0.0,1509861600,0.0,0.0,1,JordanManual,CCCAGG,ZCG,2017-12-28 17:50:16.403809
0.0,0.0,0.0,0.0,1509872400,0.0,0.0,1,JordanManual,CCCAGG,ZCG,2017-12-28 17:50:16.403809
0.0,0.0,0.0,0.0,1509883200,0.0,0.0,1,JordanManual,CCCAGG,ZCG,2017-12-28 17:50:16.403809
0.0,0.0,0.0,0.0,1509894000,0.0,0.0,1,JordanManual,CCCAGG,ZCG,2017-12-28 17:50:16.403809
0.0,0.0,0.0,0.0,1509904800,0.0,0.0,1,JordanManual,CCCAGG,ZCG,2017-12-28 17:50:16.403809
0.0,0.0,0.0,0.0,1509915600,0.0,0.0,1,JordanManual,CCCAGG,ZCG,2017-12-28 17:50:16.403809
0.0,0.0,0.0,0.0,1509926400,0.0,0.0,1,JordanManual,CCCAGG,ZCG,2017-12-28 17:50:16.403809
0.0,0.0,0.0,0.0,1509937200,0.0,0.0,1,JordanManual,CCCAGG,ZCG,2017-12-28 17:50:16.403809
0.0,0.0,0.0,0.0,1509948000,0.0,0.0,1,JordanManual,CCCAGG,ZCG,2017-12-28 17:50:16.403809
0.0,0.0,0.0,0.0,1509958800,0.0,0.0,1,JordanManual,CCCAGG,ZCG,2017-12-28 17:50:16.403809
0.0,0.0,0.0,0.0,1509969600,0.0,0.0,1,JordanManual,CCCAGG,ZCG,2017-12-28 17:50:16.403809
0.0,0.0,0.0,0.0,1509980400,0.0,0.0,1,JordanManual,CCCAGG,ZCG,2017-12-28 17:50:16.403809
0.0,0.0,0.0,0.0,1509991200,0.0,0.0,1,JordanManual,CCCAGG,ZCG,2017-12-28 17:50:16.403809
0.0,0.0,0.0,0.0,1510002000,0.0,0.0,1,JordanManual,CCCAGG,ZCG,2017-12-28 17:50:16.403809
0.03006,0.1202,0.01739,0.02668,1510012800,211332.45,6057.5,1,JordanManual,CCCAGG,ZCG,2017-12-28 17:50:16.403809
0.07497,0.07778,0.06432,0.07438,1510023600,52677.81,3867.43,1,JordanManual,CCCAGG,ZCG,2017-12-28 17:50:16.403809
0.05947,0.08195,0.05947,0.08195,1510034400,31170.2,2197.81,1,JordanManual,CCCAGG,ZCG,2017-12-28 17:50:16.403809
0.05241,0.07135,0.05211,0.07135,1510045200,54838.9,3512.63,1,JordanManual,CCCAGG,ZCG,2017-12-28 17:50:16.403809
0.0721,0.07665,0.05165,0.05165,1510056000,44662.85,3137.88,1,JordanManual,CCCAGG,ZCG,2017-12-28 17:50:16.403809
0.1093,0.1155,0.06397,0.0724,1510066800,23965.61,2160.25,1,JordanManual,CCCAGG,ZCG,2017-12-28 17:50:16.403809
0.1102,0.1102,0.1086,0.1087,1510077600,3417.47,376.61,1,JordanManual,CCCAGG,ZCG,2017-12-28 17:50:16.403809
0.2393,0.2918,0.1021,0.1291,1510088400,17356.66,2858.55,1,JordanManual,CCCAGG,ZCG,2017-12-28 17:50:16.403809
0.1764,0.179,0.1764,0.1783,1510099200,5388.05,957.53,1,JordanManual,CCCAGG,ZCG,2017-12-28 17:50:16.403809
0.1069,0.1769,0.1069,0.1474,1510110000,6812.59,895.74,1,JordanManual,CCCAGG,ZCG,2017-12-28 17:50:16.403809
0.1484,0.1484,0.09626,0.107,1510120800,3062.8,387.66,1,JordanManual,CCCAGG,ZCG,2017-12-28 17:50:16.403809
0.1344,209055.0,0.1194,0.1669,1510131600,6748.78,880.17,1,JordanManual,CCCAGG,ZCG,2017-12-28 17:50:16.403809
0.1198,0.3892,0.1198,0.1342,1510142400,7602.53,1033.56,1,JordanManual,CCCAGG,ZCG,2017-12-28 17:50:16.403809
0.1152,0.1831,0.1152,0.1612,1510153200,15566.64,1826.1,1,JordanManual,CCCAGG,ZCG,2017-12-28 17:50:16.403809
0.1701,0.3159,0.1224,0.1232,1510164000,12048.88,1738.79,1,JordanManual,CCCAGG,ZCG,2017-12-28 17:50:16.403809
0.1629,741792.0,0.1285,0.168,1510174800,11154.3,1842.95,1,JordanManual,CCCAGG,ZCG,2017-12-28 17:50:16.403809
0.1586,0.1727,0.129,0.13,1510185600,7243.4,1183.29917,1,JordanManual,CCCAGG,ZCG,2017-12-28 17:50:16.403809
0.1422,0.1569,0.1341,0.1569,1510196400,2504.39,344.93,1,JordanManual,CCCAGG,ZCG,2017-12-28 17:50:16.403809
0.1416,0.1825,0.1416,0.1564,1510207200,3200.39,464.09,1,JordanManual,CCCAGG,ZCG,2017-12-28 17:50:16.403809
0.1419,0.1567,0.1411,0.1411,1510218000,5574.16,806.94,1,JordanManual,CCCAGG,ZCG,2017-12-28 17:50:16.403809
0.1436,222306.0,0.1398,0.143,1510228800,5960.52,879.92,1,JordanManual,CCCAGG,ZCG,2017-12-28 17:50:16.403809
0.1466,0.1596,0.1426,0.1444,1510239600,5630.26,825.06,1,JordanManual,CCCAGG,ZCG,2017-12-28 17:50:16.403809
0.1559,0.1565,0.1356,0.1535,1510250400,1810.37,281.64,1,JordanManual,CCCAGG,ZCG,2017-12-28 17:50:16.403809
0.1285,0.1454,0.1186,0.1186,1510261200,28389.3,3838.19,1,JordanManual,CCCAGG,ZCG,2017-12-28 17:50:16.403809
0.1327,0.1335,0.1153,0.1153,1510272000,1843.63,217.01,1,JordanManual,CCCAGG,ZCG,2017-12-28 17:50:16.403809
0.2828,0.4226,0.1372,0.1372,1510282800,45592.87,9517.48,1,JordanManual,CCCAGG,ZCG,2017-12-28 17:50:16.403809
0.1805,0.2768,0.1644,0.2737,1510293600,39503.58,6946.65,1,JordanManual,CCCAGG,ZCG,2017-12-28 17:50:16.403809
0.1785,0.2036,0.1629,0.1908,1510304400,6364.94,1274.11,1,JordanManual,CCCAGG,ZCG,2017-12-28 17:50:16.403809
0.2707,0.3071,3.04e-06,0.1947,1510315200,128039.95,32502.63,1,JordanManual,CCCAGG,ZCG,2017-12-28 17:50:16.403809
0.2394,0.2707,0.2394,0.2704,1510326000,2876.52,688.64,1,JordanManual,CCCAGG,ZCG,2017-12-28 17:50:16.403809
0.1946,2.36,0.1779,0.2247,1510336800,61509.91,14665.2,1,JordanManual,CCCAGG,ZCG,2017-12-28 17:50:16.403809
0.2435,0.2435,0.2108,0.2185,1510347600,18409.27,4177.88,1,JordanManual,CCCAGG,ZCG,2017-12-28 17:50:16.403809
0.2593,0.2748,0.2588,0.2718,1510358400,617.69,160.41,1,JordanManual,CCCAGG,ZCG,2017-12-28 17:50:16.403809
0.2995,0.3027,0.2672,0.2672,1510369200,28966.66,8334.03,1,JordanManual,CCCAGG,ZCG,2017-12-28 17:50:16.403809
0.3549,0.3622,0.3036,0.3375,1510380000,91715.67,31597.81,1,JordanManual,CCCAGG,ZCG,2017-12-28 17:50:16.403809
0.3853,0.4283,0.2457,0.364,1510390800,39213.2,14613.06,1,JordanManual,CCCAGG,ZCG,2017-12-28 17:50:16.403809
0.3933,0.4369,0.3326,0.4079,1510401600,94831.57,38226.35,1,JordanManual,CCCAGG,ZCG,2017-12-28 17:50:16.403809
0.5647,62.12,0.3765,0.4375,1510412400,71884.64,36541.38,1,JordanManual,CCCAGG,ZCG,2017-12-28 17:50:16.403809
0.5752,0.5832,0.4887,0.5675,1510423200,3176.14,1802.46,1,JordanManual,CCCAGG,ZCG,2017-12-28 17:50:16.403809
0.4274,0.551,0.2834,0.5055,1510434000,36812.33,17038.22,1,JordanManual,CCCAGG,ZCG,2017-12-28 17:50:16.403809
0.4482,0.4636,0.423,0.423,1510444800,12313.74,5292.07,1,JordanManual,CCCAGG,ZCG,2017-12-28 17:50:16.403809
0.4781,0.493,0.4781,0.4881,1510455600,21.5,10.3,1,JordanManual,CCCAGG,ZCG,2017-12-28 17:50:16.403809
0.3929,0.4687,0.3086,0.4687,1510466400,12418.12,4993.94,1,JordanManual,CCCAGG,ZCG,2017-12-28 17:50:16.403809
0.3812,0.4538,0.3691,0.4038,1510477200,22382.07,8722.03,1,JordanManual,CCCAGG,ZCG,2017-12-28 17:50:16.403809
0.3942,0.41,0.3795,0.3795,1510488000,23673.31,9332.02,1,JordanManual,CCCAGG,ZCG,2017-12-28 17:50:16.403809
0.3802,0.4112,0.3802,0.3998,1510498800,3088.35,1259.24,1,JordanManual,CCCAGG,ZCG,2017-12-28 17:50:16.403809
0.4014,0.4046,0.378,0.378,1510509600,15563.14,6296.85,1,JordanManual,CCCAGG,ZCG,2017-12-28 17:50:16.403809
0.306,0.4319,0.1926,0.1926,1510520400,49757.36,10369.33,1,JordanManual,CCCAGG,ZCG,2017-12-28 17:50:16.403809
0.3148,0.3639,0.2881,0.3147,1510531200,3481.2,1167.5,1,JordanManual,CCCAGG,ZCG,2017-12-28 17:50:16.403809
0.217,0.2971,0.217,0.2971,1510542000,21170.38,6109.89,1,JordanManual,CCCAGG,ZCG,2017-12-28 17:50:16.403809
0.2885,0.4071,0.2318,0.2782,1510552800,4515.84,1254.69,1,JordanManual,CCCAGG,ZCG,2017-12-28 17:50:16.403809
0.3956,0.3985,0.2876,0.2876,1510563600,9542.94,3780.95,1,JordanManual,CCCAGG,ZCG,2017-12-28 17:50:16.403809
0.3927,0.3927,0.3229,0.3612,1510574400,1496.02,546.92,1,JordanManual,CCCAGG,ZCG,2017-12-28 17:50:16.403809
0.2507,0.3613,0.25,0.3613,1510585200,8133.99,2577.88,1,JordanManual,CCCAGG,ZCG,2017-12-28 17:50:16.403809
0.2819,0.2819,0.2658,0.2658,1510596000,17910.23,5000.51,1,JordanManual,CCCAGG,ZCG,2017-12-28 17:50:16.403809
0.2737,0.3038,0.2502,0.3006,1510606800,39419.77,10528.37,1,JordanManual,CCCAGG,ZCG,2017-12-28 17:50:16.403809
0.288,0.288,0.2633,0.2633,1510617600,15647.03,4227.794,1,JordanManual,CCCAGG,ZCG,2017-12-28 17:50:16.403809
0.2671,0.2671,0.2547,0.2547,1510628400,4223.92,1114.81,1,JordanManual,CCCAGG,ZCG,2017-12-28 17:50:16.403809
0.2619,0.2745,0.2619,0.2696,1510639200,449.39,117.7,1,JordanManual,CCCAGG,ZCG,2017-12-28 17:50:16.403809
0.2771,0.3275,0.2384,0.2657,1510650000,7902.37,2194.47,1,JordanManual,CCCAGG,ZCG,2017-12-28 17:50:16.403809
0.2519,0.2796,0.2519,0.2735,1510660800,5886.3,1584.17,1,JordanManual,CCCAGG,ZCG,2017-12-28 17:50:16.403809
0.2691,0.2735,0.2498,0.2524,1510671600,21366.29,5624.08,1,JordanManual,CCCAGG,ZCG,2017-12-28 17:50:16.403809
0.2319,0.2507,0.2044,0.2507,1510682400,33842.63,8380.44,1,JordanManual,CCCAGG,ZCG,2017-12-28 17:50:16.403809
0.2176,0.2658,0.1994,0.2235,1510693200,16084.9,3664.72,1,JordanManual,CCCAGG,ZCG,2017-12-28 17:50:16.403809
0.03322,0.1673,0.03322,0.1673,1510704000,72684.03,4451.75,1,JordanManual,CCCAGG,ZCG,2017-12-28 17:50:16.403809
0.1272,0.1599,0.08541,0.1082,1510714800,65350.08,8048.25,1,JordanManual,CCCAGG,ZCG,2017-12-28 17:50:16.403809
0.1683,0.2861,0.1277,0.1277,1510725600,17913.9,2385.56,1,JordanManual,CCCAGG,ZCG,2017-12-28 17:50:16.403809
0.2012,0.2015,0.1341,0.1995,1510736400,41339.5,6030.05,1,JordanManual,CCCAGG,ZCG,2017-12-28 17:50:16.403809
0.1336,0.1972,0.1336,0.1972,1510747200,20010.6,3043.93,1,JordanManual,CCCAGG,ZCG,2017-12-28 17:50:16.403809
0.0546,0.1703,0.0235,0.1324,1510758000,189237.76,11944.37,1,JordanManual,CCCAGG,ZCG,2017-12-28 17:50:16.403809
0.09585,0.1318,0.02973,0.0578,1510768800,39185.25,2420.65,1,JordanManual,CCCAGG,ZCG,2017-12-28 17:50:16.403809
0.06624,0.1325,0.06624,0.0955,1510779600,62097.68,6013.09,1,JordanManual,CCCAGG,ZCG,2017-12-28 17:50:16.403809
0.1283,0.1326,0.0663,0.0663,1510790400,38000.53,4895.92,1,JordanManual,CCCAGG,ZCG,2017-12-28 17:50:16.403809
0.1053,1202970.15,0.08379,1202970.15,1510801200,8607.35,1028.82,1,JordanManual,CCCAGG,ZCG,2017-12-28 17:50:16.403809
0.08837,0.1262,0.08743,0.08892,1510812000,7518.71,740.11,1,JordanManual,CCCAGG,ZCG,2017-12-28 17:50:16.403809
0.09578,0.1125,0.08277,0.0974,1510822800,10642.3,958.44,1,JordanManual,CCCAGG,ZCG,2017-12-28 17:50:16.403809
0.082,0.09697,0.06824,0.09697,1510833600,18256.74,1454.24,1,JordanManual,CCCAGG,ZCG,2017-12-28 17:50:16.403809
0.1028,0.1028,0.07158,0.08583,1510844400,17086.09,1304.99,1,JordanManual,CCCAGG,ZCG,2017-12-28 17:50:16.403809
0.06834,0.1449,0.06818,0.1017,1510855200,9100.42,712.16,1,JordanManual,CCCAGG,ZCG,2017-12-28 17:50:16.403809
0.0882,0.1079,0.06557,0.06557,1510866000,7839.52,677.9,1,JordanManual,CCCAGG,ZCG,2017-12-28 17:50:16.403809
0.0796,0.1277,0.06832,0.0879,1510876800,17593.73,1305.41,1,JordanManual,CCCAGG,ZCG,2017-12-28 17:50:16.403809
0.06698,0.1454,0.06631,0.1286,1510887600,58538.97,3999.36,1,JordanManual,CCCAGG,ZCG,2017-12-28 17:50:16.403809
0.07287,0.07358,0.06555,0.07358,1510898400,4474.1,327.37,1,JordanManual,CCCAGG,ZCG,2017-12-28 17:50:16.403809
0.07144,0.07349,0.06577,0.06577,1510909200,16772.93,1228.93,1,JordanManual,CCCAGG,ZCG,2017-12-28 17:50:16.403809
0.06996,0.07154,0.06609,0.07154,1510920000,10877.07,759.68,1,JordanManual,CCCAGG,ZCG,2017-12-28 17:50:16.403809
0.06169,0.06665,0.06169,0.06665,1510930800,11557.74,750.78,1,JordanManual,CCCAGG,ZCG,2017-12-28 17:50:16.403809
0.06962,0.1432,0.06185,0.06185,1510941600,318.56,22.1761,1,JordanManual,CCCAGG,ZCG,2017-12-28 17:50:16.403809
0.05676,0.09296,0.05676,0.06972,1510952400,48121.93,2764.16,1,JordanManual,CCCAGG,ZCG,2017-12-28 17:50:16.403809
0.06246,0.06246,0.0263,0.04931,1510963200,48915.55,2581.33,1,JordanManual,CCCAGG,ZCG,2017-12-28 17:50:16.403809
0.04293,0.06584,0.003292,0.003292,1510974000,5262.79,230.73,1,JordanManual,CCCAGG,ZCG,2017-12-28 17:50:16.403809
0.04308,0.05932,0.04292,0.04292,1510984800,3632.66,163.72,1,JordanManual,CCCAGG,ZCG,2017-12-28 17:50:16.403809
0.05165,0.05639,0.05141,0.05469,1510995600,3336.05,171.66,1,JordanManual,CCCAGG,ZCG,2017-12-28 17:50:16.403809
0.05178,0.05178,0.05173,0.05178,1511006400,1606.71,83.19,1,JordanManual,CCCAGG,ZCG,2017-12-28 17:50:16.403809
0.0442,0.05195,0.04414,0.05195,1511017200,11663.58,515.01,1,JordanManual,CCCAGG,ZCG,2017-12-28 17:50:16.403809
0.03375,0.04481,0.03375,0.04448,1511028000,47491.52,2114.22,1,JordanManual,CCCAGG,ZCG,2017-12-28 17:50:16.403809
0.03813,0.0487,0.03813,0.04816,1511038800,2654.21,119.03,1,JordanManual,CCCAGG,ZCG,2017-12-28 17:50:16.403809
0.03446,0.03812,0.03446,0.03812,1511049600,10505.87,362.03,1,JordanManual,CCCAGG,ZCG,2017-12-28 17:50:16.403809
0.03345,0.06227,0.03345,0.04166,1511060400,27058.0,918.68,1,JordanManual,CCCAGG,ZCG,2017-12-28 17:50:16.403809
0.03583,0.06442,0.02752,0.02859,1511071200,57280.74,1578.05,1,JordanManual,CCCAGG,ZCG,2017-12-28 17:50:16.403809
0.01976,0.04096,0.01976,0.02909,1511082000,8012.29,174.87,1,JordanManual,CCCAGG,ZCG,2017-12-28 17:50:16.403809
0.0252,0.04097,0.02512,0.04026,1511092800,13009.54,340.18,1,JordanManual,CCCAGG,ZCG,2017-12-28 17:50:16.403809
45822.1,45822.1,0.02502,0.02502,1511103600,16454.9,45686018.18,1,JordanManual,CCCAGG,ZCG,2017-12-28 17:50:16.403809
0.02142,0.02469,0.02142,0.02469,1511114400,7221.07,160.15,1,JordanManual,CCCAGG,ZCG,2017-12-28 17:50:16.403809
0.02943,0.03011,0.02079,0.02155,1511125200,1785.19,43.61,1,JordanManual,CCCAGG,ZCG,2017-12-28 17:50:16.403809
0.03589,0.03589,0.02182,0.0295,1511136000,19474.24,426.34,1,JordanManual,CCCAGG,ZCG,2017-12-28 17:50:16.403809
0.0218,0.02242,0.0218,0.02242,1511146800,2836.17,63.39,1,JordanManual,CCCAGG,ZCG,2017-12-28 17:50:16.403809
0.03179,0.03179,0.02181,0.02193,1511157600,2402.8009,76.10923,1,JordanManual,CCCAGG,ZCG,2017-12-28 17:50:16.403809
0.02229,0.03192,0.02227,0.03192,1511168400,3454.41,76.93,1,JordanManual,CCCAGG,ZCG,2017-12-28 17:50:16.403809
0.02995,0.02995,0.02198,0.02225,1511179200,7830.15,218.68,1,JordanManual,CCCAGG,ZCG,2017-12-28 17:50:16.403809
0.02415,0.02426,0.02105,0.02286,1511190000,23396.56,499.58,1,JordanManual,CCCAGG,ZCG,2017-12-28 17:50:16.403809
0.02542,0.0732,0.02525,0.0732,1511200800,581.64,28.72525,1,JordanManual,CCCAGG,ZCG,2017-12-28 17:50:16.403809
0.02206,0.02568,0.02206,0.02568,1511211600,5045.61,112.6541,1,JordanManual,CCCAGG,ZCG,2017-12-28 17:50:16.403809
0.02211,0.0222,0.02211,0.02219,1511222400,2623.08,58.21,1,JordanManual,CCCAGG,ZCG,2017-12-28 17:50:16.403809
0.02165,0.02293,0.0211,0.02121,1511233200,1163.27,25.97,1,JordanManual,CCCAGG,ZCG,2017-12-28 17:50:16.403809
0.02379,0.02379,0.02144,0.02144,1511244000,1542.12,36.69,1,JordanManual,CCCAGG,ZCG,2017-12-28 17:50:16.403809
0.0369,0.0369,0.02181,0.02181,1511254800,26334.72,957.6,1,JordanManual,CCCAGG,ZCG,2017-12-28 17:50:16.403809
0.03708,0.03708,0.03665,0.03665,1511265600,0.0,0.0,1,JordanManual,CCCAGG,ZCG,2017-12-28 17:50:16.403809
0.03695,0.03703,0.02198,0.03703,1511276400,9657.23,218.38,1,JordanManual,CCCAGG,ZCG,2017-12-28 17:50:16.403809
0.02194,0.07003,0.02027,0.07003,1511287200,8583.37,174.81,1,JordanManual,CCCAGG,ZCG,2017-12-28 17:50:16.403809
0.03605,0.03605,0.02192,0.02192,1511298000,174.26,6.24,1,JordanManual,CCCAGG,ZCG,2017-12-28 17:50:16.403809
0.02533,0.06169,0.02533,0.06169,1511308800,17014.38,867.8,1,JordanManual,CCCAGG,ZCG,2017-12-28 17:50:16.403809
0.02007,0.03648,0.02007,0.02367,1511319600,10313.55,225.43,1,JordanManual,CCCAGG,ZCG,2017-12-28 17:50:16.403809
0.02028,0.0294,0.02011,0.02011,1511330400,2111.0,55.68,1,JordanManual,CCCAGG,ZCG,2017-12-28 17:50:16.403809
0.02933,0.02933,0.02019,0.02022,1511341200,3559.09,82.85,1,JordanManual,CCCAGG,ZCG,2017-12-28 17:50:16.403809
0.02916,0.02916,0.02893,0.02893,1511352000,2300.0,66.76,1,JordanManual,CCCAGG,ZCG,2017-12-28 17:50:16.403809
0.02923,0.02924,0.02923,0.02923,1511362800,0.0,0.0,1,JordanManual,CCCAGG,ZCG,2017-12-28 17:50:16.403809
0.02143,0.02943,0.02143,0.02937,1511373600,1615.0,46.52,1,JordanManual,CCCAGG,ZCG,2017-12-28 17:50:16.403809
0.07236,0.07563,0.03689,0.03689,1511384400,25733.55,1937.78,1,JordanManual,CCCAGG,ZCG,2017-12-28 17:50:16.403809
0.07227,0.07232,0.07136,0.07232,1511395200,0.0,0.0,1,JordanManual,CCCAGG,ZCG,2017-12-28 17:50:16.403809
0.0344,0.07216,0.0344,0.07184,1511406000,1716.65,59.05,1,JordanManual,CCCAGG,ZCG,2017-12-28 17:50:16.403809
0.05027,0.05027,0.03055,0.03055,1511416800,165.33,5.92,1,JordanManual,CCCAGG,ZCG,2017-12-28 17:50:16.403809
0.03592,0.05943,0.03592,0.05009,1511427600,3944.78,146.16,1,JordanManual,CCCAGG,ZCG,2017-12-28 17:50:16.403809
0.03705,0.04717,0.03539,0.03539,1511438400,2784.25,102.13,1,JordanManual,CCCAGG,ZCG,2017-12-28 17:50:16.403809
0.05322,0.05322,0.02883,0.05271,1511449200,3758.99,176.22,1,JordanManual,CCCAGG,ZCG,2017-12-28 17:50:16.403809
0.09666,0.09666,0.05703,0.05718,1511460000,41274.48,2662.91,1,JordanManual,CCCAGG,ZCG,2017-12-28 17:50:16.403809
0.08164,0.127,0.04234,0.08763,1511470800,20322.4,1968.78,1,JordanManual,CCCAGG,ZCG,2017-12-28 17:50:16.403809
205700000.0,205700000.0,0.05318,0.05318,1511481600,2001.0000001,164.11,1,JordanManual,CCCAGG,ZCG,2017-12-28 17:50:16.403809
0.0704,205140000.0,0.06151,205140000.0,1511492400,487.71,33.36,1,JordanManual,CCCAGG,ZCG,2017-12-28 17:50:16.403809
0.06854,0.08535,0.06854,0.06951,1511503200,9112.0,687.73,1,JordanManual,CCCAGG,ZCG,2017-12-28 17:50:16.403809
0.07928,0.08345,0.06966,0.06966,1511514000,16687.79,1300.55,1,JordanManual,CCCAGG,ZCG,2017-12-28 17:50:16.403809
0.05255,0.08652,0.04326,0.04326,1511524800,52.85,2.74,1,JordanManual,CCCAGG,ZCG,2017-12-28 17:50:16.403809
0.09072,0.1186,0.05425,0.05425,1511535600,19278.43,1360.9884,1,JordanManual,CCCAGG,ZCG,2017-12-28 17:50:16.403809
0.1384,0.8307,0.06299,0.06299,1511546400,27221.9,3216.46,1,JordanManual,CCCAGG,ZCG,2017-12-28 17:50:16.403809
0.2352,0.2823,0.1421,0.1421,1511557200,53056.65,10891.33,1,JordanManual,CCCAGG,ZCG,2017-12-28 17:50:16.403809
0.1312,0.2375,0.1312,0.1781,1511568000,18670.9,3066.25,1,JordanManual,CCCAGG,ZCG,2017-12-28 17:50:16.403809
0.1211,0.1767,0.1201,0.1201,1511578800,15455.05938,1865.84203,1,JordanManual,CCCAGG,ZCG,2017-12-28 17:50:16.403809
0.1212,0.1587,0.1212,0.1235,1511589600,1227.21,179.92,1,JordanManual,CCCAGG,ZCG,2017-12-28 17:50:16.403809
0.1541,0.1541,0.1511,0.1511,1511600400,3784.68,571.87,1,JordanManual,CCCAGG,ZCG,2017-12-28 17:50:16.403809
0.1748,0.1752,0.153,0.153,1511611200,22506.21,3937.3,1,JordanManual,CCCAGG,ZCG,2017-12-28 17:50:16.403809
0.1918,0.2031,0.1611,0.1614,1511622000,10899.29,2036.89,1,JordanManual,CCCAGG,ZCG,2017-12-28 17:50:16.403809
0.191,0.225,0.191,0.2105,1511632800,31396.04,6681.85,1,JordanManual,CCCAGG,ZCG,2017-12-28 17:50:16.403809
0.2044,0.4646,0.1597,0.2067,1511643600,54116.26,12147.62,1,JordanManual,CCCAGG,ZCG,2017-12-28 17:50:16.403809
0.1843,0.1964,0.1768,0.1768,1511654400,10450.09,1868.17,1,JordanManual,CCCAGG,ZCG,2017-12-28 17:50:16.403809
0.2278,0.2278,0.1693,0.1693,1511665200,2590.17,542.88,1,JordanManual,CCCAGG,ZCG,2017-12-28 17:50:16.403809
0.2257,0.5776,0.2118,0.222,1511676000,6512.91,1571.63,1,JordanManual,CCCAGG,ZCG,2017-12-28 17:50:16.403809
0.2078,0.2111,0.1767,0.2111,1511686800,21706.92,4399.11,1,JordanManual,CCCAGG,ZCG,2017-12-28 17:50:16.403809
0.2298,0.2298,0.2079,0.2079,1511697600,21951.99,4996.2,1,JordanManual,CCCAGG,ZCG,2017-12-28 17:50:16.403809
0.2289,0.2291,0.2215,0.2291,1511708400,9043.13,2055.74,1,JordanManual,CCCAGG,ZCG,2017-12-28 17:50:16.403809
1.38,1.38,0.2051,0.2266,1511719200,39413.15,39616.58,1,JordanManual,CCCAGG,ZCG,2017-12-28 17:50:16.403809
0.2306,0.2328,0.2221,0.2221,1511730000,17960.75,4149.67,1,JordanManual,CCCAGG,ZCG,2017-12-28 17:50:16.403809
0.2819,0.2819,0.2308,0.2308,1511740800,13950.3,3505.67,1,JordanManual,CCCAGG,ZCG,2017-12-28 17:50:16.403809
0.3388,0.4688,0.3388,0.4688,1511751600,16155.06,6462.67,1,JordanManual,CCCAGG,ZCG,2017-12-28 17:50:16.403809
0.3127,0.3681,0.2868,0.2868,1511762400,37492.46,11040.93,1,JordanManual,CCCAGG,ZCG,2017-12-28 17:50:16.403809
0.2959,0.3545,0.2754,0.2819,1511773200,47580.84,13800.57,1,JordanManual,CCCAGG,ZCG,2017-12-28 17:50:16.403809
0.3309,0.3309,0.2867,0.2951,1511784000,5257.1,1627.85,1,JordanManual,CCCAGG,ZCG,2017-12-28 17:50:16.403809
0.3058,0.3097,0.2444,0.3074,1511794800,17088.41,5227.58,1,JordanManual,CCCAGG,ZCG,2017-12-28 17:50:16.403809
0.1985,0.3057,0.1985,0.3057,1511805600,42261.95,10712.68,1,JordanManual,CCCAGG,ZCG,2017-12-28 17:50:16.403809
0.2946,0.2946,0.1661,0.1661,1511816400,39105.05,8675.72,1,JordanManual,CCCAGG,ZCG,2017-12-28 17:50:16.403809
0.2604,0.2828,0.2604,0.2828,1511827200,2610.75,680.1,1,JordanManual,CCCAGG,ZCG,2017-12-28 17:50:16.403809
0.2587,0.2612,0.2587,0.2612,1511838000,223.21,57.8,1,JordanManual,CCCAGG,ZCG,2017-12-28 17:50:16.403809
0.2587,0.2729,0.2084,0.2325,1511848800,28471.66,7600.77,1,JordanManual,CCCAGG,ZCG,2017-12-28 17:50:16.403809
0.2084,0.2702,0.1873,0.2701,1511859600,24232.64,5419.26,1,JordanManual,CCCAGG,ZCG,2017-12-28 17:50:16.403809
0.1587,0.2106,0.1587,0.2072,1511870400,53213.62,8904.68,1,JordanManual,CCCAGG,ZCG,2017-12-28 17:50:16.403809
0.2235,0.2374,0.1687,0.1874,1511881200,36642.2,7243.88,1,JordanManual,CCCAGG,ZCG,2017-12-28 17:50:16.403809
0.258,419526.0,0.197,0.2666,1511892000,18244.81,4600.55,1,JordanManual,CCCAGG,ZCG,2017-12-28 17:50:16.403809
0.2471,0.2595,0.2197,0.2595,1511902800,13588.63,3093.17,1,JordanManual,CCCAGG,ZCG,2017-12-28 17:50:16.403809
0.1741,0.2337,0.1741,0.2307,1511913600,32434.99,5673.86,1,JordanManual,CCCAGG,ZCG,2017-12-28 17:50:16.403809
0.1479,0.2129,0.1479,0.1818,1511924400,28888.86,5665.52,1,JordanManual,CCCAGG,ZCG,2017-12-28 17:50:16.403809
0.2091,0.2091,0.02263,0.1799,1511935200,20060.86,3733.62,1,JordanManual,CCCAGG,ZCG,2017-12-28 17:50:16.403809
0.2006,0.2006,0.1423,0.1423,1511946000,46932.73,7287.58,1,JordanManual,CCCAGG,ZCG,2017-12-28 17:50:16.403809
0.2095,0.2117,0.05041,0.2026,1511956800,12217.37,2508.88,1,JordanManual,CCCAGG,ZCG,2017-12-28 17:50:16.403809
0.1834,0.2022,0.161,0.2022,1511967600,12658.24,2296.62,1,JordanManual,CCCAGG,ZCG,2017-12-28 17:50:16.403809
0.1701,0.1941,0.1679,0.1941,1511978400,8571.06,1521.87,1,JordanManual,CCCAGG,ZCG,2017-12-28 17:50:16.403809
0.1896,0.1896,0.1648,0.1648,1511989200,4234.57,769.1,1,JordanManual,CCCAGG,ZCG,2017-12-28 17:50:16.403809
0.1799,0.201,0.1799,0.1955,1512000000,6734.15,1219.25,1,JordanManual,CCCAGG,ZCG,2017-12-28 17:50:16.403809
0.191,0.4111,0.1909,0.4111,1512010800,39966.51,10107.19,1,JordanManual,CCCAGG,ZCG,2017-12-28 17:50:16.403809
0.2186,0.2615,0.1874,0.1874,1512021600,19903.03,4322.99,1,JordanManual,CCCAGG,ZCG,2017-12-28 17:50:16.403809
0.2441,0.2766,0.2086,0.2324,1512032400,23973.43,5346.76,1,JordanManual,CCCAGG,ZCG,2017-12-28 17:50:16.403809
0.2323,0.2547,0.2319,0.2535,1512043200,26910.13,6538.91,1,JordanManual,CCCAGG,ZCG,2017-12-28 17:50:16.403809
0.2518,0.2518,0.2116,0.2238,1512054000,19997.13,4348.06,1,JordanManual,CCCAGG,ZCG,2017-12-28 17:50:16.403809
0.2335,0.261,0.2335,0.2458,1512064800,15028.58,3633.61,1,JordanManual,CCCAGG,ZCG,2017-12-28 17:50:16.403809
0.2609,0.2609,0.2177,0.2398,1512075600,8488.31,1893.33,1,JordanManual,CCCAGG,ZCG,2017-12-28 17:50:16.403809
0.2783,0.2783,0.2588,0.2588,1512086400,3974.19,1104.82,1,JordanManual,CCCAGG,ZCG,2017-12-28 17:50:16.403809
0.2736,0.2791,0.2736,0.2768,1512097200,0.0,0.0,1,JordanManual,CCCAGG,ZCG,2017-12-28 17:50:16.403809
0.3162,0.3162,0.3113,0.3113,1512108000,4665.36,1452.33,1,JordanManual,CCCAGG,ZCG,2017-12-28 17:50:16.403809
0.3214,0.322,0.3179,0.322,1512118800,0.0,0.0,1,JordanManual,CCCAGG,ZCG,2017-12-28 17:50:16.403809
0.2069,0.3033,0.1418,0.1418,1512129600,31259.58,5031.35,1,JordanManual,CCCAGG,ZCG,2017-12-28 17:50:16.403809
0.1626,0.2174,0.14,0.1708,1512140400,8870.3,1377.56,1,JordanManual,CCCAGG,ZCG,2017-12-28 17:50:16.403809
0.2191,0.4563,0.1491,0.1631,1512151200,6330.81,1814.73,1,JordanManual,CCCAGG,ZCG,2017-12-28 17:50:16.403809
0.1754,0.3468,0.1478,0.2191,1512162000,630.22,131.28,1,JordanManual,CCCAGG,ZCG,2017-12-28 17:50:16.403809
0.1779,0.1787,0.1762,0.1762,1512172800,341.0,60.08,1,JordanManual,CCCAGG,ZCG,2017-12-28 17:50:16.403809
0.1857,0.2084,0.1857,0.2084,1512183600,4051.9,769.84,1,JordanManual,CCCAGG,ZCG,2017-12-28 17:50:16.403809
0.1853,0.2281,0.1853,0.2281,1512194400,10439.44,2199.54,1,JordanManual,CCCAGG,ZCG,2017-12-28 17:50:16.403809
0.1665,0.2029,0.1665,0.188,1512205200,5081.95,853.42,1,JordanManual,CCCAGG,ZCG,2017-12-28 17:50:16.403809
0.1098,0.3067,0.09685,0.167,1512216000,21464.55,3537.07,1,JordanManual,CCCAGG,ZCG,2017-12-28 17:50:16.403809
0.1278,0.1278,0.1034,0.1087,1512226800,10309.94,1179.78,1,JordanManual,CCCAGG,ZCG,2017-12-28 17:50:16.403809
0.1191,0.1283,0.1191,0.1283,1512237600,3087.91,373.35,1,JordanManual,CCCAGG,ZCG,2017-12-28 17:50:16.403809
0.1511,0.323,0.1191,0.1292,1512248400,9422.58,1358.03,1,JordanManual,CCCAGG,ZCG,2017-12-28 17:50:16.403809
0.1374,0.1376,0.1188,0.1188,1512259200,2001.93,260.76,1,JordanManual,CCCAGG,ZCG,2017-12-28 17:50:16.403809
0.1461,0.1523,0.137,0.137,1512270000,7217.7,1063.83,1,JordanManual,CCCAGG,ZCG,2017-12-28 17:50:16.403809
0.1213,0.1471,0.1213,0.1471,1512280800,199.38,24.18,1,JordanManual,CCCAGG,ZCG,2017-12-28 17:50:16.403809
0.1527,0.1527,0.1211,0.1211,1512291600,3253.78,484.86,1,JordanManual,CCCAGG,ZCG,2017-12-28 17:50:16.403809
0.1241,0.1528,0.1241,0.1528,1512302400,173.0,21.47,1,JordanManual,CCCAGG,ZCG,2017-12-28 17:50:16.403809
0.1527,0.1527,0.1242,0.1242,1512313200,3503.4,534.95,1,JordanManual,CCCAGG,ZCG,2017-12-28 17:50:16.403809
0.1497,0.1534,0.1497,0.1531,1512324000,1296.01,197.48,1,JordanManual,CCCAGG,ZCG,2017-12-28 17:50:16.403809
0.1204,0.1204,0.1184,0.1184,1512334800,2514.04,301.82,1,JordanManual,CCCAGG,ZCG,2017-12-28 17:50:16.403809
0.1194,0.1207,0.1194,0.1199,1512345600,2913.0,351.6,1,JordanManual,CCCAGG,ZCG,2017-12-28 17:50:16.403809
0.1212,0.1212,0.1208,0.1208,1512356400,2157.74,260.8,1,JordanManual,CCCAGG,ZCG,2017-12-28 17:50:16.403809
0.127,0.1364,0.1212,0.1212,1512367200,3596.6,455.75,1,JordanManual,CCCAGG,ZCG,2017-12-28 17:50:16.403809
0.1143,0.1259,0.1143,0.1259,1512378000,3072.27,351.16,1,JordanManual,CCCAGG,ZCG,2017-12-28 17:50:16.403809
0.1391,0.1391,0.1325,0.1325,1512388800,12293.5,1684.21,1,JordanManual,CCCAGG,ZCG,2017-12-28 17:50:16.403809
0.1496,0.1496,0.1376,0.1386,1512399600,2000.0,299.2,1,JordanManual,CCCAGG,ZCG,2017-12-28 17:50:16.403809
0.1241,0.1485,0.1237,0.1485,1512410400,1196.29,147.98,1,JordanManual,CCCAGG,ZCG,2017-12-28 17:50:16.403809
0.1354,0.1354,0.1249,0.125,1512421200,1082.0,146.5,1,JordanManual,CCCAGG,ZCG,2017-12-28 17:50:16.403809
0.1343,0.1352,0.1343,0.1352,1512432000,0.0,0.0,1,JordanManual,CCCAGG,ZCG,2017-12-28 17:50:16.403809
0.1502,0.151,0.1278,0.1278,1512442800,720.0,108.72,1,JordanManual,CCCAGG,ZCG,2017-12-28 17:50:16.403809
0.152,0.152,0.1505,0.1505,1512453600,0.0,0.0,1,JordanManual,CCCAGG,ZCG,2017-12-28 17:50:16.403809
0.1383,0.1503,0.1383,0.1503,1512464400,154.07,21.31,1,JordanManual,CCCAGG,ZCG,2017-12-28 17:50:16.403809
0.149,0.149,0.1281,0.1372,1512475200,1417.05,202.38,1,JordanManual,CCCAGG,ZCG,2017-12-28 17:50:16.403809
0.1499,0.1504,0.149,0.1504,1512486000,398.0,59.37,1,JordanManual,CCCAGG,ZCG,2017-12-28 17:50:16.403809
0.1391,0.1513,0.1391,0.1513,1512496800,496.2,69.02,1,JordanManual,CCCAGG,ZCG,2017-12-28 17:50:16.403809
0.1362,0.1518,0.1362,0.1397,1512507600,3340.77,459.02,1,JordanManual,CCCAGG,ZCG,2017-12-28 17:50:16.403809
0.1398,0.1398,0.1353,0.1364,1512518400,4000.0,559.2,1,JordanManual,CCCAGG,ZCG,2017-12-28 17:50:16.403809
0.1384,0.14,0.1384,0.14,1512529200,0.0,0.0,1,JordanManual,CCCAGG,ZCG,2017-12-28 17:50:16.403809
0.1394,0.1397,0.1393,0.1397,1512540000,0.0,0.0,1,JordanManual,CCCAGG,ZCG,2017-12-28 17:50:16.403809
0.1457,0.1467,0.1251,0.1251,1512550800,2053.92,301.09,1,JordanManual,CCCAGG,ZCG,2017-12-28 17:50:16.403809
0.142,0.1456,0.142,0.1456,1512561600,980.0,139.16,1,JordanManual,CCCAGG,ZCG,2017-12-28 17:50:16.403809
0.1393,0.1423,0.1293,0.1293,1512572400,386.91,54.3551,1,JordanManual,CCCAGG,ZCG,2017-12-28 17:50:16.403809
0.1359,0.1394,0.1359,0.1394,1512583200,88.05,11.97,1,JordanManual,CCCAGG,ZCG,2017-12-28 17:50:16.403809
0.1352,0.1372,0.133,0.1372,1512594000,0.0,0.0,1,JordanManual,CCCAGG,ZCG,2017-12-28 17:50:16.403809
0.1373,0.1373,0.1346,0.1346,1512604800,0.0,0.0,1,JordanManual,CCCAGG,ZCG,2017-12-28 17:50:16.403809
0.1374,0.1383,0.1374,0.1379,1512615600,0.0,0.0,1,JordanManual,CCCAGG,ZCG,2017-12-28 17:50:16.403809
0.1257,0.136,0.1257,0.136,1512626400,996.0,126.99,1,JordanManual,CCCAGG,ZCG,2017-12-28 17:50:16.403809
0.124,0.1249,0.1225,0.1249,1512637200,0.0,0.0,1,JordanManual,CCCAGG,ZCG,2017-12-28 17:50:16.403809
0.1291,0.1291,0.1248,0.1248,1512648000,600.0,75.18,1,JordanManual,CCCAGG,ZCG,2017-12-28 17:50:16.403809
0.1249,0.125,0.1236,0.125,1512658800,2241.49,279.96,1,JordanManual,CCCAGG,ZCG,2017-12-28 17:50:16.403809
0.1081,0.1264,0.1058,0.1264,1512669600,2673.53,282.86,1,JordanManual,CCCAGG,ZCG,2017-12-28 17:50:16.403809
0.1057,0.106,0.1055,0.106,1512680400,0.0,0.0,1,JordanManual,CCCAGG,ZCG,2017-12-28 17:50:16.403809
0.1241,0.1252,0.104,0.104,1512691200,99.69,12.48,1,JordanManual,CCCAGG,ZCG,2017-12-28 17:50:16.403809
0.1266,0.1266,0.1255,0.1266,1512702000,93.38,11.82,1,JordanManual,CCCAGG,ZCG,2017-12-28 17:50:16.403809
0.1286,0.1286,0.1247,0.1247,1512712800,683.93,85.29,1,JordanManual,CCCAGG,ZCG,2017-12-28 17:50:16.403809
0.1332,0.1332,0.1301,0.1301,1512723600,377.0,50.22,1,JordanManual,CCCAGG,ZCG,2017-12-28 17:50:16.403809
0.1315,0.1346,0.1155,0.1329,1512734400,2064.0,239.54,1,JordanManual,CCCAGG,ZCG,2017-12-28 17:50:16.403809
0.1368,0.1368,0.1332,0.1332,1512745200,0.0,0.0,1,JordanManual,CCCAGG,ZCG,2017-12-28 17:50:16.403809
0.1347,0.1362,0.1338,0.1362,1512756000,360.02,48.18,1,JordanManual,CCCAGG,ZCG,2017-12-28 17:50:16.403809
0.1355,0.1362,0.1346,0.1346,1512766800,1210.0,164.79,1,JordanManual,CCCAGG,ZCG,2017-12-28 17:50:16.403809
0.1171,0.1371,0.1147,0.1358,1512777600,443.18,51.67,1,JordanManual,CCCAGG,ZCG,2017-12-28 17:50:16.403809
0.1434,0.1434,0.1173,0.1173,1512788400,1337.94,191.86,1,JordanManual,CCCAGG,ZCG,2017-12-28 17:50:16.403809
0.1465,0.1465,0.1441,0.1441,1512799200,0.0,0.0,1,JordanManual,CCCAGG,ZCG,2017-12-28 17:50:16.403809
0.1426,0.1472,0.1426,0.1472,1512810000,0.0,0.0,1,JordanManual,CCCAGG,ZCG,2017-12-28 17:50:16.403809
0.1444,0.1444,0.1427,0.1429,1512820800,4.22,0.6081,1,JordanManual,CCCAGG,ZCG,2017-12-28 17:50:16.403809
0.1365,0.1476,0.1365,0.1476,1512831600,0.0,0.0,1,JordanManual,CCCAGG,ZCG,2017-12-28 17:50:16.403809
0.1415,0.1418,0.138,0.138,1512842400,0.0,0.0,1,JordanManual,CCCAGG,ZCG,2017-12-28 17:50:16.403809
0.1419,0.1422,0.1411,0.1422,1512853200,0.0,0.0,1,JordanManual,CCCAGG,ZCG,2017-12-28 17:50:16.403809
0.1346,0.1384,0.1346,0.1384,1512864000,0.0,0.0,1,JordanManual,CCCAGG,ZCG,2017-12-28 17:50:16.403809
0.1114,0.1323,0.1072,0.1072,1512874800,5763.93,639.02,1,JordanManual,CCCAGG,ZCG,2017-12-28 17:50:16.403809
0.1104,0.1122,0.1104,0.1122,1512885600,0.0,0.0,1,JordanManual,CCCAGG,ZCG,2017-12-28 17:50:16.403809
0.1116,0.1119,0.1103,0.1119,1512896400,245.0,27.34,1,JordanManual,CCCAGG,ZCG,2017-12-28 17:50:16.403809
0.1128,0.1141,0.1115,0.1115,1512907200,0.0,0.0,1,JordanManual,CCCAGG,ZCG,2017-12-28 17:50:16.403809
0.1162,0.1321,0.114,0.114,1512918000,910.0,115.68,1,JordanManual,CCCAGG,ZCG,2017-12-28 17:50:16.403809
0.1145,0.1156,0.1145,0.1156,1512928800,3717.74,425.82,1,JordanManual,CCCAGG,ZCG,2017-12-28 17:50:16.403809
0.1113,0.1209,0.1104,0.1116,1512939600,2117.96,235.82,1,JordanManual,CCCAGG,ZCG,2017-12-28 17:50:16.403809
0.118,0.1242,0.1169,0.1242,1512950400,533.06,63.92,1,JordanManual,CCCAGG,ZCG,2017-12-28 17:50:16.403809
0.1197,0.1197,0.1182,0.1182,1512961200,0.0,0.0,1,JordanManual,CCCAGG,ZCG,2017-12-28 17:50:16.403809
0.116,0.1287,0.116,0.1211,1512972000,4026.0,479.72,1,JordanManual,CCCAGG,ZCG,2017-12-28 17:50:16.403809
0.1283,0.1283,0.1167,0.117,1512982800,2384.73,305.96,1,JordanManual,CCCAGG,ZCG,2017-12-28 17:50:16.403809
0.1357,0.1357,0.1217,0.1298,1512993600,3963.17,534.17,1,JordanManual,CCCAGG,ZCG,2017-12-28 17:50:16.403809
0.1428,0.204,0.1402,0.1402,1513004400,4980.28,790.89,1,JordanManual,CCCAGG,ZCG,2017-12-28 17:50:16.403809
0.1324,0.166,0.1324,0.1428,1513015200,2284.29,377.48,1,JordanManual,CCCAGG,ZCG,2017-12-28 17:50:16.403809
0.1437,0.1437,0.133,0.133,1513026000,2093.65,278.46,1,JordanManual,CCCAGG,ZCG,2017-12-28 17:50:16.403809
0.1493,0.1493,0.1418,0.1427,1513036800,0.0,0.0,1,JordanManual,CCCAGG,ZCG,2017-12-28 17:50:16.403809
0.1469,0.1481,0.1469,0.1478,1513047600,1305.71,192.83,1,JordanManual,CCCAGG,ZCG,2017-12-28 17:50:16.403809
0.2007,0.2023,0.145,0.145,1513058400,395.37539,79.348933,1,JordanManual,CCCAGG,ZCG,2017-12-28 17:50:16.403809
0.1486,0.199,0.1486,0.1985,1513069200,5533.939938,926.961484,1,JordanManual,CCCAGG,ZCG,2017-12-28 17:50:16.403809
0.1639,0.1657,0.156,0.156,1513080000,52.0,8.52,1,JordanManual,CCCAGG,ZCG,2017-12-28 17:50:16.403809
0.1505,0.1729,0.1505,0.1729,1513090800,13021.56,2031.36,1,JordanManual,CCCAGG,ZCG,2017-12-28 17:50:16.403809
0.1535,0.1556,0.1526,0.1528,1513101600,1882.36,287.41,1,JordanManual,CCCAGG,ZCG,2017-12-28 17:50:16.403809
0.1838,0.1838,0.125,0.1528,1513112400,2708.1,442.66,1,JordanManual,CCCAGG,ZCG,2017-12-28 17:50:16.403809
0.171,0.183,0.171,0.183,1513123200,0.0,0.0,1,JordanManual,CCCAGG,ZCG,2017-12-28 17:50:16.403809
0.1356,0.1739,0.124,0.1739,1513134000,854.48,114.89,1,JordanManual,CCCAGG,ZCG,2017-12-28 17:50:16.403809
0.157,0.1616,0.1377,0.1377,1513144800,3225.93,479.04,1,JordanManual,CCCAGG,ZCG,2017-12-28 17:50:16.403809
0.06713,0.1587,0.06713,0.1587,1513155600,2580.19,263.63,1,JordanManual,CCCAGG,ZCG,2017-12-28 17:50:16.403809
0.0738,0.0738,0.06812,0.06812,1513166400,0.0,0.0,1,JordanManual,CCCAGG,ZCG,2017-12-28 17:50:16.403809
0.06997,0.07321,0.06997,0.07321,1513177200,0.0,0.0,1,JordanManual,CCCAGG,ZCG,2017-12-28 17:50:16.403809
0.1023,0.105,0.06778,0.06778,1513188000,540.95,56.8,1,JordanManual,CCCAGG,ZCG,2017-12-28 17:50:16.403809
0.1573,0.1573,0.1388,0.1388,1513198800,808.0,126.21,1,JordanManual,CCCAGG,ZCG,2017-12-28 17:50:16.403809
0.162,0.1648,0.162,0.1647,1513209600,0.0,0.0,1,JordanManual,CCCAGG,ZCG,2017-12-28 17:50:16.403809
0.1632,0.168,0.1632,0.1638,1513220400,0.0,0.0,1,JordanManual,CCCAGG,ZCG,2017-12-28 17:50:16.403809
0.109,0.1541,0.109,0.1122,1513231200,5407.79,601.61,1,JordanManual,CCCAGG,ZCG,2017-12-28 17:50:16.403809
0.1072,0.1107,0.1072,0.1107,1513242000,541.24,59.92,1,JordanManual,CCCAGG,ZCG,2017-12-28 17:50:16.403809
0.1018,0.1068,0.1018,0.1068,1513252800,15653.15,1632.77,1,JordanManual,CCCAGG,ZCG,2017-12-28 17:50:16.403809
0.1022,0.1036,0.1021,0.1036,1513263600,0.0,0.0,1,JordanManual,CCCAGG,ZCG,2017-12-28 17:50:16.403809
0.1028,0.1028,0.09954,0.09954,1513274400,3129.74,318.61,1,JordanManual,CCCAGG,ZCG,2017-12-28 17:50:16.403809
0.104,0.104,0.103,0.1037,1513285200,181.44,18.82,1,JordanManual,CCCAGG,ZCG,2017-12-28 17:50:16.403809
0.09583,0.1004,0.09583,0.1004,1513296000,1194.96,115.93,1,JordanManual,CCCAGG,ZCG,2017-12-28 17:50:16.403809
0.09866,0.09869,0.09838,0.09869,1513306800,1014.52,100.12,1,JordanManual,CCCAGG,ZCG,2017-12-28 17:50:16.403809
0.09916,0.09927,0.0987,0.09927,1513317600,420.0,41.65,1,JordanManual,CCCAGG,ZCG,2017-12-28 17:50:16.403809
0.09717,0.09756,0.09593,0.09593,1513328400,150.0,14.63,1,JordanManual,CCCAGG,ZCG,2017-12-28 17:50:16.403809
0.08816,0.09825,0.08515,0.09825,1513339200,1408.69,122.73,1,JordanManual,CCCAGG,ZCG,2017-12-28 17:50:16.403809
0.08956,0.08979,0.0894,0.08979,1513350000,121.31,10.86,1,JordanManual,CCCAGG,ZCG,2017-12-28 17:50:16.403809
0.1029,0.1029,0.08873,0.08876,1513360800,74.0,6.5829,1,JordanManual,CCCAGG,ZCG,2017-12-28 17:50:16.403809
0.0958,0.1028,0.06838,0.1028,1513371600,4710.03,336.81,1,JordanManual,CCCAGG,ZCG,2017-12-28 17:50:16.403809
0.1474,0.1482,0.1038,0.1038,1513382400,6252.45,909.11,1,JordanManual,CCCAGG,ZCG,2017-12-28 17:50:16.403809
0.1468,0.1468,0.1328,0.1464,1513393200,5070.51,744.35,1,JordanManual,CCCAGG,ZCG,2017-12-28 17:50:16.403809
0.1388,0.1451,0.08985,0.1444,1513404000,690.0,73.74,1,JordanManual,CCCAGG,ZCG,2017-12-28 17:50:16.403809
0.07018,0.09013,0.01317,0.0837,1513414800,5489.97,387.8,1,JordanManual,CCCAGG,ZCG,2017-12-28 17:50:16.403809
0.08376,0.1342,0.08376,0.1342,1513425600,720.5,60.6842,1,JordanManual,CCCAGG,ZCG,2017-12-28 17:50:16.403809
0.1249,0.1249,0.08262,0.08262,1513436400,555.0,69.32,1,JordanManual,CCCAGG,ZCG,2017-12-28 17:50:16.403809
0.08343,0.1239,0.08343,0.1239,1513447200,888.05,74.09,1,JordanManual,CCCAGG,ZCG,2017-12-28 17:50:16.403809
0.1192,0.1192,0.08341,0.08358,1513458000,2935.36,262.68,1,JordanManual,CCCAGG,ZCG,2017-12-28 17:50:16.403809
0.1218,0.1218,0.1216,0.1216,1513468800,0.0,0.0,1,JordanManual,CCCAGG,ZCG,2017-12-28 17:50:16.403809
0.1237,0.1237,0.1234,0.1234,1513479600,0.0,0.0,1,JordanManual,CCCAGG,ZCG,2017-12-28 17:50:16.403809
0.08775,0.08782,0.08774,0.08782,1513490400,40.0,3.51,1,JordanManual,CCCAGG,ZCG,2017-12-28 17:50:16.403809
0.165,0.1798,0.0824,0.0824,1513501200,25380.5900499,4353.55000412,1,JordanManual,CCCAGG,ZCG,2017-12-28 17:50:16.403809
0.1998,0.2002,0.1781,0.1781,1513512000,9094.04,1789.79,1,JordanManual,CCCAGG,ZCG,2017-12-28 17:50:16.403809
0.2138,0.3217,0.193,0.2109,1513522800,8021.26,2295.5,1,JordanManual,CCCAGG,ZCG,2017-12-28 17:50:16.403809
0.1158,0.1892,0.1158,0.1892,1513533600,1500.85,220.13,1,JordanManual,CCCAGG,ZCG,2017-12-28 17:50:16.403809
0.1507,0.152,0.1158,0.1171,1513544400,2315.79,349.58,1,JordanManual,CCCAGG,ZCG,2017-12-28 17:50:16.403809
0.1462,0.147,0.146,0.146,1513555200,0.0,0.0,1,JordanManual,CCCAGG,ZCG,2017-12-28 17:50:16.403809
0.1688,0.1688,0.1061,0.1491,1513566000,10673.66,1303.97,1,JordanManual,CCCAGG,ZCG,2017-12-28 17:50:16.403809
0.1081,0.128,0.1066,0.128,1513576800,226.92,28.47,1,JordanManual,CCCAGG,ZCG,2017-12-28 17:50:16.403809
0.1118,0.1118,0.1081,0.1081,1513587600,0.0,0.0,1,JordanManual,CCCAGG,ZCG,2017-12-28 17:50:16.403809
0.1589,0.1591,0.1103,0.1103,1513598400,720.0,114.55,1,JordanManual,CCCAGG,ZCG,2017-12-28 17:50:16.403809
0.1677,0.1677,0.1606,0.1606,1513609200,3649.62,592.55,1,JordanManual,CCCAGG,ZCG,2017-12-28 17:50:16.403809
0.1757,0.1757,0.1721,0.1721,1513620000,80.0,14.06,1,JordanManual,CCCAGG,ZCG,2017-12-28 17:50:16.403809
0.1792,0.1811,0.1791,0.1811,1513630800,0.0,0.0,1,JordanManual,CCCAGG,ZCG,2017-12-28 17:50:16.403809
0.1858,0.1858,0.178,0.178,1513641600,0.0,0.0,1,JordanManual,CCCAGG,ZCG,2017-12-28 17:50:16.403809
0.1329,0.1865,0.1329,0.185,1513652400,318.0,42.26,1,JordanManual,CCCAGG,ZCG,2017-12-28 17:50:16.403809
0.1715,0.1844,0.134,0.134,1513663200,10293.06,1796.55,1,JordanManual,CCCAGG,ZCG,2017-12-28 17:50:16.403809
0.1276,0.141,0.1228,0.1287,1513674000,10631.7,1351.1,1,JordanManual,CCCAGG,ZCG,2017-12-28 17:50:16.403809
0.1305,0.1328,0.1289,0.1289,1513684800,0.0,0.0,1,JordanManual,CCCAGG,ZCG,2017-12-28 17:50:16.403809
0.1449,0.1449,0.1299,0.1299,1513695600,875.0,126.79,1,JordanManual,CCCAGG,ZCG,2017-12-28 17:50:16.403809
0.1428,0.1462,0.1428,0.1462,1513706400,0.0,0.0,1,JordanManual,CCCAGG,ZCG,2017-12-28 17:50:16.403809
0.1316,0.1414,0.1316,0.1354,1513717200,19456.96,2605.61,1,JordanManual,CCCAGG,ZCG,2017-12-28 17:50:16.403809
0.1223,0.1295,0.1223,0.1241,1513728000,89.0,10.88,1,JordanManual,CCCAGG,ZCG,2017-12-28 17:50:16.403809
0.1351,0.1372,0.1208,0.1208,1513738800,650.0,89.18,1,JordanManual,CCCAGG,ZCG,2017-12-28 17:50:16.403809
0.1392,0.1392,0.1252,0.1337,1513749600,7319.0204471,1011.8100566,1,JordanManual,CCCAGG,ZCG,2017-12-28 17:50:16.403809
0.1416,0.1416,0.139,0.139,1513760400,0.0,0.0,1,JordanManual,CCCAGG,ZCG,2017-12-28 17:50:16.403809
0.1581,0.1581,0.1391,0.1439,1513771200,1055.75,164.83,1,JordanManual,CCCAGG,ZCG,2017-12-28 17:50:16.403809
0.1607,0.1607,0.1544,0.1544,1513782000,1568.0,247.9,1,JordanManual,CCCAGG,ZCG,2017-12-28 17:50:16.403809
0.1461,0.1572,0.1461,0.1572,1513792800,3579.0,527.22,1,JordanManual,CCCAGG,ZCG,2017-12-28 17:50:16.403809
0.1446,0.1446,0.1424,0.1426,1513803600,0.0,0.0,1,JordanManual,CCCAGG,ZCG,2017-12-28 17:50:16.403809
0.1442,0.1453,0.1442,0.1453,1513814400,0.0,0.0,1,JordanManual,CCCAGG,ZCG,2017-12-28 17:50:16.403809
0.1493,0.1505,0.1473,0.1473,1513825200,0.0,0.0,1,JordanManual,CCCAGG,ZCG,2017-12-28 17:50:16.403809
0.1498,0.1516,0.1498,0.1516,1513836000,0.0,0.0,1,JordanManual,CCCAGG,ZCG,2017-12-28 17:50:16.403809
0.1505,0.1505,0.1503,0.1504,1513846800,0.0,0.0,1,JordanManual,CCCAGG,ZCG,2017-12-28 17:50:16.403809
0.1448,0.1512,0.1448,0.1512,1513857600,0.0,0.0,1,JordanManual,CCCAGG,ZCG,2017-12-28 17:50:16.403809
0.1403,0.1421,0.1396,0.1396,1513868400,0.0,0.0,1,JordanManual,CCCAGG,ZCG,2017-12-28 17:50:16.403809
0.1383,0.1424,0.1383,0.1424,1513879200,0.0,0.0,1,JordanManual,CCCAGG,ZCG,2017-12-28 17:50:16.403809
0.1429,0.1429,0.1413,0.1413,1513890000,0.0,0.0,1,JordanManual,CCCAGG,ZCG,2017-12-28 17:50:16.403809
0.129,0.1394,0.129,0.1394,1513900800,0.0,0.0,1,JordanManual,CCCAGG,ZCG,2017-12-28 17:50:16.403809
0.1378,0.1426,0.136,0.136,1513911600,0.03445,0.004685,1,JordanManual,CCCAGG,ZCG,2017-12-28 17:50:16.403809
0.1278,0.1318,0.1251,0.1318,1513922400,0.0,0.0,1,JordanManual,CCCAGG,ZCG,2017-12-28 17:50:16.403809
0.1329,0.1349,0.1329,0.1345,1513933200,0.0,0.0,1,JordanManual,CCCAGG,ZCG,2017-12-28 17:50:16.403809
0.1123,0.1295,0.1123,0.1295,1513944000,0.0,0.0,1,JordanManual,CCCAGG,ZCG,2017-12-28 17:50:16.403809
0.1256,0.1263,0.1245,0.1263,1513954800,0.0,0.0,1,JordanManual,CCCAGG,ZCG,2017-12-28 17:50:16.403809
0.1351,0.1351,0.1277,0.1291,1513965600,0.0,0.0,1,JordanManual,CCCAGG,ZCG,2017-12-28 17:50:16.403809
0.1316,0.1411,0.1316,0.1342,1513976400,0.0,0.0,1,JordanManual,CCCAGG,ZCG,2017-12-28 17:50:16.403809
0.1369,0.1369,0.1335,0.1335,1513987200,0.0,0.0,1,JordanManual,CCCAGG,ZCG,2017-12-28 17:50:16.403809
0.1048,0.1592,0.1048,0.1105,1513998000,804.59,88.69,1,JordanManual,CCCAGG,ZCG,2017-12-28 17:50:16.403809
0.1091,0.1091,0.1057,0.1057,1514008800,0.0,0.0,1,JordanManual,CCCAGG,ZCG,2017-12-28 17:50:16.403809
0.1136,0.1136,0.1098,0.1098,1514019600,0.0,0.0,1,JordanManual,CCCAGG,ZCG,2017-12-28 17:50:16.403809
0.1159,0.1159,0.1116,0.1116,1514030400,0.0,0.0,1,JordanManual,CCCAGG,ZCG,2017-12-28 17:50:16.403809
0.1131,0.1145,0.1117,0.1117,1514041200,0.0,0.0,1,JordanManual,CCCAGG,ZCG,2017-12-28 17:50:16.403809
0.1146,0.1146,0.112,0.112,1514052000,0.0,0.0,1,JordanManual,CCCAGG,ZCG,2017-12-28 17:50:16.403809
0.1093,0.1149,0.1093,0.1149,1514062800,0.0,0.0,1,JordanManual,CCCAGG,ZCG,2017-12-28 17:50:16.403809
0.003261,0.1119,0.002014,0.108,1514073600,9870.09,33.68,1,JordanManual,CCCAGG,ZCG,2017-12-28 17:50:16.403809
0.003434,0.003434,0.003375,0.003422,1514084400,0.0,0.0,1,JordanManual,CCCAGG,ZCG,2017-12-28 17:50:16.403809
0.003454,0.003485,0.0034,0.003485,1514095200,0.0,0.0,1,JordanManual,CCCAGG,ZCG,2017-12-28 17:50:16.403809
0.07378,0.07664,0.003257,0.003318,1514106000,25.87,1.98,1,JordanManual,CCCAGG,ZCG,2017-12-28 17:50:16.403809
0.1172,0.1172,0.07394,0.07394,1514116800,215.0,23.84,1,JordanManual,CCCAGG,ZCG,2017-12-28 17:50:16.403809
0.1143,0.1163,0.1143,0.1147,1514127600,498.45,57.17,1,JordanManual,CCCAGG,ZCG,2017-12-28 17:50:16.403809
0.1163,0.1163,0.1119,0.1132,1514138400,0.0,0.0,1,JordanManual,CCCAGG,ZCG,2017-12-28 17:50:16.403809
0.1217,0.1217,0.115,0.115,1514149200,117.59,13.64,1,JordanManual,CCCAGG,ZCG,2017-12-28 17:50:16.403809
0.2307,0.2307,0.1243,0.1243,1514160000,119.5,27.57,1,JordanManual,CCCAGG,ZCG,2017-12-28 17:50:16.403809
0.2366,0.2366,0.231,0.231,1514170800,0.0,0.0,1,JordanManual,CCCAGG,ZCG,2017-12-28 17:50:16.403809
0.2423,0.2423,0.2358,0.2358,1514181600,0.0,0.0,1,JordanManual,CCCAGG,ZCG,2017-12-28 17:50:16.403809
0.1354,0.2403,0.1331,0.2403,1514192400,35.0,4.66,1,JordanManual,CCCAGG,ZCG,2017-12-28 17:50:16.403809
0.1054,0.1376,0.1054,0.1376,1514203200,370.62,39.06,1,JordanManual,CCCAGG,ZCG,2017-12-28 17:50:16.403809
0.1239,0.2802,0.05762,0.1077,1514214000,5129.53,792.42,1,JordanManual,CCCAGG,ZCG,2017-12-28 17:50:16.403809
0.1809,0.1829,0.1254,0.1254,1514224800,400.0,72.92,1,JordanManual,CCCAGG,ZCG,2017-12-28 17:50:16.403809
0.1265,0.1811,0.1265,0.1811,1514235600,795.0,100.59,1,JordanManual,CCCAGG,ZCG,2017-12-28 17:50:16.403809
0.1297,0.1297,0.1275,0.1275,1514246400,539.0,69.91,1,JordanManual,CCCAGG,ZCG,2017-12-28 17:50:16.403809
0.1298,0.132,0.1298,0.132,1514257200,0.0,0.0,1,JordanManual,CCCAGG,ZCG,2017-12-28 17:50:16.403809
0.1309,0.1315,0.1305,0.1305,1514268000,0.0,0.0,1,JordanManual,CCCAGG,ZCG,2017-12-28 17:50:16.403809
0.1035,0.132,0.1035,0.132,1514278800,3933.94,434.42,1,JordanManual,CCCAGG,ZCG,2017-12-28 17:50:16.403809
0.1108,0.1111,0.1037,0.1038,1514289600,46.52,5.17,1,JordanManual,CCCAGG,ZCG,2017-12-28 17:50:16.403809
0.146,0.146,0.1116,0.1116,1514300400,3928.01,522.76,1,JordanManual,CCCAGG,ZCG,2017-12-28 17:50:16.403809
0.113,0.1479,0.113,0.1465,1514311200,4983.35,727.91,1,JordanManual,CCCAGG,ZCG,2017-12-28 17:50:16.403809
0.1492,0.1492,0.1132,0.1134,1514322000,7064.74,893.01,1,JordanManual,CCCAGG,ZCG,2017-12-28 17:50:16.403809
0.1496,0.1502,0.1496,0.1502,1514332800,0.0,0.0,1,JordanManual,CCCAGG,ZCG,2017-12-28 17:50:16.403809
0.145,0.1511,0.145,0.1504,1514343600,1855.38,269.03,1,JordanManual,CCCAGG,ZCG,2017-12-28 17:50:16.403809
0.1449,0.1455,0.1449,0.1454,1514354400,0.0,0.0,1,JordanManual,CCCAGG,ZCG,2017-12-28 17:50:16.403809
0.1427,0.143,0.1413,0.143,1514365200,0.0,0.0,1,JordanManual,CCCAGG,ZCG,2017-12-28 17:50:16.403809
0.1462,0.1484,0.118,0.1436,1514376000,15352.87,2235.84,1,JordanManual,CCCAGG,ZCG,2017-12-28 17:50:16.403809
0.1309,0.1467,0.1286,0.1467,1514386800,92.23,12.27,1,JordanManual,CCCAGG,ZCG,2017-12-28 17:50:16.403809
0.1655,0.1655,0.1301,0.1315,1514397600,3027.35,469.42,1,JordanManual,CCCAGG,ZCG,2017-12-28 17:50:16.403809
0.1761,0.1953,0.1674,0.1743,1514408400,1189.45,230.4127,1,JordanManual,CCCAGG,ZCG,2017-12-28 17:50:16.403809
0.1648,0.1755,0.1648,0.175,1514419200,0.0,0.0,1,JordanManual,CCCAGG,ZCG,2017-12-28 17:50:16.403809
0.1651,0.1682,0.1582,0.1681,1514430000,600.0,97.81,1,JordanManual,CCCAGG,ZCG,2017-12-28 17:50:16.403809
0.1674,0.1675,0.1659,0.1659,1514440800,0.0,0.0,1,JordanManual,CCCAGG,ZCG,2017-12-28 17:50:16.403809
0.1241,0.181,0.1218,0.181,1514451600,2132.21,339.46,1,JordanManual,CCCAGG,ZCG,2017-12-28 17:50:16.403809
0.1843,0.1843,0.1261,0.1261,1514462400,3032.58,551.82,1,JordanManual,CCCAGG,ZCG,2017-12-28 17:50:16.403809
0.1542,0.1847,0.1524,0.1847,1514473200,2657.0,404.93,1,JordanManual,CCCAGG,ZCG,2017-12-28 17:50:16.403809
0.1602,0.1602,0.1487,0.1487,1514484000,100.0,15.9,1,JordanManual,CCCAGG,ZCG,2017-12-28 17:50:16.403809
0.1857,0.1857,0.1608,0.1608,1514494800,1042.02,193.08,1,JordanManual,CCCAGG,ZCG,2017-12-28 17:50:16.403809
0.187,0.187,0.187,0.187,1514505600,1115.8,208.65,1,JordanManual,CCCAGG,ZCG,2017-12-28 17:50:16.403809
