close,coin_units,computer_name,exchange,high,low,open,symbol,time,timestamp_api_call,volumefrom,volumeto
2.49,1,JordanManual,CCCAGG,2.49,2.47,2.49,ADX,1514723580,2018-01-01 14:51:31.693523,14525.64,35989.5
2.51,1,JordanManual,CCCAGG,2.51,2.48,2.49,ADX,1514723760,2018-01-01 14:51:31.693523,18089.72,45264.74
2.5,1,JordanManual,CCCAGG,2.51,2.49,2.5,ADX,1514723940,2018-01-01 14:51:31.693523,19247.03,48161.06
2.51,1,JordanManual,CCCAGG,2.51,2.5,2.5,ADX,1514724120,2018-01-01 14:51:31.693523,14067.55,35261.02
2.5,1,JordanManual,CCCAGG,2.51,2.5,2.51,ADX,1514724300,2018-01-01 14:51:31.693523,9920.71,24865.64
2.5,1,JordanManual,CCCAGG,2.5,2.49,2.5,ADX,1514724480,2018-01-01 14:51:31.693523,9501.34,23753.34
2.46,1,JordanManual,CCCAGG,2.48,2.45,2.48,ADX,1514724660,2018-01-01 14:51:31.693523,8926.79,21982.36
2.47,1,JordanManual,CCCAGG,2.47,2.46,2.47,ADX,1514724840,2018-01-01 14:51:31.693523,23645.71,58322.45
2.47,1,JordanManual,CCCAGG,2.47,2.46,2.47,ADX,1514725020,2018-01-01 14:51:31.693523,22962.0,56716.14
2.47,1,JordanManual,CCCAGG,2.48,2.47,2.48,ADX,1514725200,2018-01-01 14:51:31.693523,10738.93,26593.17
2.48,1,JordanManual,CCCAGG,2.48,2.48,2.48,ADX,1514725380,2018-01-01 14:51:31.693523,15991.95,39660.03
2.46,1,JordanManual,CCCAGG,2.48,2.46,2.48,ADX,1514725560,2018-01-01 14:51:31.693523,10666.25,26321.32
2.47,1,JordanManual,CCCAGG,2.47,2.46,2.46,ADX,1514725740,2018-01-01 14:51:31.693523,18291.13,45067.22
2.45,1,JordanManual,CCCAGG,2.46,2.45,2.46,ADX,1514725920,2018-01-01 14:51:31.693523,8774.59,21563.49
2.47,1,JordanManual,CCCAGG,2.47,2.45,2.45,ADX,1514726100,2018-01-01 14:51:31.693523,16448.92,40485.0
2.46,1,JordanManual,CCCAGG,2.48,2.46,2.47,ADX,1514726280,2018-01-01 14:51:31.693523,14582.48,35910.49
2.45,1,JordanManual,CCCAGG,2.47,2.44,2.45,ADX,1514726460,2018-01-01 14:51:31.693523,10367.58,25465.27
2.45,1,JordanManual,CCCAGG,2.45,2.43,2.44,ADX,1514726640,2018-01-01 14:51:31.693523,16486.73,40341.4
2.46,1,JordanManual,CCCAGG,2.46,2.46,2.46,ADX,1514726820,2018-01-01 14:51:31.693523,21117.43,51948.88
2.47,1,JordanManual,CCCAGG,2.47,2.46,2.46,ADX,1514727000,2018-01-01 14:51:31.693523,17311.22,42758.72
2.47,1,JordanManual,CCCAGG,2.47,2.46,2.47,ADX,1514727180,2018-01-01 14:51:31.693523,13289.82,32747.03
2.47,1,JordanManual,CCCAGG,2.47,2.46,2.47,ADX,1514727360,2018-01-01 14:51:31.693523,15739.55,38876.69
2.48,1,JordanManual,CCCAGG,2.48,2.47,2.48,ADX,1514727540,2018-01-01 14:51:31.693523,10099.78,24971.73
2.48,1,JordanManual,CCCAGG,2.48,2.48,2.48,ADX,1514727720,2018-01-01 14:51:31.693523,26531.68,65798.56
2.49,1,JordanManual,CCCAGG,2.49,2.48,2.48,ADX,1514727900,2018-01-01 14:51:31.693523,16589.49,41218.13
2.49,1,JordanManual,CCCAGG,2.5,2.49,2.49,ADX,1514728080,2018-01-01 14:51:31.693523,20926.81,52196.06
2.5,1,JordanManual,CCCAGG,2.5,2.49,2.5,ADX,1514728260,2018-01-01 14:51:31.693523,38887.92,97219.8
2.53,1,JordanManual,CCCAGG,2.53,2.51,2.51,ADX,1514728440,2018-01-01 14:51:31.693523,48374.82,122259.9
2.54,1,JordanManual,CCCAGG,2.54,2.53,2.53,ADX,1514728620,2018-01-01 14:51:31.693523,28249.88,71667.73
2.55,1,JordanManual,CCCAGG,2.56,2.54,2.54,ADX,1514728800,2018-01-01 14:51:31.693523,17903.67,45581.64
2.55,1,JordanManual,CCCAGG,2.56,2.55,2.55,ADX,1514728980,2018-01-01 14:51:31.693523,35219.01,89959.08
2.57,1,JordanManual,CCCAGG,2.57,2.55,2.55,ADX,1514729160,2018-01-01 14:51:31.693523,28869.33,73944.09
2.57,1,JordanManual,CCCAGG,2.58,2.56,2.57,ADX,1514729340,2018-01-01 14:51:31.693523,18856.87,48505.3
2.56,1,JordanManual,CCCAGG,2.57,2.56,2.56,ADX,1514729520,2018-01-01 14:51:31.693523,20317.92,52073.29
2.57,1,JordanManual,CCCAGG,2.57,2.55,2.55,ADX,1514729700,2018-01-01 14:51:31.693523,30344.05,77856.31
2.58,1,JordanManual,CCCAGG,2.58,2.57,2.57,ADX,1514729880,2018-01-01 14:51:31.693523,41698.38,107581.83
2.57,1,JordanManual,CCCAGG,2.59,2.57,2.58,ADX,1514730060,2018-01-01 14:51:31.693523,30368.76,78249.2
2.59,1,JordanManual,CCCAGG,2.59,2.58,2.58,ADX,1514730240,2018-01-01 14:51:31.693523,39402.25,101977.91
2.59,1,JordanManual,CCCAGG,2.6,2.58,2.59,ADX,1514730420,2018-01-01 14:51:31.693523,16402.58,42408.47
2.61,1,JordanManual,CCCAGG,2.61,2.6,2.6,ADX,1514730600,2018-01-01 14:51:31.693523,25304.74,65910.89
2.6,1,JordanManual,CCCAGG,2.61,2.59,2.61,ADX,1514730780,2018-01-01 14:51:31.693523,15951.81,41427.51
2.61,1,JordanManual,CCCAGG,2.62,2.6,2.6,ADX,1514730960,2018-01-01 14:51:31.693523,25458.83,66384.25
2.64,1,JordanManual,CCCAGG,2.64,2.62,2.62,ADX,1514731140,2018-01-01 14:51:31.693523,23911.79,62975.95
2.64,1,JordanManual,CCCAGG,2.65,2.63,2.64,ADX,1514731320,2018-01-01 14:51:31.693523,34619.47,91395.4
2.66,1,JordanManual,CCCAGG,2.66,2.64,2.64,ADX,1514731500,2018-01-01 14:51:31.693523,26128.75,69502.48
2.66,1,JordanManual,CCCAGG,2.66,2.65,2.66,ADX,1514731680,2018-01-01 14:51:31.693523,19458.7,51760.14
2.65,1,JordanManual,CCCAGG,2.66,2.65,2.66,ADX,1514731860,2018-01-01 14:51:31.693523,35758.4,94864.88
2.68,1,JordanManual,CCCAGG,2.68,2.65,2.65,ADX,1514732040,2018-01-01 14:51:31.693523,68813.78,183833.9
2.7,1,JordanManual,CCCAGG,2.71,2.68,2.68,ADX,1514732220,2018-01-01 14:51:31.693523,38890.74,104909.62
2.67,1,JordanManual,CCCAGG,2.7,2.67,2.7,ADX,1514732400,2018-01-01 14:51:31.693523,30008.89,80411.87
2.67,1,JordanManual,CCCAGG,2.69,2.66,2.68,ADX,1514732580,2018-01-01 14:51:31.693523,38162.68,102117.48
2.67,1,JordanManual,CCCAGG,2.68,2.67,2.67,ADX,1514732760,2018-01-01 14:51:31.693523,25364.78,67770.93
2.65,1,JordanManual,CCCAGG,2.65,2.64,2.65,ADX,1514732940,2018-01-01 14:51:31.693523,18617.1,49335.32
2.64,1,JordanManual,CCCAGG,2.65,2.64,2.65,ADX,1514733120,2018-01-01 14:51:31.693523,22946.07,60577.63
2.65,1,JordanManual,CCCAGG,2.65,2.63,2.64,ADX,1514733300,2018-01-01 14:51:31.693523,25319.09,66941.12
2.63,1,JordanManual,CCCAGG,2.65,2.63,2.64,ADX,1514733480,2018-01-01 14:51:31.693523,17622.01,46584.76
2.62,1,JordanManual,CCCAGG,2.63,2.62,2.62,ADX,1514733660,2018-01-01 14:51:31.693523,15177.2,39847.06
2.62,1,JordanManual,CCCAGG,2.63,2.62,2.62,ADX,1514733840,2018-01-01 14:51:31.693523,10503.15,27518.25
2.63,1,JordanManual,CCCAGG,2.63,2.62,2.62,ADX,1514734020,2018-01-01 14:51:31.693523,15936.33,41886.24
2.63,1,JordanManual,CCCAGG,2.64,2.63,2.63,ADX,1514734200,2018-01-01 14:51:31.693523,10218.31,26874.15
2.64,1,JordanManual,CCCAGG,2.64,2.63,2.63,ADX,1514734380,2018-01-01 14:51:31.693523,26578.37,70152.99
2.66,1,JordanManual,CCCAGG,2.66,2.64,2.64,ADX,1514734560,2018-01-01 14:51:31.693523,11952.11,31620.35
2.67,1,JordanManual,CCCAGG,2.67,2.66,2.67,ADX,1514734740,2018-01-01 14:51:31.693523,15111.73,40348.31
2.71,1,JordanManual,CCCAGG,2.71,2.67,2.68,ADX,1514734920,2018-01-01 14:51:31.693523,22253.65,60080.27
2.73,1,JordanManual,CCCAGG,2.73,2.71,2.71,ADX,1514735100,2018-01-01 14:51:31.693523,42599.1,116083.49
2.69,1,JordanManual,CCCAGG,2.73,2.68,2.73,ADX,1514735280,2018-01-01 14:51:31.693523,23265.12,62583.17
2.71,1,JordanManual,CCCAGG,2.72,2.68,2.69,ADX,1514735460,2018-01-01 14:51:31.693523,13867.18,37370.55
2.71,1,JordanManual,CCCAGG,2.73,2.71,2.71,ADX,1514735640,2018-01-01 14:51:31.693523,6966.81,18936.76
2.72,1,JordanManual,CCCAGG,2.74,2.71,2.71,ADX,1514735820,2018-01-01 14:51:31.693523,17261.84,47149.63
2.75,1,JordanManual,CCCAGG,2.78,2.73,2.73,ADX,1514736000,2018-01-01 14:51:31.693523,28526.31,78350.15
2.81,1,JordanManual,CCCAGG,2.82,2.77,2.78,ADX,1514736180,2018-01-01 14:51:31.693523,24786.48,69167.09
2.82,1,JordanManual,CCCAGG,2.82,2.8,2.82,ADX,1514736360,2018-01-01 14:51:31.693523,17227.11,48543.74
2.87,1,JordanManual,CCCAGG,2.87,2.83,2.83,ADX,1514736540,2018-01-01 14:51:31.693523,24415.43,69636.48
2.85,1,JordanManual,CCCAGG,2.86,2.83,2.86,ADX,1514736720,2018-01-01 14:51:31.693523,38934.87,110916.72
2.85,1,JordanManual,CCCAGG,2.88,2.85,2.86,ADX,1514736900,2018-01-01 14:51:31.693523,25109.39,71776.8
2.81,1,JordanManual,CCCAGG,2.87,2.81,2.84,ADX,1514737080,2018-01-01 14:51:31.693523,23298.4,66240.73
2.78,1,JordanManual,CCCAGG,2.8,2.78,2.79,ADX,1514737260,2018-01-01 14:51:31.693523,34094.66,94918.01
2.77,1,JordanManual,CCCAGG,2.79,2.77,2.78,ADX,1514737440,2018-01-01 14:51:31.693523,20647.26,57465.01
2.77,1,JordanManual,CCCAGG,2.77,2.77,2.77,ADX,1514737620,2018-01-01 14:51:31.693523,19412.06,53771.41
2.77,1,JordanManual,CCCAGG,2.78,2.77,2.78,ADX,1514737800,2018-01-01 14:51:31.693523,31747.7,88056.8
2.74,1,JordanManual,CCCAGG,2.77,2.74,2.77,ADX,1514737980,2018-01-01 14:51:31.693523,27381.96,75391.02
2.74,1,JordanManual,CCCAGG,2.75,2.74,2.74,ADX,1514738160,2018-01-01 14:51:31.693523,27794.89,76158.0
2.7,1,JordanManual,CCCAGG,2.75,2.69,2.75,ADX,1514738340,2018-01-01 14:51:31.693523,35319.83,95369.22
2.74,1,JordanManual,CCCAGG,2.75,2.71,2.71,ADX,1514738520,2018-01-01 14:51:31.693523,24711.31,67708.99
2.73,1,JordanManual,CCCAGG,2.74,2.7,2.74,ADX,1514738700,2018-01-01 14:51:31.693523,15949.63,43525.97
2.71,1,JordanManual,CCCAGG,2.74,2.71,2.73,ADX,1514738880,2018-01-01 14:51:31.693523,13622.0,37008.03
2.71,1,JordanManual,CCCAGG,2.72,2.71,2.72,ADX,1514739060,2018-01-01 14:51:31.693523,14525.86,39391.68
2.68,1,JordanManual,CCCAGG,2.7,2.68,2.7,ADX,1514739240,2018-01-01 14:51:31.693523,27573.11,74165.38
2.69,1,JordanManual,CCCAGG,2.69,2.68,2.68,ADX,1514739420,2018-01-01 14:51:31.693523,16333.1,43936.05
2.67,1,JordanManual,CCCAGG,2.68,2.67,2.68,ADX,1514739600,2018-01-01 14:51:31.693523,9826.64,26314.21
2.67,1,JordanManual,CCCAGG,2.68,2.66,2.66,ADX,1514739780,2018-01-01 14:51:31.693523,15310.43,40878.84
2.7,1,JordanManual,CCCAGG,2.7,2.67,2.67,ADX,1514739960,2018-01-01 14:51:31.693523,8922.82,23903.39
2.72,1,JordanManual,CCCAGG,2.75,2.69,2.69,ADX,1514740140,2018-01-01 14:51:31.693523,16809.61,45668.58
2.72,1,JordanManual,CCCAGG,2.74,2.72,2.72,ADX,1514740320,2018-01-01 14:51:31.693523,17095.02,46702.69
2.74,1,JordanManual,CCCAGG,2.75,2.72,2.72,ADX,1514740500,2018-01-01 14:51:31.693523,18112.46,49525.04
2.77,1,JordanManual,CCCAGG,2.77,2.74,2.74,ADX,1514740680,2018-01-01 14:51:31.693523,17597.58,48579.55
2.76,1,JordanManual,CCCAGG,2.77,2.76,2.76,ADX,1514740860,2018-01-01 14:51:31.693523,12905.13,35693.62
2.75,1,JordanManual,CCCAGG,2.77,2.74,2.77,ADX,1514741040,2018-01-01 14:51:31.693523,9720.59,26811.53
2.72,1,JordanManual,CCCAGG,2.74,2.71,2.74,ADX,1514741220,2018-01-01 14:51:31.693523,8763.33,23808.85
2.75,1,JordanManual,CCCAGG,2.75,2.72,2.72,ADX,1514741400,2018-01-01 14:51:31.693523,6473.88,17784.0
2.75,1,JordanManual,CCCAGG,2.75,2.73,2.74,ADX,1514741580,2018-01-01 14:51:31.693523,4531.65,12423.15
2.76,1,JordanManual,CCCAGG,2.76,2.74,2.76,ADX,1514741760,2018-01-01 14:51:31.693523,5874.07,16190.28
2.76,1,JordanManual,CCCAGG,2.76,2.75,2.76,ADX,1514741940,2018-01-01 14:51:31.693523,7469.35,20564.82
2.75,1,JordanManual,CCCAGG,2.76,2.75,2.76,ADX,1514742120,2018-01-01 14:51:31.693523,13368.4,36784.57
2.72,1,JordanManual,CCCAGG,2.75,2.72,2.75,ADX,1514742300,2018-01-01 14:51:31.693523,12304.84,33577.22
2.75,1,JordanManual,CCCAGG,2.75,2.72,2.72,ADX,1514742480,2018-01-01 14:51:31.693523,4547.67,12495.28
2.75,1,JordanManual,CCCAGG,2.75,2.74,2.75,ADX,1514742660,2018-01-01 14:51:31.693523,7678.52,21096.25
2.76,1,JordanManual,CCCAGG,2.76,2.74,2.75,ADX,1514742840,2018-01-01 14:51:31.693523,11519.87,31679.13
2.76,1,JordanManual,CCCAGG,2.76,2.76,2.76,ADX,1514743020,2018-01-01 14:51:31.693523,8229.1,22712.31
2.78,1,JordanManual,CCCAGG,2.78,2.76,2.77,ADX,1514743200,2018-01-01 14:51:31.693523,7893.19,21883.3
2.78,1,JordanManual,CCCAGG,2.79,2.77,2.78,ADX,1514743380,2018-01-01 14:51:31.693523,12942.03,35978.85
2.79,1,JordanManual,CCCAGG,2.79,2.77,2.78,ADX,1514743560,2018-01-01 14:51:31.693523,12265.24,34142.99
2.78,1,JordanManual,CCCAGG,2.79,2.78,2.79,ADX,1514743740,2018-01-01 14:51:31.693523,9851.71,27423.85
2.78,1,JordanManual,CCCAGG,2.79,2.77,2.78,ADX,1514743920,2018-01-01 14:51:31.693523,8796.75,24509.56
2.77,1,JordanManual,CCCAGG,2.78,2.77,2.78,ADX,1514744100,2018-01-01 14:51:31.693523,4511.74,12497.53
2.77,1,JordanManual,CCCAGG,2.77,2.77,2.77,ADX,1514744280,2018-01-01 14:51:31.693523,23032.77,63800.77
2.79,1,JordanManual,CCCAGG,2.79,2.77,2.77,ADX,1514744460,2018-01-01 14:51:31.693523,14377.17,40079.57
2.78,1,JordanManual,CCCAGG,2.79,2.77,2.79,ADX,1514744640,2018-01-01 14:51:31.693523,15983.88,44467.73
2.81,1,JordanManual,CCCAGG,2.81,2.78,2.78,ADX,1514744820,2018-01-01 14:51:31.693523,24914.46,69751.86
2.82,1,JordanManual,CCCAGG,2.83,2.81,2.81,ADX,1514745000,2018-01-01 14:51:31.693523,12468.99,35245.39
2.83,1,JordanManual,CCCAGG,2.84,2.81,2.82,ADX,1514745180,2018-01-01 14:51:31.693523,15061.12,42380.03
2.84,1,JordanManual,CCCAGG,2.85,2.83,2.83,ADX,1514745360,2018-01-01 14:51:31.693523,16055.59,45528.59
2.87,1,JordanManual,CCCAGG,2.87,2.84,2.84,ADX,1514745540,2018-01-01 14:51:31.693523,40611.06,116243.49
2.82,1,JordanManual,CCCAGG,2.87,2.82,2.87,ADX,1514745720,2018-01-01 14:51:31.693523,15148.15,42839.45
2.87,1,JordanManual,CCCAGG,2.87,2.82,2.82,ADX,1514745900,2018-01-01 14:51:31.693523,13659.45,39105.12
2.84,1,JordanManual,CCCAGG,2.87,2.84,2.87,ADX,1514746080,2018-01-01 14:51:31.693523,7299.81,20755.02
2.82,1,JordanManual,CCCAGG,2.84,2.81,2.84,ADX,1514746260,2018-01-01 14:51:31.693523,7553.71,21259.63
2.79,1,JordanManual,CCCAGG,2.82,2.79,2.82,ADX,1514746440,2018-01-01 14:51:31.693523,22333.19,62700.87
2.79,1,JordanManual,CCCAGG,2.8,2.79,2.79,ADX,1514746620,2018-01-01 14:51:31.693523,10127.75,28286.24
2.79,1,JordanManual,CCCAGG,2.79,2.78,2.78,ADX,1514746800,2018-01-01 14:51:31.693523,12868.98,35828.7
2.79,1,JordanManual,CCCAGG,2.8,2.78,2.79,ADX,1514746980,2018-01-01 14:51:31.693523,13187.2,36742.19
2.79,1,JordanManual,CCCAGG,2.8,2.79,2.8,ADX,1514747160,2018-01-01 14:51:31.693523,17710.8,49531.15
2.79,1,JordanManual,CCCAGG,2.79,2.78,2.79,ADX,1514747340,2018-01-01 14:51:31.693523,7495.93,20897.26
2.79,1,JordanManual,CCCAGG,2.79,2.79,2.79,ADX,1514747520,2018-01-01 14:51:31.693523,6584.1,18369.63
2.8,1,JordanManual,CCCAGG,2.8,2.8,2.8,ADX,1514747700,2018-01-01 14:51:31.693523,7230.77,20246.16
2.78,1,JordanManual,CCCAGG,2.8,2.78,2.8,ADX,1514747880,2018-01-01 14:51:31.693523,15254.14,42704.42
2.77,1,JordanManual,CCCAGG,2.78,2.76,2.77,ADX,1514748060,2018-01-01 14:51:31.693523,10816.87,29962.73
2.76,1,JordanManual,CCCAGG,2.77,2.76,2.76,ADX,1514748240,2018-01-01 14:51:31.693523,9045.25,24964.89
2.79,1,JordanManual,CCCAGG,2.79,2.76,2.76,ADX,1514748420,2018-01-01 14:51:31.693523,11771.45,32642.65
2.77,1,JordanManual,CCCAGG,2.79,2.77,2.79,ADX,1514748600,2018-01-01 14:51:31.693523,20604.04,57164.21
2.77,1,JordanManual,CCCAGG,2.78,2.77,2.77,ADX,1514748780,2018-01-01 14:51:31.693523,3833.57,10644.65
2.76,1,JordanManual,CCCAGG,2.77,2.76,2.76,ADX,1514748960,2018-01-01 14:51:31.693523,4916.29,13590.31
2.75,1,JordanManual,CCCAGG,2.76,2.75,2.76,ADX,1514749140,2018-01-01 14:51:31.693523,6206.66,17068.88
2.77,1,JordanManual,CCCAGG,2.78,2.77,2.77,ADX,1514749320,2018-01-01 14:51:31.693523,8380.32,23223.36
2.77,1,JordanManual,CCCAGG,2.78,2.77,2.78,ADX,1514749500,2018-01-01 14:51:31.693523,1075.35,2984.29
2.77,1,JordanManual,CCCAGG,2.77,2.77,2.77,ADX,1514749680,2018-01-01 14:51:31.693523,8039.87,22270.43
2.78,1,JordanManual,CCCAGG,2.78,2.77,2.77,ADX,1514749860,2018-01-01 14:51:31.693523,1851.03,5136.49
2.78,1,JordanManual,CCCAGG,2.78,2.78,2.78,ADX,1514750040,2018-01-01 14:51:31.693523,1558.75,4333.33
2.78,1,JordanManual,CCCAGG,2.79,2.78,2.78,ADX,1514750220,2018-01-01 14:51:31.693523,8061.94,22412.2
2.8,1,JordanManual,CCCAGG,2.8,2.79,2.79,ADX,1514750400,2018-01-01 14:51:31.693523,15431.67,43125.67
2.81,1,JordanManual,CCCAGG,2.82,2.8,2.81,ADX,1514750580,2018-01-01 14:51:31.693523,7692.05,21576.92
2.82,1,JordanManual,CCCAGG,2.83,2.81,2.82,ADX,1514750760,2018-01-01 14:51:31.693523,11581.54,32698.45
2.81,1,JordanManual,CCCAGG,2.82,2.8,2.81,ADX,1514750940,2018-01-01 14:51:31.693523,25409.84,71401.65
2.82,1,JordanManual,CCCAGG,2.83,2.81,2.83,ADX,1514751120,2018-01-01 14:51:31.693523,14381.26,40555.16
2.84,1,JordanManual,CCCAGG,2.84,2.81,2.82,ADX,1514751300,2018-01-01 14:51:31.693523,10745.71,30404.18
2.84,1,JordanManual,CCCAGG,2.84,2.82,2.83,ADX,1514751480,2018-01-01 14:51:31.693523,6735.77,19103.41
2.86,1,JordanManual,CCCAGG,2.87,2.84,2.85,ADX,1514751660,2018-01-01 14:51:31.693523,13911.6,39686.97
2.87,1,JordanManual,CCCAGG,2.87,2.85,2.86,ADX,1514751840,2018-01-01 14:51:31.693523,9852.15,28144.75
2.86,1,JordanManual,CCCAGG,2.86,2.85,2.86,ADX,1514752020,2018-01-01 14:51:31.693523,11282.5,32207.64
2.87,1,JordanManual,CCCAGG,2.87,2.85,2.85,ADX,1514752200,2018-01-01 14:51:31.693523,12550.18,35819.28
2.87,1,JordanManual,CCCAGG,2.88,2.87,2.87,ADX,1514752380,2018-01-01 14:51:31.693523,12597.98,36156.2
2.86,1,JordanManual,CCCAGG,2.87,2.85,2.87,ADX,1514752560,2018-01-01 14:51:31.693523,5768.31,16497.37
2.87,1,JordanManual,CCCAGG,2.87,2.85,2.86,ADX,1514752740,2018-01-01 14:51:31.693523,3122.56,8943.78
2.9,1,JordanManual,CCCAGG,2.9,2.87,2.87,ADX,1514752920,2018-01-01 14:51:31.693523,14985.36,43182.83
2.88,1,JordanManual,CCCAGG,2.9,2.88,2.89,ADX,1514753100,2018-01-01 14:51:31.693523,20801.19,60063.8
2.88,1,JordanManual,CCCAGG,2.88,2.88,2.88,ADX,1514753280,2018-01-01 14:51:31.693523,8635.01,24868.83
2.88,1,JordanManual,CCCAGG,2.89,2.88,2.88,ADX,1514753460,2018-01-01 14:51:31.693523,5682.64,16366.0
2.89,1,JordanManual,CCCAGG,2.89,2.87,2.87,ADX,1514753640,2018-01-01 14:51:31.693523,13191.82,37951.53
2.88,1,JordanManual,CCCAGG,2.88,2.86,2.88,ADX,1514753820,2018-01-01 14:51:31.693523,9249.96,26554.69
2.85,1,JordanManual,CCCAGG,2.88,2.85,2.88,ADX,1514754000,2018-01-01 14:51:31.693523,3365.82,9641.51
2.86,1,JordanManual,CCCAGG,2.87,2.84,2.85,ADX,1514754180,2018-01-01 14:51:31.693523,5829.56,16653.4
2.85,1,JordanManual,CCCAGG,2.87,2.84,2.86,ADX,1514754360,2018-01-01 14:51:31.693523,9373.19,26842.05
2.88,1,JordanManual,CCCAGG,2.88,2.84,2.85,ADX,1514754540,2018-01-01 14:51:31.693523,3475.47,9977.37
2.88,1,JordanManual,CCCAGG,2.88,2.86,2.88,ADX,1514754720,2018-01-01 14:51:31.693523,14653.23,42155.3
2.88,1,JordanManual,CCCAGG,2.89,2.88,2.88,ADX,1514754900,2018-01-01 14:51:31.693523,13067.46,37634.28
2.88,1,JordanManual,CCCAGG,2.89,2.86,2.88,ADX,1514755080,2018-01-01 14:51:31.693523,14376.14,41450.44
2.88,1,JordanManual,CCCAGG,2.89,2.88,2.88,ADX,1514755260,2018-01-01 14:51:31.693523,4857.67,14032.99
2.87,1,JordanManual,CCCAGG,2.88,2.87,2.88,ADX,1514755440,2018-01-01 14:51:31.693523,3548.39,10189.64
2.87,1,JordanManual,CCCAGG,2.88,2.87,2.87,ADX,1514755620,2018-01-01 14:51:31.693523,4696.33,13478.47
2.88,1,JordanManual,CCCAGG,2.88,2.87,2.87,ADX,1514755800,2018-01-01 14:51:31.693523,14857.44,42775.66
2.89,1,JordanManual,CCCAGG,2.89,2.87,2.88,ADX,1514755980,2018-01-01 14:51:31.693523,8731.02,25184.43
2.87,1,JordanManual,CCCAGG,2.89,2.87,2.89,ADX,1514756160,2018-01-01 14:51:31.693523,4124.86,11849.27
2.88,1,JordanManual,CCCAGG,2.88,2.87,2.87,ADX,1514756340,2018-01-01 14:51:31.693523,12685.75,36458.84
2.88,1,JordanManual,CCCAGG,2.88,2.87,2.88,ADX,1514756520,2018-01-01 14:51:31.693523,3042.92,8748.82
2.88,1,JordanManual,CCCAGG,2.88,2.87,2.88,ADX,1514756700,2018-01-01 14:51:31.693523,4994.96,14385.49
2.88,1,JordanManual,CCCAGG,2.88,2.88,2.88,ADX,1514756880,2018-01-01 14:51:31.693523,3243.45,9341.14
2.88,1,JordanManual,CCCAGG,2.88,2.87,2.88,ADX,1514757060,2018-01-01 14:51:31.693523,4645.62,13379.38
2.88,1,JordanManual,CCCAGG,2.89,2.88,2.88,ADX,1514757240,2018-01-01 14:51:31.693523,3859.11,11114.23
2.88,1,JordanManual,CCCAGG,2.89,2.88,2.89,ADX,1514757420,2018-01-01 14:51:31.693523,4217.51,12146.42
2.88,1,JordanManual,CCCAGG,2.89,2.88,2.88,ADX,1514757600,2018-01-01 14:51:31.693523,6604.02,19033.93
2.88,1,JordanManual,CCCAGG,2.88,2.88,2.88,ADX,1514757780,2018-01-01 14:51:31.693523,8462.62,24372.35
2.87,1,JordanManual,CCCAGG,2.89,2.87,2.88,ADX,1514757960,2018-01-01 14:51:31.693523,5860.87,16840.97
2.87,1,JordanManual,CCCAGG,2.87,2.86,2.87,ADX,1514758140,2018-01-01 14:51:31.693523,5060.52,14523.69
2.87,1,JordanManual,CCCAGG,2.87,2.84,2.86,ADX,1514758320,2018-01-01 14:51:31.693523,8110.05,23227.44
2.85,1,JordanManual,CCCAGG,2.86,2.84,2.86,ADX,1514758500,2018-01-01 14:51:31.693523,2715.66,7739.63
2.85,1,JordanManual,CCCAGG,2.86,2.85,2.85,ADX,1514758680,2018-01-01 14:51:31.693523,13429.8,38319.56
2.84,1,JordanManual,CCCAGG,2.85,2.84,2.85,ADX,1514758860,2018-01-01 14:51:31.693523,10952.38,31164.23
2.83,1,JordanManual,CCCAGG,2.86,2.83,2.84,ADX,1514759040,2018-01-01 14:51:31.693523,7376.2,20938.19
2.84,1,JordanManual,CCCAGG,2.85,2.83,2.83,ADX,1514759220,2018-01-01 14:51:31.693523,7707.61,21889.61
2.85,1,JordanManual,CCCAGG,2.85,2.84,2.84,ADX,1514759400,2018-01-01 14:51:31.693523,7670.3,21854.0
2.85,1,JordanManual,CCCAGG,2.86,2.85,2.85,ADX,1514759580,2018-01-01 14:51:31.693523,6765.64,19282.07
2.84,1,JordanManual,CCCAGG,2.85,2.84,2.85,ADX,1514759760,2018-01-01 14:51:31.693523,8796.08,25051.37
2.84,1,JordanManual,CCCAGG,2.85,2.84,2.84,ADX,1514759940,2018-01-01 14:51:31.693523,6718.35,19080.11
2.85,1,JordanManual,CCCAGG,2.85,2.83,2.83,ADX,1514760120,2018-01-01 14:51:31.693523,12984.51,36957.89
2.81,1,JordanManual,CCCAGG,2.83,2.81,2.82,ADX,1514760300,2018-01-01 14:51:31.693523,7320.02,20609.41
2.79,1,JordanManual,CCCAGG,2.81,2.79,2.81,ADX,1514760480,2018-01-01 14:51:31.693523,8276.62,23164.42
2.77,1,JordanManual,CCCAGG,2.8,2.77,2.79,ADX,1514760660,2018-01-01 14:51:31.693523,8094.55,22548.42
2.78,1,JordanManual,CCCAGG,2.78,2.77,2.77,ADX,1514760840,2018-01-01 14:51:31.693523,11930.33,33069.81
2.79,1,JordanManual,CCCAGG,2.79,2.78,2.78,ADX,1514761020,2018-01-01 14:51:31.693523,9597.76,26726.7
2.78,1,JordanManual,CCCAGG,2.78,2.78,2.78,ADX,1514761200,2018-01-01 14:51:31.693523,4967.22,13808.87
2.8,1,JordanManual,CCCAGG,2.8,2.78,2.78,ADX,1514761380,2018-01-01 14:51:31.693523,7948.36,22127.78
2.78,1,JordanManual,CCCAGG,2.8,2.78,2.78,ADX,1514761560,2018-01-01 14:51:31.693523,10235.42,28531.07
2.8,1,JordanManual,CCCAGG,2.82,2.8,2.8,ADX,1514761740,2018-01-01 14:51:31.693523,9646.82,27011.09
2.81,1,JordanManual,CCCAGG,2.81,2.8,2.8,ADX,1514761920,2018-01-01 14:51:31.693523,13417.35,37702.75
2.8,1,JordanManual,CCCAGG,2.81,2.79,2.8,ADX,1514762100,2018-01-01 14:51:31.693523,7441.56,20836.36
2.8,1,JordanManual,CCCAGG,2.8,2.79,2.8,ADX,1514762280,2018-01-01 14:51:31.693523,9344.76,26165.32
2.82,1,JordanManual,CCCAGG,2.83,2.81,2.81,ADX,1514762460,2018-01-01 14:51:31.693523,6627.28,18656.64
2.82,1,JordanManual,CCCAGG,2.82,2.82,2.82,ADX,1514762640,2018-01-01 14:51:31.693523,7596.5,21422.13
2.83,1,JordanManual,CCCAGG,2.83,2.82,2.82,ADX,1514762820,2018-01-01 14:51:31.693523,6652.71,18784.71
2.83,1,JordanManual,CCCAGG,2.83,2.82,2.82,ADX,1514763000,2018-01-01 14:51:31.693523,9123.45,25787.24
2.81,1,JordanManual,CCCAGG,2.82,2.81,2.82,ADX,1514763180,2018-01-01 14:51:31.693523,11297.18,31745.08
2.82,1,JordanManual,CCCAGG,2.82,2.81,2.81,ADX,1514763360,2018-01-01 14:51:31.693523,7571.17,21350.69
2.81,1,JordanManual,CCCAGG,2.82,2.81,2.82,ADX,1514763540,2018-01-01 14:51:31.693523,3481.89,9814.55
2.82,1,JordanManual,CCCAGG,2.82,2.8,2.81,ADX,1514763720,2018-01-01 14:51:31.693523,8788.78,24733.62
2.8,1,JordanManual,CCCAGG,2.82,2.79,2.82,ADX,1514763900,2018-01-01 14:51:31.693523,11763.02,32930.8
2.79,1,JordanManual,CCCAGG,2.8,2.78,2.79,ADX,1514764080,2018-01-01 14:51:31.693523,10082.27,28129.53
2.78,1,JordanManual,CCCAGG,2.79,2.78,2.78,ADX,1514764260,2018-01-01 14:51:31.693523,11032.0,30683.54
2.79,1,JordanManual,CCCAGG,2.79,2.78,2.78,ADX,1514764440,2018-01-01 14:51:31.693523,8067.95,22434.58
2.77,1,JordanManual,CCCAGG,2.8,2.76,2.8,ADX,1514764620,2018-01-01 14:51:31.693523,17717.09,49224.36
2.76,1,JordanManual,CCCAGG,2.77,2.76,2.77,ADX,1514764800,2018-01-01 14:51:31.693523,7276.13,20134.89
2.74,1,JordanManual,CCCAGG,2.76,2.73,2.76,ADX,1514764980,2018-01-01 14:51:31.693523,12424.89,34105.81
2.71,1,JordanManual,CCCAGG,2.74,2.71,2.73,ADX,1514765160,2018-01-01 14:51:31.693523,31339.13,85051.77
2.71,1,JordanManual,CCCAGG,2.72,2.71,2.72,ADX,1514765340,2018-01-01 14:51:31.693523,17980.72,48761.42
2.72,1,JordanManual,CCCAGG,2.72,2.7,2.7,ADX,1514765520,2018-01-01 14:51:31.693523,16433.24,44601.8
2.69,1,JordanManual,CCCAGG,2.71,2.69,2.7,ADX,1514765700,2018-01-01 14:51:31.693523,11034.26,29853.88
2.69,1,JordanManual,CCCAGG,2.7,2.67,2.7,ADX,1514765880,2018-01-01 14:51:31.693523,12971.33,34845.19
2.69,1,JordanManual,CCCAGG,2.7,2.68,2.69,ADX,1514766060,2018-01-01 14:51:31.693523,5760.84,15527.2
2.69,1,JordanManual,CCCAGG,2.7,2.68,2.69,ADX,1514766240,2018-01-01 14:51:31.693523,8894.69,23926.71
2.7,1,JordanManual,CCCAGG,2.7,2.69,2.69,ADX,1514766420,2018-01-01 14:51:31.693523,8348.44,22540.79
2.7,1,JordanManual,CCCAGG,2.7,2.69,2.69,ADX,1514766600,2018-01-01 14:51:31.693523,16181.89,43634.53
2.7,1,JordanManual,CCCAGG,2.7,2.69,2.7,ADX,1514766780,2018-01-01 14:51:31.693523,9685.82,26151.72
2.7,1,JordanManual,CCCAGG,2.7,2.7,2.7,ADX,1514766960,2018-01-01 14:51:31.693523,22874.27,61760.53
2.7,1,JordanManual,CCCAGG,2.7,2.7,2.7,ADX,1514767140,2018-01-01 14:51:31.693523,5515.97,14893.13
2.7,1,JordanManual,CCCAGG,2.7,2.69,2.7,ADX,1514767320,2018-01-01 14:51:31.693523,7690.85,20750.81
2.71,1,JordanManual,CCCAGG,2.71,2.7,2.7,ADX,1514767500,2018-01-01 14:51:31.693523,6994.73,18936.05
2.73,1,JordanManual,CCCAGG,2.73,2.71,2.71,ADX,1514767680,2018-01-01 14:51:31.693523,12562.24,34136.62
2.73,1,JordanManual,CCCAGG,2.74,2.73,2.73,ADX,1514767860,2018-01-01 14:51:31.693523,10704.71,29259.47
2.77,1,JordanManual,CCCAGG,2.78,2.73,2.73,ADX,1514768040,2018-01-01 14:51:31.693523,27685.48,76597.97
2.77,1,JordanManual,CCCAGG,2.78,2.76,2.77,ADX,1514768220,2018-01-01 14:51:31.693523,13956.45,38659.36
2.77,1,JordanManual,CCCAGG,2.78,2.77,2.77,ADX,1514768400,2018-01-01 14:51:31.693523,15834.58,43907.73
2.74,1,JordanManual,CCCAGG,2.78,2.74,2.77,ADX,1514768580,2018-01-01 14:51:31.693523,14469.76,39817.44
2.72,1,JordanManual,CCCAGG,2.74,2.72,2.74,ADX,1514768760,2018-01-01 14:51:31.693523,14419.52,39367.26
2.73,1,JordanManual,CCCAGG,2.74,2.72,2.72,ADX,1514768940,2018-01-01 14:51:31.693523,9363.83,25581.46
2.73,1,JordanManual,CCCAGG,2.73,2.73,2.73,ADX,1514769120,2018-01-01 14:51:31.693523,12475.36,34057.74
2.73,1,JordanManual,CCCAGG,2.73,2.72,2.73,ADX,1514769300,2018-01-01 14:51:31.693523,15264.52,41553.41
2.73,1,JordanManual,CCCAGG,2.73,2.72,2.73,ADX,1514769480,2018-01-01 14:51:31.693523,12575.44,34271.25
2.73,1,JordanManual,CCCAGG,2.73,2.72,2.72,ADX,1514769660,2018-01-01 14:51:31.693523,7561.01,20574.34
2.72,1,JordanManual,CCCAGG,2.73,2.71,2.72,ADX,1514769840,2018-01-01 14:51:31.693523,19015.01,51741.06
2.73,1,JordanManual,CCCAGG,2.73,2.72,2.72,ADX,1514770020,2018-01-01 14:51:31.693523,6153.51,16799.08
2.72,1,JordanManual,CCCAGG,2.73,2.72,2.73,ADX,1514770200,2018-01-01 14:51:31.693523,4436.25,12084.74
2.71,1,JordanManual,CCCAGG,2.72,2.71,2.72,ADX,1514770380,2018-01-01 14:51:31.693523,6338.97,17238.49
2.73,1,JordanManual,CCCAGG,2.73,2.72,2.72,ADX,1514770560,2018-01-01 14:51:31.693523,10318.29,28094.36
2.7,1,JordanManual,CCCAGG,2.73,2.7,2.73,ADX,1514770740,2018-01-01 14:51:31.693523,13172.7,35723.92
2.7,1,JordanManual,CCCAGG,2.73,2.69,2.7,ADX,1514770920,2018-01-01 14:51:31.693523,19957.01,54017.28
2.7,1,JordanManual,CCCAGG,2.7,2.69,2.7,ADX,1514771100,2018-01-01 14:51:31.693523,6628.28,17896.35
2.69,1,JordanManual,CCCAGG,2.7,2.69,2.69,ADX,1514771280,2018-01-01 14:51:31.693523,2701.38,7266.71
2.68,1,JordanManual,CCCAGG,2.69,2.67,2.69,ADX,1514771460,2018-01-01 14:51:31.693523,10449.16,28034.44
2.67,1,JordanManual,CCCAGG,2.68,2.65,2.68,ADX,1514771640,2018-01-01 14:51:31.693523,9473.85,25372.09
2.66,1,JordanManual,CCCAGG,2.67,2.65,2.66,ADX,1514771820,2018-01-01 14:51:31.693523,4787.17,12716.38
2.67,1,JordanManual,CCCAGG,2.67,2.66,2.67,ADX,1514772000,2018-01-01 14:51:31.693523,15003.18,39993.92
2.69,1,JordanManual,CCCAGG,2.69,2.67,2.67,ADX,1514772180,2018-01-01 14:51:31.693523,5242.23,14068.14
2.68,1,JordanManual,CCCAGG,2.69,2.67,2.69,ADX,1514772360,2018-01-01 14:51:31.693523,6230.75,16698.41
2.69,1,JordanManual,CCCAGG,2.69,2.68,2.69,ADX,1514772540,2018-01-01 14:51:31.693523,7319.42,19689.24
2.69,1,JordanManual,CCCAGG,2.69,2.69,2.69,ADX,1514772720,2018-01-01 14:51:31.693523,3812.4,10255.35
2.68,1,JordanManual,CCCAGG,2.69,2.68,2.68,ADX,1514772900,2018-01-01 14:51:31.693523,8200.96,21978.58
2.67,1,JordanManual,CCCAGG,2.68,2.67,2.67,ADX,1514773080,2018-01-01 14:51:31.693523,6237.57,16654.31
2.68,1,JordanManual,CCCAGG,2.68,2.67,2.67,ADX,1514773260,2018-01-01 14:51:31.693523,4373.75,11701.88
2.68,1,JordanManual,CCCAGG,2.69,2.67,2.68,ADX,1514773440,2018-01-01 14:51:31.693523,7705.17,20668.08
2.67,1,JordanManual,CCCAGG,2.68,2.67,2.68,ADX,1514773620,2018-01-01 14:51:31.693523,5174.83,13852.49
2.67,1,JordanManual,CCCAGG,2.67,2.66,2.66,ADX,1514773800,2018-01-01 14:51:31.693523,4646.19,12405.32
2.68,1,JordanManual,CCCAGG,2.68,2.67,2.68,ADX,1514773980,2018-01-01 14:51:31.693523,7429.77,19911.78
2.67,1,JordanManual,CCCAGG,2.67,2.67,2.67,ADX,1514774160,2018-01-01 14:51:31.693523,10362.5,27667.87
2.66,1,JordanManual,CCCAGG,2.66,2.66,2.66,ADX,1514774340,2018-01-01 14:51:31.693523,14942.55,39747.18
2.68,1,JordanManual,CCCAGG,2.68,2.66,2.66,ADX,1514774520,2018-01-01 14:51:31.693523,12543.27,33492.15
2.69,1,JordanManual,CCCAGG,2.69,2.68,2.68,ADX,1514774700,2018-01-01 14:51:31.693523,23627.66,63460.52
2.69,1,JordanManual,CCCAGG,2.69,2.68,2.69,ADX,1514774880,2018-01-01 14:51:31.693523,7369.06,19814.56
2.68,1,JordanManual,CCCAGG,2.69,2.68,2.69,ADX,1514775060,2018-01-01 14:51:31.693523,4845.65,13020.98
2.68,1,JordanManual,CCCAGG,2.68,2.68,2.68,ADX,1514775240,2018-01-01 14:51:31.693523,10276.52,27541.08
2.69,1,JordanManual,CCCAGG,2.69,2.68,2.68,ADX,1514775420,2018-01-01 14:51:31.693523,10564.82,28392.27
2.7,1,JordanManual,CCCAGG,2.7,2.69,2.69,ADX,1514775600,2018-01-01 14:51:31.693523,20411.29,54974.23
2.72,1,JordanManual,CCCAGG,2.72,2.69,2.7,ADX,1514775780,2018-01-01 14:51:31.693523,10925.74,29500.09
2.71,1,JordanManual,CCCAGG,2.72,2.69,2.69,ADX,1514775960,2018-01-01 14:51:31.693523,16609.92,45044.62
2.72,1,JordanManual,CCCAGG,2.72,2.71,2.71,ADX,1514776140,2018-01-01 14:51:31.693523,6891.89,18703.61
2.72,1,JordanManual,CCCAGG,2.73,2.72,2.72,ADX,1514776320,2018-01-01 14:51:31.693523,5464.59,14863.69
2.72,1,JordanManual,CCCAGG,2.72,2.71,2.72,ADX,1514776500,2018-01-01 14:51:31.693523,20390.02,55339.96
2.72,1,JordanManual,CCCAGG,2.72,2.71,2.72,ADX,1514776680,2018-01-01 14:51:31.693523,7299.78,19855.4
2.73,1,JordanManual,CCCAGG,2.73,2.72,2.72,ADX,1514776860,2018-01-01 14:51:31.693523,2241.73,6108.7
2.72,1,JordanManual,CCCAGG,2.73,2.72,2.73,ADX,1514777040,2018-01-01 14:51:31.693523,13841.18,37691.2
2.72,1,JordanManual,CCCAGG,2.72,2.72,2.72,ADX,1514777220,2018-01-01 14:51:31.693523,8988.31,24448.21
2.73,1,JordanManual,CCCAGG,2.73,2.71,2.72,ADX,1514777400,2018-01-01 14:51:31.693523,15270.25,41532.76
2.74,1,JordanManual,CCCAGG,2.74,2.73,2.73,ADX,1514777580,2018-01-01 14:51:31.693523,4794.88,13111.26
2.71,1,JordanManual,CCCAGG,2.73,2.71,2.73,ADX,1514777760,2018-01-01 14:51:31.693523,7851.89,21375.19
2.72,1,JordanManual,CCCAGG,2.72,2.7,2.72,ADX,1514777940,2018-01-01 14:51:31.693523,24123.69,65420.22
2.71,1,JordanManual,CCCAGG,2.72,2.71,2.72,ADX,1514778120,2018-01-01 14:51:31.693523,9191.71,24930.23
2.72,1,JordanManual,CCCAGG,2.72,2.71,2.71,ADX,1514778300,2018-01-01 14:51:31.693523,7787.24,21111.23
2.7,1,JordanManual,CCCAGG,2.71,2.7,2.71,ADX,1514778480,2018-01-01 14:51:31.693523,15764.24,42599.32
2.7,1,JordanManual,CCCAGG,2.71,2.7,2.7,ADX,1514778660,2018-01-01 14:51:31.693523,7304.04,19761.04
2.7,1,JordanManual,CCCAGG,2.7,2.7,2.7,ADX,1514778840,2018-01-01 14:51:31.693523,6243.37,16857.1
2.7,1,JordanManual,CCCAGG,2.7,2.7,2.7,ADX,1514779020,2018-01-01 14:51:31.693523,17501.2,47253.25
2.72,1,JordanManual,CCCAGG,2.72,2.7,2.7,ADX,1514779200,2018-01-01 14:51:31.693523,11928.48,32313.68
2.72,1,JordanManual,CCCAGG,2.73,2.72,2.72,ADX,1514779380,2018-01-01 14:51:31.693523,17733.51,48235.15
2.72,1,JordanManual,CCCAGG,2.73,2.72,2.72,ADX,1514779560,2018-01-01 14:51:31.693523,13947.91,37998.55
2.71,1,JordanManual,CCCAGG,2.72,2.71,2.72,ADX,1514779740,2018-01-01 14:51:31.693523,21802.15,59100.61
2.72,1,JordanManual,CCCAGG,2.72,2.7,2.7,ADX,1514779920,2018-01-01 14:51:31.693523,21258.48,57639.52
2.72,1,JordanManual,CCCAGG,2.72,2.72,2.72,ADX,1514780100,2018-01-01 14:51:31.693523,8874.83,24139.53
2.71,1,JordanManual,CCCAGG,2.72,2.71,2.72,ADX,1514780280,2018-01-01 14:51:31.693523,11933.71,32436.35
2.73,1,JordanManual,CCCAGG,2.73,2.71,2.71,ADX,1514780460,2018-01-01 14:51:31.693523,15996.56,43503.46
2.74,1,JordanManual,CCCAGG,2.74,2.73,2.73,ADX,1514780640,2018-01-01 14:51:31.693523,13034.71,35634.52
2.74,1,JordanManual,CCCAGG,2.74,2.74,2.74,ADX,1514780820,2018-01-01 14:51:31.693523,5672.46,15542.54
2.75,1,JordanManual,CCCAGG,2.75,2.74,2.74,ADX,1514781000,2018-01-01 14:51:31.693523,12242.86,33569.24
2.74,1,JordanManual,CCCAGG,2.75,2.74,2.74,ADX,1514781180,2018-01-01 14:51:31.693523,9713.94,26646.6
2.75,1,JordanManual,CCCAGG,2.75,2.75,2.75,ADX,1514781360,2018-01-01 14:51:31.693523,6882.38,18926.55
2.75,1,JordanManual,CCCAGG,2.75,2.74,2.75,ADX,1514781540,2018-01-01 14:51:31.693523,9250.93,25397.55
2.75,1,JordanManual,CCCAGG,2.75,2.74,2.75,ADX,1514781720,2018-01-01 14:51:31.693523,10875.88,29908.68
2.75,1,JordanManual,CCCAGG,2.75,2.74,2.75,ADX,1514781900,2018-01-01 14:51:31.693523,15493.43,42533.18
2.74,1,JordanManual,CCCAGG,2.75,2.74,2.75,ADX,1514782080,2018-01-01 14:51:31.693523,13276.5,36383.41
2.74,1,JordanManual,CCCAGG,2.74,2.73,2.74,ADX,1514782260,2018-01-01 14:51:31.693523,20622.95,56506.88
2.74,1,JordanManual,CCCAGG,2.74,2.74,2.74,ADX,1514782440,2018-01-01 14:51:31.693523,11277.77,30901.09
2.75,1,JordanManual,CCCAGG,2.75,2.73,2.74,ADX,1514782620,2018-01-01 14:51:31.693523,6230.31,17101.49
2.74,1,JordanManual,CCCAGG,2.75,2.74,2.74,ADX,1514782800,2018-01-01 14:51:31.693523,10942.76,30083.47
2.75,1,JordanManual,CCCAGG,2.75,2.74,2.74,ADX,1514782980,2018-01-01 14:51:31.693523,33060.21,90853.37
2.75,1,JordanManual,CCCAGG,2.77,2.74,2.74,ADX,1514783160,2018-01-01 14:51:31.693523,17233.16,47497.86
2.75,1,JordanManual,CCCAGG,2.76,2.74,2.75,ADX,1514783340,2018-01-01 14:51:31.693523,9200.12,25312.31
2.75,1,JordanManual,CCCAGG,2.75,2.74,2.75,ADX,1514783520,2018-01-01 14:51:31.693523,5566.05,15306.64
2.75,1,JordanManual,CCCAGG,2.75,2.74,2.75,ADX,1514783700,2018-01-01 14:51:31.693523,7109.25,19535.21
2.76,1,JordanManual,CCCAGG,2.76,2.76,2.76,ADX,1514783880,2018-01-01 14:51:31.693523,8679.65,23955.84
2.74,1,JordanManual,CCCAGG,2.76,2.74,2.76,ADX,1514784060,2018-01-01 14:51:31.693523,29147.55,80287.61
2.74,1,JordanManual,CCCAGG,2.74,2.73,2.74,ADX,1514784240,2018-01-01 14:51:31.693523,14019.34,38291.32
2.74,1,JordanManual,CCCAGG,2.74,2.72,2.73,ADX,1514784420,2018-01-01 14:51:31.693523,7568.68,20696.2
2.74,1,JordanManual,CCCAGG,2.74,2.72,2.74,ADX,1514784600,2018-01-01 14:51:31.693523,12149.61,33277.58
2.74,1,JordanManual,CCCAGG,2.74,2.73,2.74,ADX,1514784780,2018-01-01 14:51:31.693523,3072.57,8418.85
2.72,1,JordanManual,CCCAGG,2.74,2.72,2.74,ADX,1514784960,2018-01-01 14:51:31.693523,10474.42,28568.73
2.72,1,JordanManual,CCCAGG,2.72,2.72,2.72,ADX,1514785140,2018-01-01 14:51:31.693523,6068.45,16506.19
2.72,1,JordanManual,CCCAGG,2.73,2.72,2.73,ADX,1514785320,2018-01-01 14:51:31.693523,5054.04,13772.43
2.72,1,JordanManual,CCCAGG,2.72,2.72,2.72,ADX,1514785500,2018-01-01 14:51:31.693523,9627.93,26187.96
2.71,1,JordanManual,CCCAGG,2.72,2.71,2.72,ADX,1514785680,2018-01-01 14:51:31.693523,12929.6,35132.18
2.72,1,JordanManual,CCCAGG,2.72,2.71,2.71,ADX,1514785860,2018-01-01 14:51:31.693523,7138.89,19397.2
2.72,1,JordanManual,CCCAGG,2.73,2.72,2.73,ADX,1514786040,2018-01-01 14:51:31.693523,3699.4,10084.99
2.71,1,JordanManual,CCCAGG,2.72,2.71,2.72,ADX,1514786220,2018-01-01 14:51:31.693523,6844.32,18578.41
2.74,1,JordanManual,CCCAGG,2.74,2.71,2.71,ADX,1514786400,2018-01-01 14:51:31.693523,30455.8,83094.7
2.75,1,JordanManual,CCCAGG,2.75,2.73,2.73,ADX,1514786580,2018-01-01 14:51:31.693523,14368.31,39280.76
2.75,1,JordanManual,CCCAGG,2.75,2.74,2.74,ADX,1514786760,2018-01-01 14:51:31.693523,8803.8,24168.97
2.74,1,JordanManual,CCCAGG,2.76,2.74,2.75,ADX,1514786940,2018-01-01 14:51:31.693523,10715.09,29427.49
2.76,1,JordanManual,CCCAGG,2.76,2.75,2.75,ADX,1514787120,2018-01-01 14:51:31.693523,3677.54,10140.8
2.75,1,JordanManual,CCCAGG,2.77,2.75,2.75,ADX,1514787300,2018-01-01 14:51:31.693523,22747.34,62555.19
2.77,1,JordanManual,CCCAGG,2.77,2.75,2.75,ADX,1514787480,2018-01-01 14:51:31.693523,5890.73,16236.04
2.77,1,JordanManual,CCCAGG,2.78,2.76,2.77,ADX,1514787660,2018-01-01 14:51:31.693523,6822.73,18898.97
2.8,1,JordanManual,CCCAGG,2.8,2.77,2.77,ADX,1514787840,2018-01-01 14:51:31.693523,4531.61,12657.14
2.8,1,JordanManual,CCCAGG,2.8,2.8,2.8,ADX,1514788020,2018-01-01 14:51:31.693523,13722.48,38422.94
2.81,1,JordanManual,CCCAGG,2.81,2.79,2.8,ADX,1514788200,2018-01-01 14:51:31.693523,16364.41,45882.14
2.82,1,JordanManual,CCCAGG,2.83,2.8,2.8,ADX,1514788380,2018-01-01 14:51:31.693523,18364.51,51717.75
2.81,1,JordanManual,CCCAGG,2.82,2.8,2.81,ADX,1514788560,2018-01-01 14:51:31.693523,11522.02,32376.88
2.82,1,JordanManual,CCCAGG,2.83,2.82,2.82,ADX,1514788740,2018-01-01 14:51:31.693523,5681.33,16021.35
2.84,1,JordanManual,CCCAGG,2.87,2.82,2.83,ADX,1514788920,2018-01-01 14:51:31.693523,23622.07,67196.28
2.86,1,JordanManual,CCCAGG,2.86,2.85,2.85,ADX,1514789100,2018-01-01 14:51:31.693523,19253.44,54941.78
2.86,1,JordanManual,CCCAGG,2.87,2.86,2.86,ADX,1514789280,2018-01-01 14:51:31.693523,6813.28,19527.82
2.89,1,JordanManual,CCCAGG,2.89,2.86,2.87,ADX,1514789460,2018-01-01 14:51:31.693523,25698.62,73985.22
2.88,1,JordanManual,CCCAGG,2.89,2.88,2.89,ADX,1514789640,2018-01-01 14:51:31.693523,13156.94,38003.05
2.89,1,JordanManual,CCCAGG,2.89,2.88,2.88,ADX,1514789820,2018-01-01 14:51:31.693523,19982.36,57749.01
2.89,1,JordanManual,CCCAGG,2.89,2.88,2.88,ADX,1514790000,2018-01-01 14:51:31.693523,12674.92,36630.52
2.9,1,JordanManual,CCCAGG,2.9,2.89,2.89,ADX,1514790180,2018-01-01 14:51:31.693523,15742.42,45617.09
2.91,1,JordanManual,CCCAGG,2.91,2.9,2.91,ADX,1514790360,2018-01-01 14:51:31.693523,33832.66,98453.04
2.94,1,JordanManual,CCCAGG,2.94,2.91,2.91,ADX,1514790540,2018-01-01 14:51:31.693523,21552.5,63143.76
2.95,1,JordanManual,CCCAGG,2.97,2.93,2.93,ADX,1514790720,2018-01-01 14:51:31.693523,46689.75,137839.01
2.96,1,JordanManual,CCCAGG,2.97,2.95,2.95,ADX,1514790900,2018-01-01 14:51:31.693523,20111.63,59676.27
2.95,1,JordanManual,CCCAGG,2.96,2.95,2.96,ADX,1514791080,2018-01-01 14:51:31.693523,25116.86,74312.3
2.95,1,JordanManual,CCCAGG,2.96,2.95,2.95,ADX,1514791260,2018-01-01 14:51:31.693523,24766.94,73062.48
2.96,1,JordanManual,CCCAGG,2.97,2.95,2.95,ADX,1514791440,2018-01-01 14:51:31.693523,14916.75,44056.39
2.96,1,JordanManual,CCCAGG,2.96,2.95,2.96,ADX,1514791620,2018-01-01 14:51:31.693523,21194.52,62735.78
2.97,1,JordanManual,CCCAGG,2.98,2.96,2.96,ADX,1514791800,2018-01-01 14:51:31.693523,24742.66,73485.69
2.97,1,JordanManual,CCCAGG,2.98,2.97,2.97,ADX,1514791980,2018-01-01 14:51:31.693523,13863.52,41227.28
2.97,1,JordanManual,CCCAGG,2.97,2.95,2.97,ADX,1514792160,2018-01-01 14:51:31.693523,9192.08,27300.48
2.95,1,JordanManual,CCCAGG,2.97,2.95,2.97,ADX,1514792340,2018-01-01 14:51:31.693523,13558.26,40169.02
2.95,1,JordanManual,CCCAGG,2.96,2.95,2.95,ADX,1514792520,2018-01-01 14:51:31.693523,8887.32,26255.71
2.88,1,JordanManual,CCCAGG,2.94,2.88,2.94,ADX,1514792700,2018-01-01 14:51:31.693523,21153.78,61185.76
2.87,1,JordanManual,CCCAGG,2.88,2.85,2.88,ADX,1514792880,2018-01-01 14:51:31.693523,25544.18,73117.6
2.87,1,JordanManual,CCCAGG,2.88,2.86,2.88,ADX,1514793060,2018-01-01 14:51:31.693523,18616.01,53427.94
2.87,1,JordanManual,CCCAGG,2.87,2.87,2.87,ADX,1514793240,2018-01-01 14:51:31.693523,12371.26,35505.51
2.87,1,JordanManual,CCCAGG,2.87,2.86,2.87,ADX,1514793420,2018-01-01 14:51:31.693523,13628.86,39069.19
2.87,1,JordanManual,CCCAGG,2.88,2.86,2.86,ADX,1514793600,2018-01-01 14:51:31.693523,18489.46,53064.76
2.86,1,JordanManual,CCCAGG,2.87,2.86,2.87,ADX,1514793780,2018-01-01 14:51:31.693523,6092.18,17456.12
2.84,1,JordanManual,CCCAGG,2.87,2.84,2.87,ADX,1514793960,2018-01-01 14:51:31.693523,25833.21,73816.51
2.84,1,JordanManual,CCCAGG,2.85,2.84,2.84,ADX,1514794140,2018-01-01 14:51:31.693523,8014.57,22761.37
2.85,1,JordanManual,CCCAGG,2.86,2.84,2.84,ADX,1514794320,2018-01-01 14:51:31.693523,8869.89,25228.72
2.85,1,JordanManual,CCCAGG,2.85,2.84,2.85,ADX,1514794500,2018-01-01 14:51:31.693523,12334.84,35132.28
2.85,1,JordanManual,CCCAGG,2.85,2.83,2.85,ADX,1514794680,2018-01-01 14:51:31.693523,15358.72,43716.57
2.83,1,JordanManual,CCCAGG,2.84,2.82,2.84,ADX,1514794860,2018-01-01 14:51:31.693523,41721.33,118151.5
2.82,1,JordanManual,CCCAGG,2.83,2.81,2.83,ADX,1514795040,2018-01-01 14:51:31.693523,23016.6,64803.85
2.81,1,JordanManual,CCCAGG,2.82,2.8,2.82,ADX,1514795220,2018-01-01 14:51:31.693523,7742.08,21785.59
2.81,1,JordanManual,CCCAGG,2.82,2.8,2.8,ADX,1514795400,2018-01-01 14:51:31.693523,20850.32,58589.4
2.81,1,JordanManual,CCCAGG,2.83,2.79,2.79,ADX,1514795580,2018-01-01 14:51:31.693523,14286.81,40310.5
2.82,1,JordanManual,CCCAGG,2.82,2.8,2.81,ADX,1514795760,2018-01-01 14:51:31.693523,17586.04,49469.16
2.83,1,JordanManual,CCCAGG,2.83,2.81,2.82,ADX,1514795940,2018-01-01 14:51:31.693523,17621.17,49769.04
2.84,1,JordanManual,CCCAGG,2.88,2.82,2.82,ADX,1514796120,2018-01-01 14:51:31.693523,49085.92,139404.01
2.84,1,JordanManual,CCCAGG,2.85,2.83,2.84,ADX,1514796300,2018-01-01 14:51:31.693523,16918.75,48120.96
2.84,1,JordanManual,CCCAGG,2.86,2.84,2.85,ADX,1514796480,2018-01-01 14:51:31.693523,5923.92,16886.55
2.84,1,JordanManual,CCCAGG,2.85,2.83,2.84,ADX,1514796660,2018-01-01 14:51:31.693523,4967.4,14107.42
2.83,1,JordanManual,CCCAGG,2.84,2.83,2.84,ADX,1514796840,2018-01-01 14:51:31.693523,5704.55,16174.24
2.83,1,JordanManual,CCCAGG,2.84,2.83,2.83,ADX,1514797020,2018-01-01 14:51:31.693523,9677.39,27419.93
2.83,1,JordanManual,CCCAGG,2.84,2.83,2.83,ADX,1514797200,2018-01-01 14:51:31.693523,14042.76,39803.84
2.82,1,JordanManual,CCCAGG,2.83,2.82,2.83,ADX,1514797380,2018-01-01 14:51:31.693523,11995.55,33835.92
2.82,1,JordanManual,CCCAGG,2.83,2.81,2.82,ADX,1514797560,2018-01-01 14:51:31.693523,6401.2,18051.39
2.82,1,JordanManual,CCCAGG,2.83,2.82,2.82,ADX,1514797740,2018-01-01 14:51:31.693523,4213.54,11899.41
2.84,1,JordanManual,CCCAGG,2.84,2.83,2.83,ADX,1514797920,2018-01-01 14:51:31.693523,5872.18,16676.99
2.85,1,JordanManual,CCCAGG,2.85,2.84,2.84,ADX,1514798100,2018-01-01 14:51:31.693523,8278.9,23528.41
2.87,1,JordanManual,CCCAGG,2.87,2.84,2.85,ADX,1514798280,2018-01-01 14:51:31.693523,12778.77,36456.46
2.84,1,JordanManual,CCCAGG,2.86,2.84,2.86,ADX,1514798460,2018-01-01 14:51:31.693523,12791.75,36558.16
2.84,1,JordanManual,CCCAGG,2.84,2.83,2.84,ADX,1514798640,2018-01-01 14:51:31.693523,3736.55,10595.49
2.82,1,JordanManual,CCCAGG,2.83,2.82,2.83,ADX,1514798820,2018-01-01 14:51:31.693523,15370.69,43464.41
2.81,1,JordanManual,CCCAGG,2.82,2.81,2.82,ADX,1514799000,2018-01-01 14:51:31.693523,12288.01,34529.31
2.81,1,JordanManual,CCCAGG,2.81,2.79,2.81,ADX,1514799180,2018-01-01 14:51:31.693523,11766.79,32979.94
2.81,1,JordanManual,CCCAGG,2.82,2.81,2.81,ADX,1514799360,2018-01-01 14:51:31.693523,16802.14,47228.52
2.81,1,JordanManual,CCCAGG,2.82,2.81,2.81,ADX,1514799540,2018-01-01 14:51:31.693523,6270.54,17620.21
2.82,1,JordanManual,CCCAGG,2.82,2.82,2.82,ADX,1514799720,2018-01-01 14:51:31.693523,7176.76,20238.46
2.82,1,JordanManual,CCCAGG,2.82,2.81,2.81,ADX,1514799900,2018-01-01 14:51:31.693523,4850.53,13646.87
2.82,1,JordanManual,CCCAGG,2.82,2.82,2.82,ADX,1514800080,2018-01-01 14:51:31.693523,5892.55,16616.99
2.83,1,JordanManual,CCCAGG,2.86,2.82,2.82,ADX,1514800260,2018-01-01 14:51:31.693523,11601.84,32815.4
2.85,1,JordanManual,CCCAGG,2.87,2.83,2.84,ADX,1514800440,2018-01-01 14:51:31.693523,20729.01,59154.69
2.85,1,JordanManual,CCCAGG,2.85,2.84,2.85,ADX,1514800620,2018-01-01 14:51:31.693523,8501.61,24229.58
2.84,1,JordanManual,CCCAGG,2.85,2.84,2.84,ADX,1514800800,2018-01-01 14:51:31.693523,4711.49,13392.52
2.85,1,JordanManual,CCCAGG,2.86,2.83,2.84,ADX,1514800980,2018-01-01 14:51:31.693523,20020.0,56949.89
2.83,1,JordanManual,CCCAGG,2.85,2.83,2.83,ADX,1514801160,2018-01-01 14:51:31.693523,7882.49,22361.35
2.85,1,JordanManual,CCCAGG,2.85,2.83,2.83,ADX,1514801340,2018-01-01 14:51:31.693523,6869.63,19541.77
2.82,1,JordanManual,CCCAGG,2.85,2.82,2.85,ADX,1514801520,2018-01-01 14:51:31.693523,9551.83,27056.85
2.83,1,JordanManual,CCCAGG,2.83,2.82,2.82,ADX,1514801700,2018-01-01 14:51:31.693523,4130.95,11683.33
2.83,1,JordanManual,CCCAGG,2.84,2.83,2.84,ADX,1514801880,2018-01-01 14:51:31.693523,9740.85,27610.92
2.83,1,JordanManual,CCCAGG,2.83,2.83,2.83,ADX,1514802060,2018-01-01 14:51:31.693523,11224.78,31766.13
2.83,1,JordanManual,CCCAGG,2.83,2.82,2.82,ADX,1514802240,2018-01-01 14:51:31.693523,5905.38,16671.61
2.83,1,JordanManual,CCCAGG,2.83,2.83,2.83,ADX,1514802420,2018-01-01 14:51:31.693523,7787.11,22037.52
2.82,1,JordanManual,CCCAGG,2.83,2.82,2.83,ADX,1514802600,2018-01-01 14:51:31.693523,9511.21,26821.61
2.82,1,JordanManual,CCCAGG,2.82,2.82,2.82,ADX,1514802780,2018-01-01 14:51:31.693523,4344.89,12252.59
2.82,1,JordanManual,CCCAGG,2.82,2.82,2.82,ADX,1514802960,2018-01-01 14:51:31.693523,12735.82,35915.01
2.83,1,JordanManual,CCCAGG,2.83,2.82,2.82,ADX,1514803140,2018-01-01 14:51:31.693523,23147.34,65432.96
2.83,1,JordanManual,CCCAGG,2.84,2.83,2.83,ADX,1514803320,2018-01-01 14:51:31.693523,14975.95,42381.94
2.83,1,JordanManual,CCCAGG,2.85,2.83,2.83,ADX,1514803500,2018-01-01 14:51:31.693523,7771.26,22002.76
2.84,1,JordanManual,CCCAGG,2.85,2.83,2.83,ADX,1514803680,2018-01-01 14:51:31.693523,8244.29,23413.78
2.84,1,JordanManual,CCCAGG,2.84,2.83,2.84,ADX,1514803860,2018-01-01 14:51:31.693523,6199.3,17606.02
2.83,1,JordanManual,CCCAGG,2.84,2.83,2.84,ADX,1514804040,2018-01-01 14:51:31.693523,12968.97,36702.18
2.83,1,JordanManual,CCCAGG,2.83,2.83,2.83,ADX,1514804220,2018-01-01 14:51:31.693523,10904.6,30860.02
2.83,1,JordanManual,CCCAGG,2.84,2.83,2.83,ADX,1514804400,2018-01-01 14:51:31.693523,9831.4,27822.86
2.79,1,JordanManual,CCCAGG,2.83,2.79,2.83,ADX,1514804580,2018-01-01 14:51:31.693523,32485.37,91587.19
2.78,1,JordanManual,CCCAGG,2.8,2.78,2.78,ADX,1514804760,2018-01-01 14:51:31.693523,8125.78,22643.06
2.76,1,JordanManual,CCCAGG,2.79,2.76,2.78,ADX,1514804940,2018-01-01 14:51:31.693523,18649.64,51657.1
2.75,1,JordanManual,CCCAGG,2.76,2.74,2.75,ADX,1514805120,2018-01-01 14:51:31.693523,18152.82,49843.2
2.73,1,JordanManual,CCCAGG,2.74,2.73,2.74,ADX,1514805300,2018-01-01 14:51:31.693523,16964.12,46455.2
2.72,1,JordanManual,CCCAGG,2.73,2.71,2.73,ADX,1514805480,2018-01-01 14:51:31.693523,11633.29,31669.57
2.71,1,JordanManual,CCCAGG,2.72,2.71,2.72,ADX,1514805660,2018-01-01 14:51:31.693523,9876.17,26835.18
2.74,1,JordanManual,CCCAGG,2.75,2.71,2.71,ADX,1514805840,2018-01-01 14:51:31.693523,12928.15,35241.33
2.73,1,JordanManual,CCCAGG,2.75,2.73,2.74,ADX,1514806020,2018-01-01 14:51:31.693523,14358.77,39384.83
2.71,1,JordanManual,CCCAGG,2.74,2.71,2.73,ADX,1514806200,2018-01-01 14:51:31.693523,16185.57,43981.64
2.74,1,JordanManual,CCCAGG,2.74,2.72,2.72,ADX,1514806380,2018-01-01 14:51:31.693523,13475.39,36688.85
2.75,1,JordanManual,CCCAGG,2.75,2.73,2.75,ADX,1514806560,2018-01-01 14:51:31.693523,11795.47,32273.43
2.74,1,JordanManual,CCCAGG,2.75,2.73,2.75,ADX,1514806740,2018-01-01 14:51:31.693523,5367.67,14708.92
2.74,1,JordanManual,CCCAGG,2.75,2.73,2.75,ADX,1514806920,2018-01-01 14:51:31.693523,14963.6,41015.53
2.73,1,JordanManual,CCCAGG,2.74,2.73,2.74,ADX,1514807100,2018-01-01 14:51:31.693523,5525.56,15084.78
2.74,1,JordanManual,CCCAGG,2.74,2.74,2.74,ADX,1514807280,2018-01-01 14:51:31.693523,7630.7,20908.12
2.75,1,JordanManual,CCCAGG,2.75,2.74,2.75,ADX,1514807460,2018-01-01 14:51:31.693523,17162.18,47121.93
2.75,1,JordanManual,CCCAGG,2.75,2.75,2.75,ADX,1514807640,2018-01-01 14:51:31.693523,6002.84,16507.81
2.75,1,JordanManual,CCCAGG,2.76,2.75,2.75,ADX,1514807820,2018-01-01 14:51:31.693523,8407.93,23121.81
2.77,1,JordanManual,CCCAGG,2.77,2.76,2.76,ADX,1514808000,2018-01-01 14:51:31.693523,10674.21,29490.28
2.77,1,JordanManual,CCCAGG,2.78,2.77,2.77,ADX,1514808180,2018-01-01 14:51:31.693523,14623.74,40507.76
2.78,1,JordanManual,CCCAGG,2.78,2.77,2.77,ADX,1514808360,2018-01-01 14:51:31.693523,12636.96,35096.32
2.78,1,JordanManual,CCCAGG,2.78,2.78,2.78,ADX,1514808540,2018-01-01 14:51:31.693523,7161.98,19910.3
2.77,1,JordanManual,CCCAGG,2.78,2.77,2.78,ADX,1514808720,2018-01-01 14:51:31.693523,6389.15,17737.83
2.76,1,JordanManual,CCCAGG,2.77,2.76,2.77,ADX,1514808900,2018-01-01 14:51:31.693523,12005.58,33154.48
2.75,1,JordanManual,CCCAGG,2.77,2.75,2.76,ADX,1514809080,2018-01-01 14:51:31.693523,9536.67,26383.86
2.76,1,JordanManual,CCCAGG,2.76,2.75,2.75,ADX,1514809260,2018-01-01 14:51:31.693523,8410.74,23166.99
2.76,1,JordanManual,CCCAGG,2.76,2.75,2.75,ADX,1514809440,2018-01-01 14:51:31.693523,12807.44,35258.46
2.76,1,JordanManual,CCCAGG,2.76,2.75,2.76,ADX,1514809620,2018-01-01 14:51:31.693523,6898.3,19025.99
2.76,1,JordanManual,CCCAGG,2.77,2.76,2.76,ADX,1514809800,2018-01-01 14:51:31.693523,8373.79,23111.66
2.77,1,JordanManual,CCCAGG,2.78,2.76,2.76,ADX,1514809980,2018-01-01 14:51:31.693523,24894.81,68943.97
2.76,1,JordanManual,CCCAGG,2.77,2.76,2.77,ADX,1514810160,2018-01-01 14:51:31.693523,21342.71,58931.99
2.77,1,JordanManual,CCCAGG,2.77,2.76,2.76,ADX,1514810340,2018-01-01 14:51:31.693523,6007.57,16610.81
2.77,1,JordanManual,CCCAGG,2.78,2.77,2.77,ADX,1514810520,2018-01-01 14:51:31.693523,3097.97,8593.27
2.79,1,JordanManual,CCCAGG,2.79,2.77,2.77,ADX,1514810700,2018-01-01 14:51:31.693523,5233.26,14585.35
2.79,1,JordanManual,CCCAGG,2.79,2.77,2.79,ADX,1514810880,2018-01-01 14:51:31.693523,19132.86,53202.27
2.8,1,JordanManual,CCCAGG,2.8,2.79,2.79,ADX,1514811060,2018-01-01 14:51:31.693523,10222.38,28570.94
2.79,1,JordanManual,CCCAGG,2.79,2.78,2.79,ADX,1514811240,2018-01-01 14:51:31.693523,9879.35,27563.39
2.8,1,JordanManual,CCCAGG,2.8,2.78,2.78,ADX,1514811420,2018-01-01 14:51:31.693523,5317.17,14849.68
2.79,1,JordanManual,CCCAGG,2.8,2.79,2.8,ADX,1514811600,2018-01-01 14:51:31.693523,10553.89,29483.1
2.78,1,JordanManual,CCCAGG,2.79,2.78,2.78,ADX,1514811780,2018-01-01 14:51:31.693523,28010.05,77886.42
2.75,1,JordanManual,CCCAGG,2.77,2.74,2.76,ADX,1514811960,2018-01-01 14:51:31.693523,16294.62,44879.35
2.78,1,JordanManual,CCCAGG,2.79,2.76,2.76,ADX,1514812140,2018-01-01 14:51:31.693523,16107.01,44698.7
2.79,1,JordanManual,CCCAGG,2.79,2.77,2.77,ADX,1514812320,2018-01-01 14:51:31.693523,7301.26,20263.99
2.81,1,JordanManual,CCCAGG,2.81,2.79,2.79,ADX,1514812500,2018-01-01 14:51:31.693523,8391.21,23514.87
2.81,1,JordanManual,CCCAGG,2.82,2.8,2.81,ADX,1514812680,2018-01-01 14:51:31.693523,10574.76,29724.94
2.82,1,JordanManual,CCCAGG,2.83,2.81,2.82,ADX,1514812860,2018-01-01 14:51:31.693523,18304.58,51538.22
2.81,1,JordanManual,CCCAGG,2.83,2.8,2.82,ADX,1514813040,2018-01-01 14:51:31.693523,15469.22,43580.69
2.79,1,JordanManual,CCCAGG,2.81,2.79,2.81,ADX,1514813220,2018-01-01 14:51:31.693523,18298.93,51175.77
2.8,1,JordanManual,CCCAGG,2.8,2.79,2.79,ADX,1514813400,2018-01-01 14:51:31.693523,14744.22,41259.21
2.77,1,JordanManual,CCCAGG,2.8,2.77,2.8,ADX,1514813580,2018-01-01 14:51:31.693523,22924.3,63664.16
2.78,1,JordanManual,CCCAGG,2.78,2.77,2.77,ADX,1514813760,2018-01-01 14:51:31.693523,17687.77,49157.15
2.77,1,JordanManual,CCCAGG,2.78,2.77,2.78,ADX,1514813940,2018-01-01 14:51:31.693523,25950.87,71938.59
2.8,1,JordanManual,CCCAGG,2.81,2.77,2.77,ADX,1514814120,2018-01-01 14:51:31.693523,15712.02,43859.8
2.79,1,JordanManual,CCCAGG,2.79,2.77,2.77,ADX,1514814300,2018-01-01 14:51:31.693523,10338.21,28843.61
2.78,1,JordanManual,CCCAGG,2.79,2.78,2.78,ADX,1514814480,2018-01-01 14:51:31.693523,11964.04,33286.99
2.75,1,JordanManual,CCCAGG,2.78,2.75,2.77,ADX,1514814660,2018-01-01 14:51:31.693523,11302.62,31336.02
2.76,1,JordanManual,CCCAGG,2.77,2.75,2.76,ADX,1514814840,2018-01-01 14:51:31.693523,18301.24,50511.42
2.76,1,JordanManual,CCCAGG,2.76,2.76,2.76,ADX,1514815020,2018-01-01 14:51:31.693523,12637.32,34879.0
2.77,1,JordanManual,CCCAGG,2.77,2.75,2.76,ADX,1514815200,2018-01-01 14:51:31.693523,16188.48,44739.57
2.74,1,JordanManual,CCCAGG,2.76,2.74,2.76,ADX,1514815380,2018-01-01 14:51:31.693523,13439.3,36927.88
2.74,1,JordanManual,CCCAGG,2.74,2.73,2.74,ADX,1514815560,2018-01-01 14:51:31.693523,8237.45,22570.61
2.71,1,JordanManual,CCCAGG,2.74,2.71,2.73,ADX,1514815740,2018-01-01 14:51:31.693523,22560.79,61406.74
2.73,1,JordanManual,CCCAGG,2.73,2.71,2.72,ADX,1514815920,2018-01-01 14:51:31.693523,17285.47,47064.06
2.72,1,JordanManual,CCCAGG,2.73,2.71,2.72,ADX,1514816100,2018-01-01 14:51:31.693523,15016.23,40831.58
2.72,1,JordanManual,CCCAGG,2.72,2.72,2.72,ADX,1514816280,2018-01-01 14:51:31.693523,9637.91,26215.12
2.71,1,JordanManual,CCCAGG,2.71,2.71,2.71,ADX,1514816460,2018-01-01 14:51:31.693523,7329.81,19863.78
2.71,1,JordanManual,CCCAGG,2.72,2.71,2.71,ADX,1514816640,2018-01-01 14:51:31.693523,7267.72,19724.66
2.75,1,JordanManual,CCCAGG,2.75,2.72,2.72,ADX,1514816820,2018-01-01 14:51:31.693523,14139.68,38709.39
2.75,1,JordanManual,CCCAGG,2.75,2.73,2.75,ADX,1514817000,2018-01-01 14:51:31.693523,13431.15,36935.67
2.74,1,JordanManual,CCCAGG,2.75,2.74,2.74,ADX,1514817180,2018-01-01 14:51:31.693523,14401.73,39460.74
2.74,1,JordanManual,CCCAGG,2.74,2.74,2.74,ADX,1514817360,2018-01-01 14:51:31.693523,5290.36,14495.59
2.75,1,JordanManual,CCCAGG,2.75,2.74,2.74,ADX,1514817540,2018-01-01 14:51:31.693523,6032.5,16572.76
2.77,1,JordanManual,CCCAGG,2.78,2.75,2.75,ADX,1514817720,2018-01-01 14:51:31.693523,12727.86,35143.04
2.78,1,JordanManual,CCCAGG,2.78,2.76,2.77,ADX,1514817900,2018-01-01 14:51:31.693523,7984.13,22137.04
2.77,1,JordanManual,CCCAGG,2.77,2.76,2.77,ADX,1514818080,2018-01-01 14:51:31.693523,16325.58,45179.79
2.77,1,JordanManual,CCCAGG,2.78,2.76,2.78,ADX,1514818260,2018-01-01 14:51:31.693523,23489.13,65017.63
2.81,1,JordanManual,CCCAGG,2.82,2.77,2.77,ADX,1514818440,2018-01-01 14:51:31.693523,24162.86,67778.82
2.84,1,JordanManual,CCCAGG,2.85,2.81,2.81,ADX,1514818620,2018-01-01 14:51:31.693523,32846.88,92988.51
2.84,1,JordanManual,CCCAGG,2.85,2.82,2.82,ADX,1514818800,2018-01-01 14:51:31.693523,17279.68,49113.65
2.84,1,JordanManual,CCCAGG,2.84,2.83,2.84,ADX,1514818980,2018-01-01 14:51:31.693523,14746.01,41820.4
2.85,1,JordanManual,CCCAGG,2.85,2.85,2.85,ADX,1514819160,2018-01-01 14:51:31.693523,27090.9,77209.06
2.85,1,JordanManual,CCCAGG,2.86,2.85,2.86,ADX,1514819340,2018-01-01 14:51:31.693523,10937.97,31173.22
2.86,1,JordanManual,CCCAGG,2.88,2.85,2.85,ADX,1514819520,2018-01-01 14:51:31.693523,20350.95,58474.57
2.91,1,JordanManual,CCCAGG,2.91,2.87,2.87,ADX,1514819700,2018-01-01 14:51:31.693523,66685.59,192106.16
2.89,1,JordanManual,CCCAGG,2.91,2.89,2.89,ADX,1514819880,2018-01-01 14:51:31.693523,21837.65,63368.63
2.9,1,JordanManual,CCCAGG,2.91,2.89,2.89,ADX,1514820060,2018-01-01 14:51:31.693523,9075.49,26297.18
2.92,1,JordanManual,CCCAGG,2.94,2.91,2.92,ADX,1514820240,2018-01-01 14:51:31.693523,24354.79,71221.24
2.95,1,JordanManual,CCCAGG,2.95,2.93,2.93,ADX,1514820420,2018-01-01 14:51:31.693523,18556.61,54742.0
2.94,1,JordanManual,CCCAGG,2.95,2.93,2.95,ADX,1514820600,2018-01-01 14:51:31.693523,29854.97,87825.81
2.94,1,JordanManual,CCCAGG,2.94,2.94,2.94,ADX,1514820780,2018-01-01 14:51:31.693523,10905.63,32062.55
2.94,1,JordanManual,CCCAGG,2.94,2.92,2.94,ADX,1514820960,2018-01-01 14:51:31.693523,59037.02,173568.84
2.93,1,JordanManual,CCCAGG,2.94,2.92,2.94,ADX,1514821140,2018-01-01 14:51:31.693523,18371.01,53926.81
2.93,1,JordanManual,CCCAGG,2.94,2.92,2.93,ADX,1514821320,2018-01-01 14:51:31.693523,11979.33,35099.44
2.95,1,JordanManual,CCCAGG,2.95,2.93,2.93,ADX,1514821500,2018-01-01 14:51:31.693523,11534.78,33988.76
2.94,1,JordanManual,CCCAGG,2.96,2.94,2.96,ADX,1514821680,2018-01-01 14:51:31.693523,12676.14,37338.02
2.91,1,JordanManual,CCCAGG,2.94,2.91,2.94,ADX,1514821860,2018-01-01 14:51:31.693523,23095.65,67472.71
2.91,1,JordanManual,CCCAGG,2.93,2.91,2.91,ADX,1514822040,2018-01-01 14:51:31.693523,23369.21,68099.6
2.92,1,JordanManual,CCCAGG,2.92,2.9,2.91,ADX,1514822220,2018-01-01 14:51:31.693523,10075.45,29377.07
2.9,1,JordanManual,CCCAGG,2.92,2.88,2.91,ADX,1514822400,2018-01-01 14:51:31.693523,38001.7,109998.65
2.84,1,JordanManual,CCCAGG,2.9,2.84,2.9,ADX,1514822580,2018-01-01 14:51:31.693523,25339.9,72773.41
2.84,1,JordanManual,CCCAGG,2.84,2.83,2.84,ADX,1514822760,2018-01-01 14:51:31.693523,20973.21,59447.82
2.85,1,JordanManual,CCCAGG,2.85,2.83,2.83,ADX,1514822940,2018-01-01 14:51:31.693523,24362.82,69268.54
2.84,1,JordanManual,CCCAGG,2.85,2.84,2.85,ADX,1514823120,2018-01-01 14:51:31.693523,24339.43,69123.98
2.82,1,JordanManual,CCCAGG,2.84,2.82,2.84,ADX,1514823300,2018-01-01 14:51:31.693523,19571.02,55300.47
2.8,1,JordanManual,CCCAGG,2.82,2.8,2.82,ADX,1514823480,2018-01-01 14:51:31.693523,14060.95,39525.01
2.8,1,JordanManual,CCCAGG,2.8,2.8,2.8,ADX,1514823660,2018-01-01 14:51:31.693523,11846.47,33170.12
2.81,1,JordanManual,CCCAGG,2.82,2.79,2.79,ADX,1514823840,2018-01-01 14:51:31.693523,8325.72,23400.9
2.82,1,JordanManual,CCCAGG,2.82,2.81,2.81,ADX,1514824020,2018-01-01 14:51:31.693523,9254.19,26070.58
2.81,1,JordanManual,CCCAGG,2.82,2.81,2.81,ADX,1514824200,2018-01-01 14:51:31.693523,10277.3,28960.28
2.81,1,JordanManual,CCCAGG,2.82,2.81,2.81,ADX,1514824380,2018-01-01 14:51:31.693523,9268.41,26110.92
2.81,1,JordanManual,CCCAGG,2.81,2.81,2.81,ADX,1514824560,2018-01-01 14:51:31.693523,7794.42,21902.32
2.82,1,JordanManual,CCCAGG,2.82,2.81,2.81,ADX,1514824740,2018-01-01 14:51:31.693523,12507.96,35227.3
2.83,1,JordanManual,CCCAGG,2.83,2.82,2.83,ADX,1514824920,2018-01-01 14:51:31.693523,4065.17,11504.42
2.83,1,JordanManual,CCCAGG,2.83,2.82,2.83,ADX,1514825100,2018-01-01 14:51:31.693523,10338.53,29233.28
2.84,1,JordanManual,CCCAGG,2.84,2.83,2.83,ADX,1514825280,2018-01-01 14:51:31.693523,10350.39,29354.91
2.83,1,JordanManual,CCCAGG,2.84,2.83,2.84,ADX,1514825460,2018-01-01 14:51:31.693523,12403.23,35160.64
2.81,1,JordanManual,CCCAGG,2.83,2.81,2.83,ADX,1514825640,2018-01-01 14:51:31.693523,7046.08,19866.01
2.81,1,JordanManual,CCCAGG,2.81,2.81,2.81,ADX,1514825820,2018-01-01 14:51:31.693523,7627.58,21433.5
2.82,1,JordanManual,CCCAGG,2.82,2.82,2.82,ADX,1514826000,2018-01-01 14:51:31.693523,9445.33,26635.83
2.83,1,JordanManual,CCCAGG,2.83,2.82,2.82,ADX,1514826180,2018-01-01 14:51:31.693523,9242.65,26083.57
2.82,1,JordanManual,CCCAGG,2.83,2.82,2.83,ADX,1514826360,2018-01-01 14:51:31.693523,6298.58,17761.99
2.82,1,JordanManual,CCCAGG,2.82,2.82,2.82,ADX,1514826540,2018-01-01 14:51:31.693523,5798.31,16351.24
2.82,1,JordanManual,CCCAGG,2.82,2.82,2.82,ADX,1514826720,2018-01-01 14:51:31.693523,4963.2,13996.23
2.82,1,JordanManual,CCCAGG,2.82,2.82,2.82,ADX,1514826900,2018-01-01 14:51:31.693523,4190.58,11817.44
2.83,1,JordanManual,CCCAGG,2.83,2.82,2.82,ADX,1514827080,2018-01-01 14:51:31.693523,14691.04,41460.0
2.83,1,JordanManual,CCCAGG,2.83,2.83,2.83,ADX,1514827260,2018-01-01 14:51:31.693523,8189.13,23175.24
2.83,1,JordanManual,CCCAGG,2.83,2.82,2.82,ADX,1514827440,2018-01-01 14:51:31.693523,13139.36,37141.24
2.84,1,JordanManual,CCCAGG,2.84,2.83,2.83,ADX,1514827620,2018-01-01 14:51:31.693523,17522.09,49699.6
2.83,1,JordanManual,CCCAGG,2.83,2.83,2.83,ADX,1514827800,2018-01-01 14:51:31.693523,10568.47,29908.78
2.83,1,JordanManual,CCCAGG,2.83,2.83,2.83,ADX,1514827980,2018-01-01 14:51:31.693523,9461.6,26776.33
2.84,1,JordanManual,CCCAGG,2.84,2.83,2.83,ADX,1514828160,2018-01-01 14:51:31.693523,14336.53,40667.77
2.83,1,JordanManual,CCCAGG,2.83,2.82,2.83,ADX,1514828340,2018-01-01 14:51:31.693523,5199.65,14715.01
2.83,1,JordanManual,CCCAGG,2.83,2.82,2.82,ADX,1514828520,2018-01-01 14:51:31.693523,11596.87,32798.92
2.82,1,JordanManual,CCCAGG,2.83,2.82,2.83,ADX,1514828700,2018-01-01 14:51:31.693523,6874.56,19391.9
2.83,1,JordanManual,CCCAGG,2.83,2.82,2.82,ADX,1514828880,2018-01-01 14:51:31.693523,5220.74,14774.7
2.84,1,JordanManual,CCCAGG,2.84,2.83,2.83,ADX,1514829060,2018-01-01 14:51:31.693523,21088.33,59792.36
2.84,1,JordanManual,CCCAGG,2.86,2.83,2.83,ADX,1514829240,2018-01-01 14:51:31.693523,9558.98,27147.51
2.82,1,JordanManual,CCCAGG,2.84,2.82,2.84,ADX,1514829420,2018-01-01 14:51:31.693523,10426.35,29480.94
2.81,1,JordanManual,CCCAGG,2.82,2.81,2.82,ADX,1514829600,2018-01-01 14:51:31.693523,6177.63,17378.95
2.82,1,JordanManual,CCCAGG,2.84,2.81,2.82,ADX,1514829780,2018-01-01 14:51:31.693523,8444.44,23734.75
2.82,1,JordanManual,CCCAGG,2.83,2.81,2.82,ADX,1514829960,2018-01-01 14:51:31.693523,14764.98,41637.25
2.82,1,JordanManual,CCCAGG,2.83,2.81,2.82,ADX,1514830140,2018-01-01 14:51:31.693523,11004.84,31097.25
2.85,1,JordanManual,CCCAGG,2.85,2.83,2.83,ADX,1514830320,2018-01-01 14:51:31.693523,16683.37,47500.5
2.84,1,JordanManual,CCCAGG,2.86,2.84,2.85,ADX,1514830500,2018-01-01 14:51:31.693523,11670.92,33186.72
2.87,1,JordanManual,CCCAGG,2.87,2.84,2.84,ADX,1514830680,2018-01-01 14:51:31.693523,12205.87,34836.72
2.88,1,JordanManual,CCCAGG,2.88,2.88,2.88,ADX,1514830860,2018-01-01 14:51:31.693523,14144.8,40737.03
2.89,1,JordanManual,CCCAGG,2.89,2.88,2.88,ADX,1514831040,2018-01-01 14:51:31.693523,6606.04,19032.55
2.88,1,JordanManual,CCCAGG,2.9,2.88,2.89,ADX,1514831220,2018-01-01 14:51:31.693523,5551.39,16052.19
2.89,1,JordanManual,CCCAGG,2.89,2.87,2.87,ADX,1514831400,2018-01-01 14:51:31.693523,9073.81,26099.27
2.87,1,JordanManual,CCCAGG,2.89,2.87,2.89,ADX,1514831580,2018-01-01 14:51:31.693523,3979.34,11430.83
2.87,1,JordanManual,CCCAGG,2.88,2.87,2.88,ADX,1514831760,2018-01-01 14:51:31.693523,6983.06,20086.59
2.87,1,JordanManual,CCCAGG,2.88,2.87,2.87,ADX,1514831940,2018-01-01 14:51:31.693523,3984.43,11435.31
2.88,1,JordanManual,CCCAGG,2.88,2.87,2.88,ADX,1514832120,2018-01-01 14:51:31.693523,7808.27,22420.1
2.88,1,JordanManual,CCCAGG,2.88,2.87,2.88,ADX,1514832300,2018-01-01 14:51:31.693523,7923.44,22819.51
2.86,1,JordanManual,CCCAGG,2.87,2.86,2.87,ADX,1514832480,2018-01-01 14:51:31.693523,8928.1,25585.28
2.86,1,JordanManual,CCCAGG,2.86,2.85,2.86,ADX,1514832660,2018-01-01 14:51:31.693523,6237.08,17804.68
2.86,1,JordanManual,CCCAGG,2.86,2.85,2.86,ADX,1514832840,2018-01-01 14:51:31.693523,5526.43,15776.48
2.86,1,JordanManual,CCCAGG,2.86,2.86,2.86,ADX,1514833020,2018-01-01 14:51:31.693523,4969.12,14211.69
2.86,1,JordanManual,CCCAGG,2.87,2.86,2.86,ADX,1514833200,2018-01-01 14:51:31.693523,7145.88,20437.22
2.86,1,JordanManual,CCCAGG,2.87,2.86,2.86,ADX,1514833380,2018-01-01 14:51:31.693523,10940.05,31309.16
2.85,1,JordanManual,CCCAGG,2.86,2.85,2.86,ADX,1514833560,2018-01-01 14:51:31.693523,9219.41,26328.83
2.87,1,JordanManual,CCCAGG,2.87,2.86,2.86,ADX,1514833740,2018-01-01 14:51:31.693523,6531.23,18690.93
2.86,1,JordanManual,CCCAGG,2.87,2.86,2.86,ADX,1514833920,2018-01-01 14:51:31.693523,10655.01,30473.34
2.86,1,JordanManual,CCCAGG,2.86,2.86,2.86,ADX,1514834100,2018-01-01 14:51:31.693523,5844.02,16713.89
2.86,1,JordanManual,CCCAGG,2.87,2.86,2.87,ADX,1514834280,2018-01-01 14:51:31.693523,2791.52,7991.08
2.87,1,JordanManual,CCCAGG,2.87,2.86,2.86,ADX,1514834460,2018-01-01 14:51:31.693523,16592.79,47576.9
2.88,1,JordanManual,CCCAGG,2.88,2.87,2.87,ADX,1514834640,2018-01-01 14:51:31.693523,6407.36,18409.23
2.89,1,JordanManual,CCCAGG,2.89,2.87,2.88,ADX,1514834820,2018-01-01 14:51:31.693523,12353.38,35624.5
2.88,1,JordanManual,CCCAGG,2.89,2.88,2.89,ADX,1514835000,2018-01-01 14:51:31.693523,3845.87,11076.1
2.89,1,JordanManual,CCCAGG,2.89,2.87,2.87,ADX,1514835180,2018-01-01 14:51:31.693523,4767.44,13700.44
2.89,1,JordanManual,CCCAGG,2.89,2.87,2.89,ADX,1514835360,2018-01-01 14:51:31.693523,8702.86,25131.93
2.89,1,JordanManual,CCCAGG,2.9,2.89,2.89,ADX,1514835540,2018-01-01 14:51:31.693523,6435.26,18597.9
2.91,1,JordanManual,CCCAGG,2.91,2.89,2.89,ADX,1514835720,2018-01-01 14:51:31.693523,2578.22,7479.08
2.9,1,JordanManual,CCCAGG,2.9,2.89,2.9,ADX,1514835900,2018-01-01 14:51:31.693523,3164.9,9178.21
2.89,1,JordanManual,CCCAGG,2.9,2.88,2.9,ADX,1514836080,2018-01-01 14:51:31.693523,9408.99,27191.98
2.88,1,JordanManual,CCCAGG,2.89,2.87,2.89,ADX,1514836260,2018-01-01 14:51:31.693523,16662.2,47891.07
2.86,1,JordanManual,CCCAGG,2.89,2.86,2.88,ADX,1514836440,2018-01-01 14:51:31.693523,17100.54,49115.26
2.87,1,JordanManual,CCCAGG,2.87,2.85,2.86,ADX,1514836620,2018-01-01 14:51:31.693523,2917.66,8356.3
2.88,1,JordanManual,CCCAGG,2.89,2.86,2.87,ADX,1514836800,2018-01-01 14:51:31.693523,18049.65,52072.05
2.89,1,JordanManual,CCCAGG,2.9,2.89,2.89,ADX,1514836980,2018-01-01 14:51:31.693523,11479.84,33217.04
2.89,1,JordanManual,CCCAGG,2.9,2.88,2.89,ADX,1514837160,2018-01-01 14:51:31.693523,6632.85,19168.94
2.91,1,JordanManual,CCCAGG,2.91,2.9,2.9,ADX,1514837340,2018-01-01 14:51:31.693523,25714.27,74695.94
2.91,1,JordanManual,CCCAGG,2.92,2.91,2.92,ADX,1514837520,2018-01-01 14:51:31.693523,3302.49,9621.0
2.9,1,JordanManual,CCCAGG,2.91,2.9,2.91,ADX,1514837700,2018-01-01 14:51:31.693523,8109.45,23517.4
2.91,1,JordanManual,CCCAGG,2.91,2.9,2.91,ADX,1514837880,2018-01-01 14:51:31.693523,3631.48,10567.6
2.91,1,JordanManual,CCCAGG,2.91,2.9,2.9,ADX,1514838060,2018-01-01 14:51:31.693523,5429.3,15784.05
2.9,1,JordanManual,CCCAGG,2.91,2.9,2.9,ADX,1514838240,2018-01-01 14:51:31.693523,7660.79,22216.29
2.89,1,JordanManual,CCCAGG,2.9,2.88,2.9,ADX,1514838420,2018-01-01 14:51:31.693523,15684.32,45327.69
2.9,1,JordanManual,CCCAGG,2.91,2.89,2.9,ADX,1514838600,2018-01-01 14:51:31.693523,9146.27,26583.98
2.9,1,JordanManual,CCCAGG,2.91,2.9,2.9,ADX,1514838780,2018-01-01 14:51:31.693523,5647.0,16376.3
2.91,1,JordanManual,CCCAGG,2.93,2.91,2.91,ADX,1514838960,2018-01-01 14:51:31.693523,7146.95,20860.61
2.94,1,JordanManual,CCCAGG,2.94,2.92,2.92,ADX,1514839140,2018-01-01 14:51:31.693523,8271.9,24291.7
2.94,1,JordanManual,CCCAGG,2.95,2.94,2.94,ADX,1514839320,2018-01-01 14:51:31.693523,11397.62,33549.22
2.93,1,JordanManual,CCCAGG,2.95,2.92,2.94,ADX,1514839500,2018-01-01 14:51:31.693523,4763.37,13987.38
2.92,1,JordanManual,CCCAGG,2.95,2.92,2.94,ADX,1514839680,2018-01-01 14:51:31.693523,6258.74,18374.81
2.92,1,JordanManual,CCCAGG,2.93,2.92,2.92,ADX,1514839860,2018-01-01 14:51:31.693523,25165.76,73495.64
2.92,1,JordanManual,CCCAGG,2.93,2.91,2.93,ADX,1514840040,2018-01-01 14:51:31.693523,7208.91,21050.02
2.94,1,JordanManual,CCCAGG,2.94,2.92,2.92,ADX,1514840220,2018-01-01 14:51:31.693523,14723.58,43250.14
2.95,1,JordanManual,CCCAGG,2.95,2.93,2.94,ADX,1514840400,2018-01-01 14:51:31.693523,15637.2,46114.74
3.01,1,JordanManual,CCCAGG,3.01,2.97,2.97,ADX,1514840580,2018-01-01 14:51:31.693523,14561.96,43590.93
3.01,1,JordanManual,CCCAGG,3.04,2.99,3.01,ADX,1514840760,2018-01-01 14:51:31.693523,24426.88,74006.29
3.03,1,JordanManual,CCCAGG,3.03,3.01,3.01,ADX,1514840940,2018-01-01 14:51:31.693523,27213.4,82101.46
3.01,1,JordanManual,CCCAGG,3.03,3.01,3.03,ADX,1514841120,2018-01-01 14:51:31.693523,12582.95,37990.16
2.99,1,JordanManual,CCCAGG,3.02,2.99,3.01,ADX,1514841300,2018-01-01 14:51:31.693523,12477.3,37415.46
2.98,1,JordanManual,CCCAGG,2.99,2.97,2.99,ADX,1514841480,2018-01-01 14:51:31.693523,5203.09,15531.24
3.01,1,JordanManual,CCCAGG,3.01,2.98,2.98,ADX,1514841660,2018-01-01 14:51:31.693523,9620.93,28806.62
3.03,1,JordanManual,CCCAGG,3.03,3.01,3.01,ADX,1514841840,2018-01-01 14:51:31.693523,14118.3,42778.46
3.04,1,JordanManual,CCCAGG,3.05,3.03,3.03,ADX,1514842020,2018-01-01 14:51:31.693523,16970.06,51588.98
3.05,1,JordanManual,CCCAGG,3.06,3.04,3.05,ADX,1514842200,2018-01-01 14:51:31.693523,15520.92,47405.64
3.03,1,JordanManual,CCCAGG,3.05,3.03,3.04,ADX,1514842380,2018-01-01 14:51:31.693523,17913.16,54400.13
3.02,1,JordanManual,CCCAGG,3.04,3.02,3.03,ADX,1514842560,2018-01-01 14:51:31.693523,12780.44,38753.99
3.01,1,JordanManual,CCCAGG,3.03,3.01,3.01,ADX,1514842740,2018-01-01 14:51:31.693523,11667.34,35118.69
3.01,1,JordanManual,CCCAGG,3.02,3.0,3.01,ADX,1514842920,2018-01-01 14:51:31.693523,11346.23,34197.35
3.01,1,JordanManual,CCCAGG,3.02,2.99,3.02,ADX,1514843100,2018-01-01 14:51:31.693523,18204.47,54795.46
3.02,1,JordanManual,CCCAGG,3.02,3.01,3.01,ADX,1514843280,2018-01-01 14:51:31.693523,6241.29,18825.63
3.02,1,JordanManual,CCCAGG,3.02,3.01,3.02,ADX,1514843460,2018-01-01 14:51:31.693523,730.12,2204.96
3.01,1,JordanManual,CCCAGG,3.03,3.01,3.02,ADX,1514843640,2018-01-01 14:59:08.260826,16566.09,49914.8
3.01,1,JordanManual,CCCAGG,3.01,3.01,3.01,ADX,1514843820,2018-01-01 14:59:08.260826,7378.57,22209.49
3.01,1,JordanManual,CCCAGG,3.01,3.01,3.01,ADX,1514844000,2018-01-01 15:00:28.362695,0.0,0.0
3.02,1,JordanManual,CCCAGG,3.02,3.0,3.0,ADX,1514844180,2018-01-01 15:08:38.821897,22206.24,66887.75
3.01,1,JordanManual,CCCAGG,3.03,3.01,3.03,ADX,1514844360,2018-01-01 15:08:38.821897,6059.64,18313.05
