close,high,low,open,time,volumefrom,volumeto,symbol,coin_units,timestamp_api_call,computer_name,exchange
0.3919,0.3928,0.3887,0.3923,1514723580,18899.95,7395.64,BAT,1,2018-01-01 14:51:30.973674,JordanManual,CCCAGG
0.3904,0.3932,0.3892,0.3893,1514723760,24028.670000000002,9381.64,BAT,1,2018-01-01 14:51:30.973674,JordanManual,CCCAGG
0.3893,0.392,0.3889,0.3901,1514723940,18625.02,7265.07,BAT,1,2018-01-01 14:51:30.973674,JordanManual,CCCAGG
0.3941,0.3943,0.3892,0.3921,1514724120,38615.14,15183.25,BAT,1,2018-01-01 14:51:30.973674,JordanManual,CCCAGG
0.3969,0.3969,0.3909,0.3934,1514724300,57787.829999999994,22777.239999999998,BAT,1,2018-01-01 14:51:30.973674,JordanManual,CCCAGG
0.3919,0.3972,0.3903,0.3972,1514724480,29122.600000000002,11422.77,BAT,1,2018-01-01 14:51:30.973674,JordanManual,CCCAGG
0.3887,0.3905,0.3841,0.3901,1514724660,104375.8,40535.030000000006,BAT,1,2018-01-01 14:51:30.973674,JordanManual,CCCAGG
0.3867,0.3888,0.3836,0.3888,1514724840,23096.219999999998,8957.550000000001,BAT,1,2018-01-01 14:51:30.973674,JordanManual,CCCAGG
0.3864,0.3886,0.3862,0.387,1514725020,22226.16,8611.710000000001,BAT,1,2018-01-01 14:51:30.973674,JordanManual,CCCAGG
0.3878,0.3924,0.3878,0.3898,1514725200,45258.06,17706.67,BAT,1,2018-01-01 14:51:30.973674,JordanManual,CCCAGG
0.3845,0.3898,0.3845,0.3891,1514725380,42136.520000000004,16311.220000000001,BAT,1,2018-01-01 14:51:30.973674,JordanManual,CCCAGG
0.3865,0.3889,0.3854,0.387,1514725560,33491.600000000006,12959.73,BAT,1,2018-01-01 14:51:30.973674,JordanManual,CCCAGG
0.3876,0.3876,0.3856,0.3856,1514725740,31596.11,12225.029999999999,BAT,1,2018-01-01 14:51:30.973674,JordanManual,CCCAGG
0.3905,0.3909,0.3866,0.3866,1514725920,92315.67000000001,35887.31,BAT,1,2018-01-01 14:51:30.973674,JordanManual,CCCAGG
0.3935,0.3935,0.3908,0.3908,1514726100,88079.83,34554.01,BAT,1,2018-01-01 14:51:30.973674,JordanManual,CCCAGG
0.393,0.3965,0.3923,0.3948,1514726280,73967.23,29208.25,BAT,1,2018-01-01 14:51:30.973674,JordanManual,CCCAGG
0.3899,0.3901,0.3867,0.3886,1514726460,26121.41,10134.77,BAT,1,2018-01-01 14:51:30.973674,JordanManual,CCCAGG
0.3916,0.3926,0.3888,0.3897,1514726640,52077.45,20398.92,BAT,1,2018-01-01 14:51:30.973674,JordanManual,CCCAGG
0.3929,0.3929,0.39,0.3911,1514726820,22799.28,8931.74,BAT,1,2018-01-01 14:51:30.973674,JordanManual,CCCAGG
0.394,0.394,0.3914,0.3914,1514727000,38580.39,15182.949999999999,BAT,1,2018-01-01 14:51:30.973674,JordanManual,CCCAGG
0.3923,0.3944,0.3916,0.3939,1514727180,64785.47,25493.26,BAT,1,2018-01-01 14:51:30.973674,JordanManual,CCCAGG
0.3926,0.393,0.3915,0.3922,1514727360,35214.09,13805.300000000001,BAT,1,2018-01-01 14:51:30.973674,JordanManual,CCCAGG
0.3936,0.3938,0.3924,0.3924,1514727540,75307.31999999999,29600.06,BAT,1,2018-01-01 14:51:30.973674,JordanManual,CCCAGG
0.3888,0.394,0.3888,0.394,1514727720,93234.16,36377.57,BAT,1,2018-01-01 14:51:30.973674,JordanManual,CCCAGG
0.3927,0.3927,0.3891,0.3896,1514727900,30265.22,11867.939999999999,BAT,1,2018-01-01 14:51:30.973674,JordanManual,CCCAGG
0.3926,0.3931,0.3903,0.3931,1514728080,15383.3,6028.82,BAT,1,2018-01-01 14:51:30.973674,JordanManual,CCCAGG
0.3915,0.3918,0.3897,0.3904,1514728260,18272.260000000002,7148.870000000001,BAT,1,2018-01-01 14:51:30.973674,JordanManual,CCCAGG
0.3903,0.3913,0.3881,0.3913,1514728440,58070.42,22672.12,BAT,1,2018-01-01 14:51:30.973674,JordanManual,CCCAGG
0.3911,0.3912,0.3901,0.3901,1514728620,5309.98,2075.6,BAT,1,2018-01-01 14:51:30.973674,JordanManual,CCCAGG
0.392,0.3932,0.3913,0.3913,1514728800,26469.979999999996,10401.18,BAT,1,2018-01-01 14:51:30.973674,JordanManual,CCCAGG
0.3923,0.3926,0.3897,0.3922,1514728980,31642.06,12403.68,BAT,1,2018-01-01 14:51:30.973674,JordanManual,CCCAGG
0.3986,0.3986,0.392,0.3926,1514729160,117061.23999999999,46521.090000000004,BAT,1,2018-01-01 14:51:30.973674,JordanManual,CCCAGG
0.4033,0.4041,0.399,0.4002,1514729340,112666.32,45346.17999999999,BAT,1,2018-01-01 14:51:30.973674,JordanManual,CCCAGG
0.4093,0.4096,0.4013,0.4029,1514729520,194127.62,79046.64,BAT,1,2018-01-01 14:51:30.973674,JordanManual,CCCAGG
0.4088,0.411,0.4056,0.4097,1514729700,182546.91,74687.84,BAT,1,2018-01-01 14:51:30.973674,JordanManual,CCCAGG
0.4077,0.4112,0.4059,0.4089,1514729880,97437.09,39804.369999999995,BAT,1,2018-01-01 14:51:30.973674,JordanManual,CCCAGG
0.4088,0.4095,0.4077,0.4082,1514730060,91658.57,37426.899999999994,BAT,1,2018-01-01 14:51:30.973674,JordanManual,CCCAGG
0.4093,0.4094,0.4079,0.4082,1514730240,49454.3,20212.93,BAT,1,2018-01-01 14:51:30.973674,JordanManual,CCCAGG
0.4124,0.4124,0.4094,0.4094,1514730420,175342.94,72194.95999999999,BAT,1,2018-01-01 14:51:30.973674,JordanManual,CCCAGG
0.4149,0.4149,0.4133,0.4133,1514730600,134904.46,55895.07000000001,BAT,1,2018-01-01 14:51:30.973674,JordanManual,CCCAGG
0.4165,0.4165,0.4136,0.4155,1514730780,122499.92,50905.899999999994,BAT,1,2018-01-01 14:51:30.973674,JordanManual,CCCAGG
0.4163,0.4164,0.4133,0.4159,1514730960,153337.76,63785.89,BAT,1,2018-01-01 14:51:30.973674,JordanManual,CCCAGG
0.4214,0.4214,0.4165,0.4166,1514731140,114352.04999999999,48039.69,BAT,1,2018-01-01 14:51:30.973674,JordanManual,CCCAGG
0.4233,0.4244,0.4194,0.4215,1514731320,369288.77,155740.71,BAT,1,2018-01-01 14:51:30.973674,JordanManual,CCCAGG
0.4248,0.4251,0.4219,0.4233,1514731500,210843.56,89316.18,BAT,1,2018-01-01 14:51:30.973674,JordanManual,CCCAGG
0.4264,0.4318,0.4259,0.4259,1514731680,371693.01,159496.66999999998,BAT,1,2018-01-01 14:51:30.973674,JordanManual,CCCAGG
0.4255,0.4287,0.4235,0.426,1514731860,111935.86000000002,47844.57,BAT,1,2018-01-01 14:51:30.973674,JordanManual,CCCAGG
0.4297,0.4309,0.4248,0.4248,1514732040,223140.38,95569.47,BAT,1,2018-01-01 14:51:30.973674,JordanManual,CCCAGG
0.4283,0.4312,0.4221,0.4306,1514732220,223909.16000000003,95758.93,BAT,1,2018-01-01 14:51:30.973674,JordanManual,CCCAGG
0.426,0.4313,0.4231,0.4289,1514732400,168325.21000000002,72151.44,BAT,1,2018-01-01 14:51:30.973674,JordanManual,CCCAGG
0.4188,0.4274,0.4188,0.4272,1514732580,117524.92,49692.53,BAT,1,2018-01-01 14:51:30.973674,JordanManual,CCCAGG
0.4125,0.4191,0.4063,0.4191,1514732760,219459.26,90547.61,BAT,1,2018-01-01 14:51:30.973674,JordanManual,CCCAGG
0.4152,0.417,0.4123,0.4123,1514732940,83152.72,34558.62,BAT,1,2018-01-01 14:51:30.973674,JordanManual,CCCAGG
0.4169,0.4195,0.4128,0.4168,1514733120,169363.45,70470.3,BAT,1,2018-01-01 14:51:30.973674,JordanManual,CCCAGG
0.4078,0.4181,0.4078,0.4162,1514733300,54493.09999999999,22536.28,BAT,1,2018-01-01 14:51:30.973674,JordanManual,CCCAGG
0.4105,0.4123,0.4053,0.4071,1514733480,133744.19,54597.91,BAT,1,2018-01-01 14:51:30.973674,JordanManual,CCCAGG
0.4082,0.4112,0.4066,0.4103,1514733660,72067.76999999999,29494.29,BAT,1,2018-01-01 14:51:30.973674,JordanManual,CCCAGG
0.4026,0.4094,0.4026,0.4073,1514733840,81962.82,33244.86,BAT,1,2018-01-01 14:51:30.973674,JordanManual,CCCAGG
0.4029,0.4062,0.4013,0.402,1514734020,227962.09,91892.76,BAT,1,2018-01-01 14:51:30.973674,JordanManual,CCCAGG
0.4041,0.4082,0.3999,0.4025,1514734200,143090.51,57909.979999999996,BAT,1,2018-01-01 14:51:30.973674,JordanManual,CCCAGG
0.4066,0.4073,0.4022,0.4034,1514734380,56642.06,23012.1,BAT,1,2018-01-01 14:51:30.973674,JordanManual,CCCAGG
0.4055,0.4066,0.4024,0.4044,1514734560,47323.66,19170.67,BAT,1,2018-01-01 14:51:30.973674,JordanManual,CCCAGG
0.4053,0.4083,0.4023,0.406,1514734740,123903.44,50214.990000000005,BAT,1,2018-01-01 14:51:30.973674,JordanManual,CCCAGG
0.4036,0.4044,0.3999,0.4044,1514734920,49789.850000000006,20106.420000000002,BAT,1,2018-01-01 14:51:30.973674,JordanManual,CCCAGG
0.4025,0.4047,0.3991,0.4044,1514735100,63373.4,25461.54,BAT,1,2018-01-01 14:51:30.973674,JordanManual,CCCAGG
0.405,0.405,0.4013,0.4022,1514735280,39784.61,16051.920000000002,BAT,1,2018-01-01 14:51:30.973674,JordanManual,CCCAGG
0.4044,0.4058,0.4016,0.404,1514735460,64213.2,25948.079999999998,BAT,1,2018-01-01 14:51:30.973674,JordanManual,CCCAGG
0.3973,0.4042,0.3973,0.4042,1514735640,95472.22,38152.22,BAT,1,2018-01-01 14:51:30.973674,JordanManual,CCCAGG
0.3939,0.3998,0.3936,0.3985,1514735820,114723.64,45407.990000000005,BAT,1,2018-01-01 14:51:30.973674,JordanManual,CCCAGG
0.3974,0.3974,0.3938,0.3949,1514736000,43675.399999999994,17252.66,BAT,1,2018-01-01 14:51:30.973674,JordanManual,CCCAGG
0.3975,0.3988,0.3937,0.3963,1514736180,168805.57,66686.88,BAT,1,2018-01-01 14:51:30.973674,JordanManual,CCCAGG
0.4053,0.4053,0.3984,0.3984,1514736360,149035.58999999997,60000.76,BAT,1,2018-01-01 14:51:30.973674,JordanManual,CCCAGG
0.4041,0.4072,0.404,0.4057,1514736540,142269.81,57632.04,BAT,1,2018-01-01 14:51:30.973674,JordanManual,CCCAGG
0.4049,0.4067,0.4027,0.4027,1514736720,86664.03,35067.08,BAT,1,2018-01-01 14:51:30.973674,JordanManual,CCCAGG
0.4054,0.4072,0.4019,0.4053,1514736900,76401.04000000001,30852.309999999998,BAT,1,2018-01-01 14:51:30.973674,JordanManual,CCCAGG
0.4021,0.4091,0.4016,0.4052,1514737080,113557.22,45905.39,BAT,1,2018-01-01 14:51:30.973674,JordanManual,CCCAGG
0.3981,0.4024,0.3977,0.4008,1514737260,128514.19,51420.06,BAT,1,2018-01-01 14:51:30.973674,JordanManual,CCCAGG
0.395,0.3998,0.3936,0.3992,1514737440,120182.2,47600.97,BAT,1,2018-01-01 14:51:30.973674,JordanManual,CCCAGG
0.3942,0.3944,0.3903,0.3915,1514737620,73563.53,28931.870000000003,BAT,1,2018-01-01 14:51:30.973674,JordanManual,CCCAGG
0.3977,0.3984,0.395,0.3953,1514737800,56004.200000000004,22210.58,BAT,1,2018-01-01 14:51:30.973674,JordanManual,CCCAGG
0.3986,0.4009,0.397,0.3996,1514737980,56756.9,22648.96,BAT,1,2018-01-01 14:51:30.973674,JordanManual,CCCAGG
0.397,0.3987,0.3943,0.3976,1514738160,69035.11,27422.72,BAT,1,2018-01-01 14:51:30.973674,JordanManual,CCCAGG
0.3935,0.3988,0.3932,0.3988,1514738340,60248.13,23883.59,BAT,1,2018-01-01 14:51:30.973674,JordanManual,CCCAGG
0.3933,0.397,0.393,0.397,1514738520,48746.869999999995,19244.34,BAT,1,2018-01-01 14:51:30.973674,JordanManual,CCCAGG
0.394,0.3947,0.3913,0.394,1514738700,116346.01000000001,45692.94,BAT,1,2018-01-01 14:51:30.973674,JordanManual,CCCAGG
0.3891,0.3926,0.3881,0.391,1514738880,104404.26000000001,40724.67,BAT,1,2018-01-01 14:51:30.973674,JordanManual,CCCAGG
0.3903,0.3911,0.3868,0.3888,1514739060,82945.19,32230.339999999997,BAT,1,2018-01-01 14:51:30.973674,JordanManual,CCCAGG
0.3891,0.3903,0.3871,0.3896,1514739240,65944.74,25622.589999999997,BAT,1,2018-01-01 14:51:30.973674,JordanManual,CCCAGG
0.3865,0.3916,0.3862,0.3886,1514739420,91604.98999999999,35519.58,BAT,1,2018-01-01 14:51:30.973674,JordanManual,CCCAGG
0.388,0.3893,0.3858,0.3865,1514739600,82034.96,31874.18,BAT,1,2018-01-01 14:51:30.973674,JordanManual,CCCAGG
0.3901,0.3905,0.3865,0.3871,1514739780,41416.47,16110.32,BAT,1,2018-01-01 14:51:30.973674,JordanManual,CCCAGG
0.3945,0.3945,0.3898,0.3898,1514739960,71305.61,28091.43,BAT,1,2018-01-01 14:51:30.973674,JordanManual,CCCAGG
0.3949,0.3953,0.3882,0.3938,1514740140,77016.94,30404.920000000002,BAT,1,2018-01-01 14:51:30.973674,JordanManual,CCCAGG
0.3958,0.3964,0.3945,0.3951,1514740320,57465.03,22700.21,BAT,1,2018-01-01 14:51:30.973674,JordanManual,CCCAGG
0.3983,0.3988,0.3952,0.396,1514740500,47560.89,18895.160000000003,BAT,1,2018-01-01 14:51:30.973674,JordanManual,CCCAGG
0.3986,0.3999,0.3974,0.3974,1514740680,60530.64,24112.66,BAT,1,2018-01-01 14:51:30.973674,JordanManual,CCCAGG
0.4,0.4006,0.3979,0.3979,1514740860,66857.15000000001,26760.299999999996,BAT,1,2018-01-01 14:51:30.973674,JordanManual,CCCAGG
0.4018,0.4018,0.4001,0.4009,1514741040,50604.01000000001,20285.13,BAT,1,2018-01-01 14:51:30.973674,JordanManual,CCCAGG
0.4031,0.4033,0.4008,0.4015,1514741220,49781.47,20059.01,BAT,1,2018-01-01 14:51:30.973674,JordanManual,CCCAGG
0.3974,0.4062,0.3974,0.403,1514741400,100755.89,40361.18,BAT,1,2018-01-01 14:51:30.973674,JordanManual,CCCAGG
0.4023,0.4033,0.3971,0.3971,1514741580,61609.72,24605.23,BAT,1,2018-01-01 14:51:30.973674,JordanManual,CCCAGG
0.4062,0.4085,0.403,0.403,1514741760,60063.15,24322.600000000002,BAT,1,2018-01-01 14:51:30.973674,JordanManual,CCCAGG
0.4044,0.4079,0.4042,0.4051,1514741940,22647.52,9193.14,BAT,1,2018-01-01 14:51:30.973674,JordanManual,CCCAGG
0.4071,0.4082,0.4041,0.4057,1514742120,98050.45000000001,39911.26,BAT,1,2018-01-01 14:51:30.973674,JordanManual,CCCAGG
0.4017,0.4062,0.396,0.4062,1514742300,18890.94,7565.51,BAT,1,2018-01-01 14:51:30.973674,JordanManual,CCCAGG
0.4034,0.4044,0.4006,0.4008,1514742480,47323.52,19017.850000000002,BAT,1,2018-01-01 14:51:30.973674,JordanManual,CCCAGG
0.4013,0.4027,0.3998,0.4024,1514742660,77491.33,31063.62,BAT,1,2018-01-01 14:51:30.973674,JordanManual,CCCAGG
0.3993,0.4026,0.3978,0.4,1514742840,37669.71000000001,15075.76,BAT,1,2018-01-01 14:51:30.973674,JordanManual,CCCAGG
0.4018,0.4063,0.4018,0.4044,1514743020,60789.03999999999,24590.050000000003,BAT,1,2018-01-01 14:51:30.973674,JordanManual,CCCAGG
0.4031,0.4062,0.4027,0.4027,1514743200,41114.16,16569.87,BAT,1,2018-01-01 14:51:30.973674,JordanManual,CCCAGG
0.4024,0.4062,0.4024,0.4027,1514743380,27854.23,11243.9,BAT,1,2018-01-01 14:51:30.973674,JordanManual,CCCAGG
0.4032,0.404,0.4023,0.4023,1514743560,10636.890000000001,4295.490000000001,BAT,1,2018-01-01 14:51:30.973674,JordanManual,CCCAGG
0.4036,0.4036,0.402,0.402,1514743740,11264.97,4544.67,BAT,1,2018-01-01 14:51:30.973674,JordanManual,CCCAGG
0.4028,0.4037,0.4026,0.4035,1514743920,84338.98999999999,34023.549999999996,BAT,1,2018-01-01 14:51:30.973674,JordanManual,CCCAGG
0.4035,0.4039,0.402,0.402,1514744100,17863.2,7193.620000000001,BAT,1,2018-01-01 14:51:30.973674,JordanManual,CCCAGG
0.4044,0.406,0.4034,0.4035,1514744280,30392.96,12280.17,BAT,1,2018-01-01 14:51:30.973674,JordanManual,CCCAGG
0.4075,0.4075,0.406,0.4072,1514744460,42146.26,17147.239999999998,BAT,1,2018-01-01 14:51:30.973674,JordanManual,CCCAGG
0.4073,0.4084,0.4061,0.408,1514744640,48919.55,19922.72,BAT,1,2018-01-01 14:51:30.973674,JordanManual,CCCAGG
0.4142,0.419,0.4065,0.4065,1514744820,279083.8,115398.67000000001,BAT,1,2018-01-01 14:51:30.973674,JordanManual,CCCAGG
0.4113,0.4168,0.4111,0.4125,1514745000,312021.76,129036.74,BAT,1,2018-01-01 14:51:30.973674,JordanManual,CCCAGG
0.414,0.4161,0.4091,0.4091,1514745180,85519.92,35385.39,BAT,1,2018-01-01 14:51:30.973674,JordanManual,CCCAGG
0.4165,0.4165,0.4139,0.415,1514745360,32616.36,13553.189999999999,BAT,1,2018-01-01 14:51:30.973674,JordanManual,CCCAGG
0.4114,0.4154,0.4103,0.4152,1514745540,35899.4,14799.970000000001,BAT,1,2018-01-01 14:51:30.973674,JordanManual,CCCAGG
0.4132,0.4154,0.4128,0.4154,1514745720,31698.02,13105.6,BAT,1,2018-01-01 14:51:30.973674,JordanManual,CCCAGG
0.4168,0.417,0.4131,0.4132,1514745900,60410.03,25105.61,BAT,1,2018-01-01 14:51:30.973674,JordanManual,CCCAGG
0.4177,0.4184,0.4159,0.4174,1514746080,81963.25,34225.93000000001,BAT,1,2018-01-01 14:51:30.973674,JordanManual,CCCAGG
0.4189,0.4215,0.4189,0.4191,1514746260,51784.41,21726.45,BAT,1,2018-01-01 14:51:30.973674,JordanManual,CCCAGG
0.4193,0.4232,0.4193,0.4211,1514746440,85937.36,36193.66,BAT,1,2018-01-01 14:51:30.973674,JordanManual,CCCAGG
0.4189,0.4207,0.4181,0.419,1514746620,90895.36,38114.65,BAT,1,2018-01-01 14:51:30.973674,JordanManual,CCCAGG
0.42,0.4205,0.4161,0.419,1514746800,104459.56,43656.06,BAT,1,2018-01-01 14:51:30.973674,JordanManual,CCCAGG
0.4197,0.4223,0.4191,0.4208,1514746980,50199.07,21097.96,BAT,1,2018-01-01 14:51:30.973674,JordanManual,CCCAGG
0.4195,0.4229,0.4195,0.4219,1514747160,37695.73,15906.59,BAT,1,2018-01-01 14:51:30.973674,JordanManual,CCCAGG
0.4203,0.4214,0.4193,0.4204,1514747340,45255.26,19031.329999999998,BAT,1,2018-01-01 14:51:30.973674,JordanManual,CCCAGG
0.4232,0.4234,0.4209,0.4213,1514747520,55864.93,23532.01,BAT,1,2018-01-01 14:51:30.973674,JordanManual,CCCAGG
0.4225,0.424,0.4224,0.4237,1514747700,23706.9,10025.81,BAT,1,2018-01-01 14:51:30.973674,JordanManual,CCCAGG
0.4215,0.4237,0.4212,0.4237,1514747880,16607.75,6996.81,BAT,1,2018-01-01 14:51:30.973674,JordanManual,CCCAGG
0.424,0.424,0.4201,0.421,1514748060,57952.81999999999,24376.48,BAT,1,2018-01-01 14:51:30.973674,JordanManual,CCCAGG
0.4232,0.4238,0.4218,0.4233,1514748240,42963.54,18157.85,BAT,1,2018-01-01 14:51:30.973674,JordanManual,CCCAGG
0.4214,0.4232,0.4206,0.4232,1514748420,34212.090000000004,14456.78,BAT,1,2018-01-01 14:51:30.973674,JordanManual,CCCAGG
0.4239,0.4334,0.4223,0.4223,1514748600,177350.35,75186.96,BAT,1,2018-01-01 14:51:30.973674,JordanManual,CCCAGG
0.4276,0.4401,0.4236,0.4247,1514748780,196453.11000000002,84111.05,BAT,1,2018-01-01 14:51:30.973674,JordanManual,CCCAGG
0.4319,0.4338,0.4275,0.4279,1514748960,68101.37,29342.53,BAT,1,2018-01-01 14:51:30.973674,JordanManual,CCCAGG
0.4329,0.4367,0.4319,0.4319,1514749140,29000.02,12564.89,BAT,1,2018-01-01 14:51:30.973674,JordanManual,CCCAGG
0.4339,0.4347,0.4335,0.4335,1514749320,93003.97,40363.25,BAT,1,2018-01-01 14:51:30.973674,JordanManual,CCCAGG
0.4272,0.4333,0.4263,0.4323,1514749500,150070.29,64409.25,BAT,1,2018-01-01 14:51:30.973674,JordanManual,CCCAGG
0.425,0.4282,0.4243,0.4256,1514749680,65702.14,27950.530000000002,BAT,1,2018-01-01 14:51:30.973674,JordanManual,CCCAGG
0.4267,0.4269,0.4236,0.4237,1514749860,39678.21,16870.03,BAT,1,2018-01-01 14:51:30.973674,JordanManual,CCCAGG
0.4226,0.4269,0.4226,0.4266,1514750040,51603.86,21936.66,BAT,1,2018-01-01 14:51:30.973674,JordanManual,CCCAGG
0.4216,0.4228,0.4206,0.422,1514750220,15602.33,6584.89,BAT,1,2018-01-01 14:51:30.973674,JordanManual,CCCAGG
0.4251,0.4259,0.4215,0.4215,1514750400,65338.759999999995,27645.32,BAT,1,2018-01-01 14:51:30.973674,JordanManual,CCCAGG
0.426,0.4271,0.4245,0.4251,1514750580,32059.440000000002,13659.169999999998,BAT,1,2018-01-01 14:51:30.973674,JordanManual,CCCAGG
0.4251,0.4274,0.4251,0.4274,1514750760,84781.58,36091.95,BAT,1,2018-01-01 14:51:30.973674,JordanManual,CCCAGG
0.4195,0.4229,0.4177,0.4224,1514750940,33748.89,14159.58,BAT,1,2018-01-01 14:51:30.973674,JordanManual,CCCAGG
0.4184,0.4221,0.4178,0.4196,1514751120,27918.02,11681.58,BAT,1,2018-01-01 14:51:30.973674,JordanManual,CCCAGG
0.4196,0.4204,0.4165,0.4186,1514751300,28902.97,12090.240000000002,BAT,1,2018-01-01 14:51:30.973674,JordanManual,CCCAGG
0.4229,0.4229,0.4176,0.4195,1514751480,12846.16,5397.41,BAT,1,2018-01-01 14:51:30.973674,JordanManual,CCCAGG
0.4183,0.4239,0.4183,0.4239,1514751660,31096.97,13080.11,BAT,1,2018-01-01 14:51:30.973674,JordanManual,CCCAGG
0.4217,0.4219,0.4186,0.4187,1514751840,53662.740000000005,22597.21,BAT,1,2018-01-01 14:51:30.973674,JordanManual,CCCAGG
0.4237,0.4245,0.4231,0.4238,1514752020,61174.8,25900.54,BAT,1,2018-01-01 14:51:30.973674,JordanManual,CCCAGG
0.4234,0.4259,0.4231,0.4233,1514752200,64253.95999999999,27207.11,BAT,1,2018-01-01 14:51:30.973674,JordanManual,CCCAGG
0.4238,0.4257,0.4229,0.423,1514752380,113979.56999999999,48237.45,BAT,1,2018-01-01 14:51:30.973674,JordanManual,CCCAGG
0.4233,0.4259,0.4221,0.4241,1514752560,36381.05,15462.17,BAT,1,2018-01-01 14:51:30.973674,JordanManual,CCCAGG
0.4265,0.4265,0.4254,0.4258,1514752740,11537.0,4919.54,BAT,1,2018-01-01 14:51:30.973674,JordanManual,CCCAGG
0.4292,0.4292,0.4234,0.426,1514752920,18350.96,7852.070000000001,BAT,1,2018-01-01 14:51:30.973674,JordanManual,CCCAGG
0.4263,0.4285,0.425,0.4262,1514753100,19490.24,8330.849999999999,BAT,1,2018-01-01 14:51:30.973674,JordanManual,CCCAGG
0.4243,0.4272,0.4231,0.4272,1514753280,21858.92,9270.41,BAT,1,2018-01-01 14:51:30.973674,JordanManual,CCCAGG
0.4221,0.4267,0.4211,0.4211,1514753460,29796.58,12611.86,BAT,1,2018-01-01 14:51:30.973674,JordanManual,CCCAGG
0.425,0.4252,0.4214,0.4218,1514753640,89398.19,37995.78,BAT,1,2018-01-01 14:51:30.973674,JordanManual,CCCAGG
0.4241,0.4241,0.4198,0.423,1514753820,43573.28,18406.93,BAT,1,2018-01-01 14:51:30.973674,JordanManual,CCCAGG
0.4231,0.4237,0.4211,0.4237,1514754000,93794.23,39621.49,BAT,1,2018-01-01 14:51:30.973674,JordanManual,CCCAGG
0.4252,0.4252,0.4206,0.4213,1514754180,22303.83,9454.0,BAT,1,2018-01-01 14:51:30.973674,JordanManual,CCCAGG
0.4213,0.4234,0.4208,0.4226,1514754360,51413.43,21711.48,BAT,1,2018-01-01 14:51:30.973674,JordanManual,CCCAGG
0.4248,0.4253,0.4207,0.4211,1514754540,18842.74,7983.5599999999995,BAT,1,2018-01-01 14:51:30.973674,JordanManual,CCCAGG
0.4248,0.425,0.4232,0.4247,1514754720,66610.31,28251.210000000003,BAT,1,2018-01-01 14:51:30.973674,JordanManual,CCCAGG
0.4244,0.4249,0.4243,0.4249,1514754900,31501.66,13377.500000000002,BAT,1,2018-01-01 14:51:30.973674,JordanManual,CCCAGG
0.4261,0.4278,0.4248,0.4248,1514755080,19849.09,8446.4,BAT,1,2018-01-01 14:51:30.973674,JordanManual,CCCAGG
0.4259,0.4261,0.4257,0.4261,1514755260,15594.89,6639.349999999999,BAT,1,2018-01-01 14:51:30.973674,JordanManual,CCCAGG
0.4229,0.4264,0.422,0.4261,1514755440,35185.55,14956.359999999999,BAT,1,2018-01-01 14:51:30.973674,JordanManual,CCCAGG
0.42,0.4246,0.4199,0.4217,1514755620,41802.79,17586.58,BAT,1,2018-01-01 14:51:30.973674,JordanManual,CCCAGG
0.4225,0.4225,0.4167,0.4169,1514755800,74602.81999999999,31309.08,BAT,1,2018-01-01 14:51:30.973674,JordanManual,CCCAGG
0.4167,0.4255,0.4167,0.4203,1514755980,36257.76,15211.420000000002,BAT,1,2018-01-01 14:51:30.973674,JordanManual,CCCAGG
0.4207,0.4217,0.4155,0.4172,1514756160,75834.09,31815.8,BAT,1,2018-01-01 14:51:30.973674,JordanManual,CCCAGG
0.4205,0.4209,0.4155,0.4209,1514756340,59348.32000000001,24868.6,BAT,1,2018-01-01 14:51:30.973674,JordanManual,CCCAGG
0.4197,0.4209,0.4197,0.4205,1514756520,35107.08,14742.82,BAT,1,2018-01-01 14:51:30.973674,JordanManual,CCCAGG
0.4208,0.4208,0.4198,0.4198,1514756700,110410.15,46438.09,BAT,1,2018-01-01 14:51:30.973674,JordanManual,CCCAGG
0.421,0.4214,0.4206,0.4213,1514756880,88976.07999999999,37455.08,BAT,1,2018-01-01 14:51:30.973674,JordanManual,CCCAGG
0.4206,0.421,0.4206,0.421,1514757060,38210.36,16072.880000000001,BAT,1,2018-01-01 14:51:30.973674,JordanManual,CCCAGG
0.418,0.4215,0.418,0.4206,1514757240,30640.08,12828.800000000001,BAT,1,2018-01-01 14:51:30.973674,JordanManual,CCCAGG
0.4209,0.4214,0.4159,0.418,1514757420,8799.31,3702.7299999999996,BAT,1,2018-01-01 14:51:30.973674,JordanManual,CCCAGG
0.4207,0.4211,0.4176,0.4178,1514757600,34691.66,14551.09,BAT,1,2018-01-01 14:51:30.973674,JordanManual,CCCAGG
0.417,0.4218,0.4168,0.4218,1514757780,28274.53,11871.82,BAT,1,2018-01-01 14:51:30.973674,JordanManual,CCCAGG
0.4224,0.4224,0.4217,0.422,1514757960,37060.57,15648.630000000001,BAT,1,2018-01-01 14:51:30.973674,JordanManual,CCCAGG
0.4212,0.4221,0.4212,0.4218,1514758140,124650.06,52605.600000000006,BAT,1,2018-01-01 14:51:30.973674,JordanManual,CCCAGG
0.4195,0.4204,0.4184,0.4204,1514758320,15600.91,6544.92,BAT,1,2018-01-01 14:51:30.973674,JordanManual,CCCAGG
0.4182,0.4186,0.4182,0.4186,1514758500,6501.27,2719.9500000000003,BAT,1,2018-01-01 14:51:30.973674,JordanManual,CCCAGG
0.4201,0.421,0.4186,0.4199,1514758680,27153.649999999998,11382.26,BAT,1,2018-01-01 14:51:30.973674,JordanManual,CCCAGG
0.4192,0.42,0.4188,0.4199,1514758860,15381.94,6458.490000000001,BAT,1,2018-01-01 14:51:30.973674,JordanManual,CCCAGG
0.419,0.4193,0.4188,0.4193,1514759040,19270.4,8078.030000000001,BAT,1,2018-01-01 14:51:30.973674,JordanManual,CCCAGG
0.4197,0.4197,0.4182,0.4192,1514759220,134025.44,56154.24,BAT,1,2018-01-01 14:51:30.973674,JordanManual,CCCAGG
0.4214,0.4214,0.42,0.42,1514759400,4281.73,1799.09,BAT,1,2018-01-01 14:51:30.973674,JordanManual,CCCAGG
0.421,0.4221,0.4203,0.4221,1514759580,16331.76,6870.84,BAT,1,2018-01-01 14:51:30.973674,JordanManual,CCCAGG
0.4203,0.4208,0.4196,0.4208,1514759760,17444.8,7327.539999999999,BAT,1,2018-01-01 14:51:30.973674,JordanManual,CCCAGG
0.4211,0.4211,0.4194,0.4194,1514759940,18965.399999999998,7974.8099999999995,BAT,1,2018-01-01 14:51:30.973674,JordanManual,CCCAGG
0.4208,0.4216,0.4206,0.4208,1514760120,38774.32,16316.150000000001,BAT,1,2018-01-01 14:51:30.973674,JordanManual,CCCAGG
0.4218,0.4221,0.4208,0.4208,1514760300,17568.300000000003,7410.150000000001,BAT,1,2018-01-01 14:51:30.973674,JordanManual,CCCAGG
0.4183,0.4212,0.4183,0.4197,1514760480,155823.32,65366.31999999999,BAT,1,2018-01-01 14:51:30.973674,JordanManual,CCCAGG
0.4177,0.4184,0.4177,0.4184,1514760660,27052.06,11312.41,BAT,1,2018-01-01 14:51:30.973674,JordanManual,CCCAGG
0.4185,0.4187,0.4173,0.4184,1514760840,35726.34,14929.89,BAT,1,2018-01-01 14:51:30.973674,JordanManual,CCCAGG
0.4197,0.42,0.4185,0.4185,1514761020,26319.12,11034.009999999998,BAT,1,2018-01-01 14:51:30.973674,JordanManual,CCCAGG
0.4185,0.4195,0.4185,0.4195,1514761200,25413.489999999998,10651.029999999999,BAT,1,2018-01-01 14:51:30.973674,JordanManual,CCCAGG
0.4176,0.4186,0.4176,0.4185,1514761380,33330.09,13930.18,BAT,1,2018-01-01 14:51:30.973674,JordanManual,CCCAGG
0.4171,0.4172,0.4169,0.4172,1514761560,34581.23,14423.39,BAT,1,2018-01-01 14:51:30.973674,JordanManual,CCCAGG
0.418,0.4185,0.4172,0.4173,1514761740,36896.21,15421.14,BAT,1,2018-01-01 14:51:30.973674,JordanManual,CCCAGG
0.4178,0.4185,0.4178,0.4179,1514761920,22332.03,9331.46,BAT,1,2018-01-01 14:51:30.973674,JordanManual,CCCAGG
0.414,0.4183,0.414,0.4173,1514762100,42066.68,17487.83,BAT,1,2018-01-01 14:51:30.973674,JordanManual,CCCAGG
0.4146,0.4163,0.4137,0.4137,1514762280,32175.02,13365.779999999999,BAT,1,2018-01-01 14:51:30.973674,JordanManual,CCCAGG
0.412,0.4162,0.4104,0.4152,1514762460,39441.35,16213.18,BAT,1,2018-01-01 14:51:30.973674,JordanManual,CCCAGG
0.4139,0.4141,0.4119,0.4122,1514762640,12151.69,5020.76,BAT,1,2018-01-01 14:51:30.973674,JordanManual,CCCAGG
0.4144,0.4147,0.4122,0.4128,1514762820,39347.92,16277.449999999999,BAT,1,2018-01-01 14:51:30.973674,JordanManual,CCCAGG
0.4157,0.4159,0.4146,0.4146,1514763000,8799.48,3654.4700000000003,BAT,1,2018-01-01 14:51:30.973674,JordanManual,CCCAGG
0.4144,0.4161,0.4143,0.4159,1514763180,24251.149999999998,10081.28,BAT,1,2018-01-01 14:51:30.973674,JordanManual,CCCAGG
0.4174,0.4174,0.4146,0.4147,1514763360,19343.94,8056.639999999999,BAT,1,2018-01-01 14:51:30.973674,JordanManual,CCCAGG
0.4158,0.4171,0.4158,0.4165,1514763540,19253.48,8025.39,BAT,1,2018-01-01 14:51:30.973674,JordanManual,CCCAGG
0.416,0.4161,0.4145,0.4149,1514763720,50670.43,21069.38,BAT,1,2018-01-01 14:51:30.973674,JordanManual,CCCAGG
0.4147,0.4156,0.4104,0.4153,1514763900,24492.9,10142.25,BAT,1,2018-01-01 14:51:30.973674,JordanManual,CCCAGG
0.4112,0.4145,0.4112,0.4145,1514764080,45479.47,18726.04,BAT,1,2018-01-01 14:51:30.973674,JordanManual,CCCAGG
0.4109,0.4109,0.4102,0.4106,1514764260,15131.400000000001,6214.78,BAT,1,2018-01-01 14:51:30.973674,JordanManual,CCCAGG
0.4108,0.4108,0.4073,0.4099,1514764440,67714.81,27761.46,BAT,1,2018-01-01 14:51:30.973674,JordanManual,CCCAGG
0.4104,0.412,0.4093,0.4116,1514764620,8759.54,3596.8599999999997,BAT,1,2018-01-01 14:51:30.973674,JordanManual,CCCAGG
0.409,0.4099,0.4089,0.4099,1514764800,18197.68,7446.379999999999,BAT,1,2018-01-01 14:51:30.973674,JordanManual,CCCAGG
0.4046,0.4084,0.4044,0.4084,1514764980,86658.14,35303.47,BAT,1,2018-01-01 14:51:30.973674,JordanManual,CCCAGG
0.4034,0.4036,0.4026,0.4036,1514765160,12427.19,5014.0,BAT,1,2018-01-01 14:51:30.973674,JordanManual,CCCAGG
0.4036,0.4046,0.4031,0.4035,1514765340,36688.299999999996,14807.349999999999,BAT,1,2018-01-01 14:51:30.973674,JordanManual,CCCAGG
0.4026,0.4032,0.4023,0.4032,1514765520,27561.49,11095.08,BAT,1,2018-01-01 14:51:30.973674,JordanManual,CCCAGG
0.4009,0.4024,0.4004,0.4022,1514765700,21510.129999999997,8642.98,BAT,1,2018-01-01 14:51:30.973674,JordanManual,CCCAGG
0.3996,0.4006,0.3993,0.4001,1514765880,56451.119999999995,22601.050000000003,BAT,1,2018-01-01 14:51:30.973674,JordanManual,CCCAGG
0.3971,0.3999,0.3971,0.3998,1514766060,41331.13,16475.07,BAT,1,2018-01-01 14:51:30.973674,JordanManual,CCCAGG
0.3991,0.3999,0.3968,0.3971,1514766240,22614.45,8997.58,BAT,1,2018-01-01 14:51:30.973674,JordanManual,CCCAGG
0.3965,0.3992,0.3957,0.3991,1514766420,118272.75,47062.280000000006,BAT,1,2018-01-01 14:51:30.973674,JordanManual,CCCAGG
0.396,0.3972,0.3948,0.3961,1514766600,25490.14,10116.019999999999,BAT,1,2018-01-01 14:51:30.973674,JordanManual,CCCAGG
0.3944,0.3961,0.3938,0.3961,1514766780,42676.45,16831.670000000002,BAT,1,2018-01-01 14:51:30.973674,JordanManual,CCCAGG
0.3937,0.3947,0.3931,0.3946,1514766960,14106.68,5554.25,BAT,1,2018-01-01 14:51:30.973674,JordanManual,CCCAGG
0.3934,0.3942,0.3931,0.3934,1514767140,70990.68000000001,27954.89,BAT,1,2018-01-01 14:51:30.973674,JordanManual,CCCAGG
0.3964,0.3965,0.3931,0.3934,1514767320,114732.87,45473.78,BAT,1,2018-01-01 14:51:30.973674,JordanManual,CCCAGG
0.398,0.398,0.3954,0.3957,1514767500,74215.36,29379.7,BAT,1,2018-01-01 14:51:30.973674,JordanManual,CCCAGG
0.3961,0.3987,0.3961,0.3987,1514767680,41004.68,16299.28,BAT,1,2018-01-01 14:51:30.973674,JordanManual,CCCAGG
0.3965,0.3971,0.3953,0.3962,1514767860,65241.50000000001,25846.039999999997,BAT,1,2018-01-01 14:51:30.973674,JordanManual,CCCAGG
0.3946,0.3995,0.3946,0.396,1514768040,54096.47,21363.93,BAT,1,2018-01-01 14:51:30.973674,JordanManual,CCCAGG
0.3963,0.3984,0.3951,0.3951,1514768220,24902.09,9867.150000000001,BAT,1,2018-01-01 14:51:30.973674,JordanManual,CCCAGG
0.3973,0.3978,0.3966,0.3978,1514768400,50812.9,20198.21,BAT,1,2018-01-01 14:51:30.973674,JordanManual,CCCAGG
0.3971,0.3977,0.3969,0.3973,1514768580,31674.83,12593.35,BAT,1,2018-01-01 14:51:30.973674,JordanManual,CCCAGG
0.396,0.3976,0.3953,0.3976,1514768760,39937.68,15808.800000000001,BAT,1,2018-01-01 14:51:30.973674,JordanManual,CCCAGG
0.3954,0.396,0.3948,0.3954,1514768940,34250.43,13535.399999999998,BAT,1,2018-01-01 14:51:30.973674,JordanManual,CCCAGG
0.3944,0.3964,0.3944,0.3964,1514769120,25623.690000000002,10119.509999999998,BAT,1,2018-01-01 14:51:30.973674,JordanManual,CCCAGG
0.3952,0.3989,0.3943,0.3943,1514769300,73556.63,29022.85,BAT,1,2018-01-01 14:51:30.973674,JordanManual,CCCAGG
0.3975,0.3976,0.394,0.3955,1514769480,52563.18,20792.16,BAT,1,2018-01-01 14:51:30.973674,JordanManual,CCCAGG
0.3943,0.3965,0.394,0.3962,1514769660,25455.84,10069.25,BAT,1,2018-01-01 14:51:30.973674,JordanManual,CCCAGG
0.3954,0.3963,0.3954,0.3954,1514769840,11622.869999999999,4595.719999999999,BAT,1,2018-01-01 14:51:30.973674,JordanManual,CCCAGG
0.3952,0.3958,0.3945,0.3958,1514770020,17527.33,6923.13,BAT,1,2018-01-01 14:51:30.973674,JordanManual,CCCAGG
0.3956,0.3961,0.3949,0.3952,1514770200,5909.09,2336.38,BAT,1,2018-01-01 14:51:30.973674,JordanManual,CCCAGG
0.3943,0.3951,0.3912,0.3951,1514770380,23512.96,9272.03,BAT,1,2018-01-01 14:51:30.973674,JordanManual,CCCAGG
0.3938,0.3942,0.3912,0.3938,1514770560,28118.7,11038.099999999999,BAT,1,2018-01-01 14:51:30.973674,JordanManual,CCCAGG
0.3921,0.3941,0.3903,0.3941,1514770740,42659.0,16726.95,BAT,1,2018-01-01 14:51:30.973674,JordanManual,CCCAGG
0.3909,0.3928,0.3907,0.3928,1514770920,4622.62,1807.8200000000002,BAT,1,2018-01-01 14:51:30.973674,JordanManual,CCCAGG
0.3907,0.3915,0.3898,0.3903,1514771100,27957.42,10943.609999999999,BAT,1,2018-01-01 14:51:30.973674,JordanManual,CCCAGG
0.3904,0.3907,0.389,0.3907,1514771280,20711.019999999997,8075.12,BAT,1,2018-01-01 14:51:30.973674,JordanManual,CCCAGG
0.3892,0.3919,0.3887,0.3897,1514771460,68493.63,26670.25,BAT,1,2018-01-01 14:51:30.973674,JordanManual,CCCAGG
0.3873,0.3903,0.3857,0.3903,1514771640,51030.72,19789.93,BAT,1,2018-01-01 14:51:30.973674,JordanManual,CCCAGG
0.3881,0.3881,0.3851,0.3866,1514771820,106001.28,41011.58,BAT,1,2018-01-01 14:51:30.973674,JordanManual,CCCAGG
0.3894,0.3899,0.3862,0.3891,1514772000,41989.94,16342.850000000002,BAT,1,2018-01-01 14:51:30.973674,JordanManual,CCCAGG
0.3918,0.3926,0.3908,0.3909,1514772180,44762.33,17530.5,BAT,1,2018-01-01 14:51:30.973674,JordanManual,CCCAGG
0.3904,0.3909,0.3899,0.3909,1514772360,27508.579999999998,10740.9,BAT,1,2018-01-01 14:51:30.973674,JordanManual,CCCAGG
0.3914,0.3916,0.3904,0.3906,1514772540,32963.75,12900.439999999999,BAT,1,2018-01-01 14:51:30.973674,JordanManual,CCCAGG
0.3933,0.3933,0.3917,0.3921,1514772720,9114.87,3577.3500000000004,BAT,1,2018-01-01 14:51:30.973674,JordanManual,CCCAGG
0.3911,0.3928,0.3909,0.3928,1514772900,66804.77,26127.53,BAT,1,2018-01-01 14:51:30.973674,JordanManual,CCCAGG
0.389,0.3901,0.389,0.3901,1514773080,58060.05,22603.35,BAT,1,2018-01-01 14:51:30.973674,JordanManual,CCCAGG
0.3904,0.3904,0.3893,0.3893,1514773260,27128.460000000003,10579.44,BAT,1,2018-01-01 14:51:30.973674,JordanManual,CCCAGG
0.3905,0.3907,0.3905,0.3907,1514773440,5241.780000000001,2047.42,BAT,1,2018-01-01 14:51:30.973674,JordanManual,CCCAGG
0.3892,0.3905,0.3892,0.3905,1514773620,16846.83,6568.6,BAT,1,2018-01-01 14:51:30.973674,JordanManual,CCCAGG
0.3888,0.3889,0.3884,0.3884,1514773800,85089.77,33072.13,BAT,1,2018-01-01 14:51:30.973674,JordanManual,CCCAGG
0.3898,0.3903,0.3874,0.3898,1514773980,72036.91,28085.440000000002,BAT,1,2018-01-01 14:51:30.973674,JordanManual,CCCAGG
0.3883,0.3892,0.3882,0.3892,1514774160,46490.84,18069.14,BAT,1,2018-01-01 14:51:30.973674,JordanManual,CCCAGG
0.3855,0.3876,0.3854,0.3876,1514774340,46291.130000000005,17846.170000000002,BAT,1,2018-01-01 14:51:30.973674,JordanManual,CCCAGG
0.3886,0.3888,0.3856,0.3865,1514774520,80110.40999999999,30942.53,BAT,1,2018-01-01 14:51:30.973674,JordanManual,CCCAGG
0.3904,0.3905,0.3888,0.389,1514774700,42473.32000000001,16563.269999999997,BAT,1,2018-01-01 14:51:30.973674,JordanManual,CCCAGG
0.389,0.3904,0.3884,0.3902,1514774880,47472.619999999995,18468.019999999997,BAT,1,2018-01-01 14:51:30.973674,JordanManual,CCCAGG
0.3881,0.3908,0.3881,0.3906,1514775060,80505.51999999999,31410.25,BAT,1,2018-01-01 14:51:30.973674,JordanManual,CCCAGG
0.3882,0.3884,0.3872,0.3884,1514775240,24866.22,9651.6,BAT,1,2018-01-01 14:51:30.973674,JordanManual,CCCAGG
0.3897,0.3898,0.3881,0.3881,1514775420,42755.740000000005,16604.41,BAT,1,2018-01-01 14:51:30.973674,JordanManual,CCCAGG
0.3889,0.3904,0.3885,0.3902,1514775600,75627.81,29409.550000000003,BAT,1,2018-01-01 14:51:30.973674,JordanManual,CCCAGG
0.3902,0.3903,0.3887,0.3887,1514775780,43027.94,16782.33,BAT,1,2018-01-01 14:51:30.973674,JordanManual,CCCAGG
0.3895,0.3895,0.3885,0.3889,1514775960,10379.41,4037.91,BAT,1,2018-01-01 14:51:30.973674,JordanManual,CCCAGG
0.3898,0.3912,0.3893,0.3898,1514776140,70317.29,27397.149999999998,BAT,1,2018-01-01 14:51:30.973674,JordanManual,CCCAGG
0.3907,0.392,0.3904,0.3904,1514776320,61454.21000000001,24023.05,BAT,1,2018-01-01 14:51:30.973674,JordanManual,CCCAGG
0.3931,0.3931,0.3908,0.3919,1514776500,24983.269999999997,9782.77,BAT,1,2018-01-01 14:51:30.973674,JordanManual,CCCAGG
0.3931,0.3943,0.3925,0.3929,1514776680,17144.64,6738.51,BAT,1,2018-01-01 14:51:30.973674,JordanManual,CCCAGG
0.3932,0.3947,0.3925,0.3932,1514776860,70677.57,27816.54,BAT,1,2018-01-01 14:51:30.973674,JordanManual,CCCAGG
0.3948,0.3958,0.3927,0.3934,1514777040,10171.92,4009.7200000000003,BAT,1,2018-01-01 14:51:30.973674,JordanManual,CCCAGG
0.3954,0.396,0.394,0.3946,1514777220,26180.920000000002,10343.05,BAT,1,2018-01-01 14:51:30.973674,JordanManual,CCCAGG
0.395,0.4048,0.3937,0.3942,1514777400,59109.93,23361.43,BAT,1,2018-01-01 14:51:30.973674,JordanManual,CCCAGG
0.3974,0.4059,0.3954,0.3972,1514777580,117971.94,46854.479999999996,BAT,1,2018-01-01 14:51:30.973674,JordanManual,CCCAGG
0.3951,0.4042,0.3951,0.3962,1514777760,261991.59999999998,103770.78,BAT,1,2018-01-01 14:51:30.973674,JordanManual,CCCAGG
0.3952,0.3954,0.3936,0.3949,1514777940,55542.31,21935.519999999997,BAT,1,2018-01-01 14:51:30.973674,JordanManual,CCCAGG
0.3955,0.3961,0.3942,0.3959,1514778120,32593.489999999998,12890.72,BAT,1,2018-01-01 14:51:30.973674,JordanManual,CCCAGG
0.3948,0.3954,0.3932,0.3952,1514778300,74313.0,29332.09,BAT,1,2018-01-01 14:51:30.973674,JordanManual,CCCAGG
0.3921,0.3947,0.3915,0.3944,1514778480,25272.32,9937.0,BAT,1,2018-01-01 14:51:30.973674,JordanManual,CCCAGG
0.3912,0.3919,0.3903,0.3918,1514778660,35269.77,13792.18,BAT,1,2018-01-01 14:51:30.973674,JordanManual,CCCAGG
0.39,0.3905,0.3896,0.3905,1514778840,103919.37,40554.71,BAT,1,2018-01-01 14:51:30.973674,JordanManual,CCCAGG
0.3898,0.3902,0.3893,0.39,1514779020,19992.59,7791.65,BAT,1,2018-01-01 14:51:30.973674,JordanManual,CCCAGG
0.3904,0.3917,0.39,0.3902,1514779200,39773.77,15541.58,BAT,1,2018-01-01 14:51:30.973674,JordanManual,CCCAGG
0.3912,0.3912,0.389,0.3903,1514779380,86793.8,33929.7,BAT,1,2018-01-01 14:51:30.973674,JordanManual,CCCAGG
0.3881,0.3912,0.3881,0.3911,1514779560,7421.02,2900.04,BAT,1,2018-01-01 14:51:30.973674,JordanManual,CCCAGG
0.3868,0.3899,0.3868,0.3899,1514779740,18029.02,6993.0,BAT,1,2018-01-01 14:51:30.973674,JordanManual,CCCAGG
0.3869,0.3889,0.3857,0.386,1514779920,51474.090000000004,19927.55,BAT,1,2018-01-01 14:51:30.973674,JordanManual,CCCAGG
0.3883,0.3887,0.3849,0.3868,1514780100,20877.57,8101.81,BAT,1,2018-01-01 14:51:30.973674,JordanManual,CCCAGG
0.3883,0.3885,0.3852,0.3885,1514780280,28024.120000000003,10870.5,BAT,1,2018-01-01 14:51:30.973674,JordanManual,CCCAGG
0.3894,0.3899,0.3875,0.3875,1514780460,56423.37,21888.96,BAT,1,2018-01-01 14:51:30.973674,JordanManual,CCCAGG
0.3907,0.3914,0.3883,0.3896,1514780640,36361.020000000004,14184.720000000001,BAT,1,2018-01-01 14:51:30.973674,JordanManual,CCCAGG
0.3908,0.3926,0.3883,0.3908,1514780820,24670.93,9653.79,BAT,1,2018-01-01 14:51:30.973674,JordanManual,CCCAGG
0.3913,0.3922,0.3913,0.3914,1514781000,60818.26,23809.079999999998,BAT,1,2018-01-01 14:51:30.973674,JordanManual,CCCAGG
0.3898,0.3919,0.3898,0.3917,1514781180,7078.0,2762.8,BAT,1,2018-01-01 14:51:30.973674,JordanManual,CCCAGG
0.3922,0.3932,0.3921,0.3932,1514781360,21160.89,8299.1,BAT,1,2018-01-01 14:51:30.973674,JordanManual,CCCAGG
0.3936,0.3947,0.3923,0.3923,1514781540,30925.76,12166.66,BAT,1,2018-01-01 14:51:30.973674,JordanManual,CCCAGG
0.3955,0.3963,0.3942,0.3942,1514781720,39000.7,15422.68,BAT,1,2018-01-01 14:51:30.973674,JordanManual,CCCAGG
0.3964,0.3966,0.3937,0.3955,1514781900,17119.75,6769.59,BAT,1,2018-01-01 14:51:30.973674,JordanManual,CCCAGG
0.3944,0.3961,0.3935,0.395,1514782080,56156.87,22224.440000000002,BAT,1,2018-01-01 14:51:30.973674,JordanManual,CCCAGG
0.3946,0.3953,0.392,0.3951,1514782260,49918.740000000005,19720.39,BAT,1,2018-01-01 14:51:30.973674,JordanManual,CCCAGG
0.3959,0.3961,0.393,0.3953,1514782440,30366.129999999997,12024.16,BAT,1,2018-01-01 14:51:30.973674,JordanManual,CCCAGG
0.3967,0.3967,0.3953,0.3953,1514782620,36046.03,14282.48,BAT,1,2018-01-01 14:51:30.973674,JordanManual,CCCAGG
0.3965,0.397,0.3954,0.3961,1514782800,67443.52,26726.2,BAT,1,2018-01-01 14:51:30.973674,JordanManual,CCCAGG
0.3955,0.3961,0.3935,0.3961,1514782980,45842.54,18093.13,BAT,1,2018-01-01 14:51:30.973674,JordanManual,CCCAGG
0.3923,0.395,0.392,0.395,1514783160,35164.22,13860.45,BAT,1,2018-01-01 14:51:30.973674,JordanManual,CCCAGG
0.3909,0.3981,0.3909,0.3922,1514783340,132847.41,51985.67999999999,BAT,1,2018-01-01 14:51:30.973674,JordanManual,CCCAGG
0.3933,0.3935,0.3909,0.391,1514783520,16674.5,6532.7699999999995,BAT,1,2018-01-01 14:51:30.973674,JordanManual,CCCAGG
0.3915,0.393,0.3915,0.3929,1514783700,54571.03,21386.940000000002,BAT,1,2018-01-01 14:51:30.973674,JordanManual,CCCAGG
0.3927,0.3954,0.3925,0.3954,1514783880,17153.56,6768.02,BAT,1,2018-01-01 14:51:30.973674,JordanManual,CCCAGG
0.3942,0.3942,0.3937,0.3942,1514784060,19543.13,7703.82,BAT,1,2018-01-01 14:51:30.973674,JordanManual,CCCAGG
0.3913,0.3941,0.3909,0.3941,1514784240,41309.149999999994,16183.320000000002,BAT,1,2018-01-01 14:51:30.973674,JordanManual,CCCAGG
0.3933,0.3933,0.3906,0.3908,1514784420,8905.869999999999,3486.62,BAT,1,2018-01-01 14:51:30.973674,JordanManual,CCCAGG
0.3932,0.3942,0.3932,0.3942,1514784600,13549.99,5339.280000000001,BAT,1,2018-01-01 14:51:30.973674,JordanManual,CCCAGG
0.3933,0.394,0.3933,0.3939,1514784780,19634.83,7729.36,BAT,1,2018-01-01 14:51:30.973674,JordanManual,CCCAGG
0.3909,0.3933,0.3909,0.3932,1514784960,19100.47,7509.14,BAT,1,2018-01-01 14:51:30.973674,JordanManual,CCCAGG
0.3925,0.3926,0.3903,0.3903,1514785140,124065.81,48659.3,BAT,1,2018-01-01 14:51:30.973674,JordanManual,CCCAGG
0.3918,0.3928,0.3918,0.3923,1514785320,77079.58,30269.870000000003,BAT,1,2018-01-01 14:51:30.973674,JordanManual,CCCAGG
0.3915,0.392,0.3875,0.3915,1514785500,166727.9,64955.14,BAT,1,2018-01-01 14:51:30.973674,JordanManual,CCCAGG
0.3913,0.3916,0.3909,0.3912,1514785680,14097.919999999998,5516.049999999999,BAT,1,2018-01-01 14:51:30.973674,JordanManual,CCCAGG
0.3923,0.3923,0.3892,0.3916,1514785860,5670.629999999999,2216.0,BAT,1,2018-01-01 14:51:30.973674,JordanManual,CCCAGG
0.3929,0.3937,0.3921,0.3923,1514786040,296061.05000000005,116303.59,BAT,1,2018-01-01 14:51:30.973674,JordanManual,CCCAGG
0.394,0.394,0.3935,0.3938,1514786220,32095.83,12643.91,BAT,1,2018-01-01 14:51:30.973674,JordanManual,CCCAGG
0.3935,0.3941,0.3933,0.3939,1514786400,17947.41,7068.62,BAT,1,2018-01-01 14:51:30.973674,JordanManual,CCCAGG
0.393,0.3937,0.3926,0.3932,1514786580,18366.42,7217.73,BAT,1,2018-01-01 14:51:30.973674,JordanManual,CCCAGG
0.3924,0.393,0.3921,0.3925,1514786760,29486.440000000002,11573.87,BAT,1,2018-01-01 14:51:30.973674,JordanManual,CCCAGG
0.3932,0.3933,0.3902,0.3907,1514786940,51480.13,20217.0,BAT,1,2018-01-01 14:51:30.973674,JordanManual,CCCAGG
0.3939,0.3951,0.3928,0.3933,1514787120,10162.79,4009.4900000000002,BAT,1,2018-01-01 14:51:30.973674,JordanManual,CCCAGG
0.3934,0.3938,0.3921,0.3927,1514787300,29261.43,11511.61,BAT,1,2018-01-01 14:51:30.973674,JordanManual,CCCAGG
0.3937,0.3937,0.3927,0.3935,1514787480,25451.4,10008.14,BAT,1,2018-01-01 14:51:30.973674,JordanManual,CCCAGG
0.3959,0.3959,0.3939,0.3939,1514787660,24997.64,9869.78,BAT,1,2018-01-01 14:51:30.973674,JordanManual,CCCAGG
0.3981,0.3982,0.3969,0.397,1514787840,35528.2,14112.759999999998,BAT,1,2018-01-01 14:51:30.973674,JordanManual,CCCAGG
0.398,0.3981,0.3972,0.3975,1514788020,59175.240000000005,23552.96,BAT,1,2018-01-01 14:51:30.973674,JordanManual,CCCAGG
0.3976,0.398,0.3957,0.398,1514788200,13912.32,5513.35,BAT,1,2018-01-01 14:51:30.973674,JordanManual,CCCAGG
0.3971,0.3974,0.3971,0.3974,1514788380,9815.31,3898.59,BAT,1,2018-01-01 14:51:30.973674,JordanManual,CCCAGG
0.3981,0.3986,0.3961,0.3973,1514788560,26208.579999999998,10411.25,BAT,1,2018-01-01 14:51:30.973674,JordanManual,CCCAGG
0.3987,0.3987,0.3982,0.3982,1514788740,29426.26,11729.48,BAT,1,2018-01-01 14:51:30.973674,JordanManual,CCCAGG
0.4002,0.4002,0.399,0.399,1514788920,13411.81,5355.52,BAT,1,2018-01-01 14:51:30.973674,JordanManual,CCCAGG
0.3999,0.4007,0.3999,0.4005,1514789100,13017.150000000001,5210.46,BAT,1,2018-01-01 14:51:30.973674,JordanManual,CCCAGG
0.401,0.401,0.4005,0.4005,1514789280,6210.110000000001,2487.94,BAT,1,2018-01-01 14:51:30.973674,JordanManual,CCCAGG
0.4029,0.4029,0.4005,0.4013,1514789460,113128.20999999999,45462.35,BAT,1,2018-01-01 14:51:30.973674,JordanManual,CCCAGG
0.4025,0.4028,0.4016,0.4028,1514789640,47465.7,19107.85,BAT,1,2018-01-01 14:51:30.973674,JordanManual,CCCAGG
0.4031,0.4032,0.4017,0.4028,1514789820,31876.729999999996,12830.16,BAT,1,2018-01-01 14:51:30.973674,JordanManual,CCCAGG
0.4028,0.4028,0.4021,0.4026,1514790000,57304.67,23076.82,BAT,1,2018-01-01 14:51:30.973674,JordanManual,CCCAGG
0.403,0.4034,0.403,0.403,1514790180,76748.94,30930.9,BAT,1,2018-01-01 14:51:30.973674,JordanManual,CCCAGG
0.4043,0.4043,0.4035,0.4036,1514790360,135477.87,54746.12,BAT,1,2018-01-01 14:51:30.973674,JordanManual,CCCAGG
0.4046,0.4052,0.4041,0.4047,1514790540,115625.43,46754.72,BAT,1,2018-01-01 14:51:30.973674,JordanManual,CCCAGG
0.4029,0.4037,0.4021,0.4033,1514790720,105712.39,42604.369999999995,BAT,1,2018-01-01 14:51:30.973674,JordanManual,CCCAGG
0.402,0.4031,0.402,0.4031,1514790900,63739.36,25677.989999999998,BAT,1,2018-01-01 14:51:30.973674,JordanManual,CCCAGG
0.401,0.401,0.4001,0.401,1514791080,40507.799999999996,16233.67,BAT,1,2018-01-01 14:51:30.973674,JordanManual,CCCAGG
0.4006,0.4009,0.4005,0.4009,1514791260,100547.22,40300.86,BAT,1,2018-01-01 14:51:30.973674,JordanManual,CCCAGG
0.4018,0.402,0.4005,0.4009,1514791440,49244.9,19736.92,BAT,1,2018-01-01 14:51:30.973674,JordanManual,CCCAGG
0.4029,0.4029,0.4011,0.4016,1514791620,56443.770000000004,22683.81,BAT,1,2018-01-01 14:51:30.973674,JordanManual,CCCAGG
0.4011,0.4019,0.4011,0.4019,1514791800,85202.09,34191.1,BAT,1,2018-01-01 14:51:30.973674,JordanManual,CCCAGG
0.401,0.4019,0.401,0.4011,1514791980,50537.259999999995,20285.899999999998,BAT,1,2018-01-01 14:51:30.973674,JordanManual,CCCAGG
0.4,0.4033,0.3999,0.4007,1514792160,121203.44,48579.44,BAT,1,2018-01-01 14:51:30.973674,JordanManual,CCCAGG
0.4001,0.4011,0.3996,0.3999,1514792340,176925.87,70765.15000000001,BAT,1,2018-01-01 14:51:30.973674,JordanManual,CCCAGG
0.399,0.401,0.3988,0.4,1514792520,138541.9,55299.28999999999,BAT,1,2018-01-01 14:51:30.973674,JordanManual,CCCAGG
0.3978,0.401,0.3978,0.3992,1514792700,80317.0,32178.59,BAT,1,2018-01-01 14:51:30.973674,JordanManual,CCCAGG
0.3975,0.3975,0.3973,0.3973,1514792880,539230.47,214324.28,BAT,1,2018-01-01 14:51:30.973674,JordanManual,CCCAGG
0.4043,0.4047,0.3975,0.3975,1514793060,203650.16,81767.70999999999,BAT,1,2018-01-01 14:51:30.973674,JordanManual,CCCAGG
0.4038,0.4046,0.4037,0.4042,1514793240,104112.87,42081.229999999996,BAT,1,2018-01-01 14:51:30.973674,JordanManual,CCCAGG
0.4028,0.4039,0.4005,0.4036,1514793420,155353.0,62690.23,BAT,1,2018-01-01 14:51:30.973674,JordanManual,CCCAGG
0.4029,0.4029,0.4001,0.4003,1514793600,47041.35,18906.1,BAT,1,2018-01-01 14:51:30.973674,JordanManual,CCCAGG
0.404,0.404,0.4,0.4025,1514793780,47704.91,19243.27,BAT,1,2018-01-01 14:51:30.973674,JordanManual,CCCAGG
0.4055,0.4072,0.4044,0.4044,1514793960,58362.11,23654.170000000002,BAT,1,2018-01-01 14:51:30.973674,JordanManual,CCCAGG
0.407,0.4075,0.4059,0.4059,1514794140,54833.95,22319.63,BAT,1,2018-01-01 14:51:30.973674,JordanManual,CCCAGG
0.4077,0.4089,0.4073,0.4074,1514794320,171985.55,70132.17000000001,BAT,1,2018-01-01 14:51:30.973674,JordanManual,CCCAGG
0.4068,0.4078,0.4056,0.4078,1514794500,31487.309999999998,12803.02,BAT,1,2018-01-01 14:51:30.973674,JordanManual,CCCAGG
0.4105,0.4115,0.407,0.407,1514794680,89467.54,36700.96,BAT,1,2018-01-01 14:51:30.973674,JordanManual,CCCAGG
0.4106,0.4109,0.4102,0.4104,1514794860,27634.370000000003,11342.55,BAT,1,2018-01-01 14:51:30.973674,JordanManual,CCCAGG
0.4126,0.4141,0.4106,0.4106,1514795040,63016.08,25939.660000000003,BAT,1,2018-01-01 14:51:30.973674,JordanManual,CCCAGG
0.4138,0.4138,0.4117,0.4133,1514795220,56051.079999999994,23151.48,BAT,1,2018-01-01 14:51:30.973674,JordanManual,CCCAGG
0.4134,0.4139,0.4113,0.4131,1514795400,54924.64,22671.19,BAT,1,2018-01-01 14:51:30.973674,JordanManual,CCCAGG
0.4071,0.4093,0.4058,0.4093,1514795580,73367.17,29847.5,BAT,1,2018-01-01 14:51:30.973674,JordanManual,CCCAGG
0.4082,0.4091,0.4051,0.4063,1514795760,60444.81,24647.8,BAT,1,2018-01-01 14:51:30.973674,JordanManual,CCCAGG
0.4088,0.414,0.4079,0.4101,1514795940,219923.42,90071.05,BAT,1,2018-01-01 14:51:30.973674,JordanManual,CCCAGG
0.4103,0.4117,0.4075,0.4075,1514796120,60849.159999999996,24933.469999999998,BAT,1,2018-01-01 14:51:30.973674,JordanManual,CCCAGG
0.4114,0.4135,0.4102,0.4102,1514796300,97318.51999999999,40023.11,BAT,1,2018-01-01 14:51:30.973674,JordanManual,CCCAGG
0.4187,0.42,0.4103,0.4103,1514796480,87044.40000000001,36239.85,BAT,1,2018-01-01 14:51:30.973674,JordanManual,CCCAGG
0.4212,0.4237,0.4194,0.4194,1514796660,180976.37,76196.16,BAT,1,2018-01-01 14:51:30.973674,JordanManual,CCCAGG
0.4253,0.4257,0.4206,0.4225,1514796840,107642.38,45677.58,BAT,1,2018-01-01 14:51:30.973674,JordanManual,CCCAGG
0.4253,0.4307,0.4253,0.4264,1514797020,68122.18,29108.44,BAT,1,2018-01-01 14:51:30.973674,JordanManual,CCCAGG
0.4287,0.4287,0.4248,0.4254,1514797200,48669.990000000005,20760.16,BAT,1,2018-01-01 14:51:30.973674,JordanManual,CCCAGG
0.428,0.43,0.4278,0.429,1514797380,80209.87,34391.009999999995,BAT,1,2018-01-01 14:51:30.973674,JordanManual,CCCAGG
0.4273,0.428,0.4255,0.428,1514797560,192689.74,82324.35,BAT,1,2018-01-01 14:51:30.973674,JordanManual,CCCAGG
0.4221,0.4278,0.418,0.4276,1514797740,170489.2,72184.9,BAT,1,2018-01-01 14:51:30.973674,JordanManual,CCCAGG
0.4235,0.4256,0.4194,0.4195,1514797920,91300.89,38556.36,BAT,1,2018-01-01 14:51:30.973674,JordanManual,CCCAGG
0.4249,0.425,0.4225,0.423,1514798100,63260.32000000001,26841.510000000002,BAT,1,2018-01-01 14:51:30.973674,JordanManual,CCCAGG
0.4252,0.4275,0.4243,0.4252,1514798280,113888.35,48458.95,BAT,1,2018-01-01 14:51:30.973674,JordanManual,CCCAGG
0.4309,0.431,0.4253,0.4273,1514798460,29493.65,12638.82,BAT,1,2018-01-01 14:51:30.973674,JordanManual,CCCAGG
0.4298,0.4305,0.4271,0.4299,1514798640,79334.02,34115.07,BAT,1,2018-01-01 14:51:30.973674,JordanManual,CCCAGG
0.4304,0.4318,0.4299,0.4304,1514798820,79558.81,34246.03,BAT,1,2018-01-01 14:51:30.973674,JordanManual,CCCAGG
0.4307,0.4329,0.4299,0.4299,1514799000,58905.880000000005,25381.760000000002,BAT,1,2018-01-01 14:51:30.973674,JordanManual,CCCAGG
0.4316,0.433,0.4307,0.4309,1514799180,62361.45999999999,26905.86,BAT,1,2018-01-01 14:51:30.973674,JordanManual,CCCAGG
0.4321,0.4327,0.4319,0.4327,1514799360,116893.17,50504.8,BAT,1,2018-01-01 14:51:30.973674,JordanManual,CCCAGG
0.4348,0.4348,0.4318,0.4318,1514799540,71124.85,30855.100000000002,BAT,1,2018-01-01 14:51:30.973674,JordanManual,CCCAGG
0.4343,0.4354,0.432,0.4354,1514799720,49655.19,21547.08,BAT,1,2018-01-01 14:51:30.973674,JordanManual,CCCAGG
0.4344,0.4348,0.4332,0.4332,1514799900,91164.06,39591.03,BAT,1,2018-01-01 14:51:30.973674,JordanManual,CCCAGG
0.4349,0.435,0.4347,0.4347,1514800080,72651.20999999999,31594.23,BAT,1,2018-01-01 14:51:30.973674,JordanManual,CCCAGG
0.4353,0.4355,0.4341,0.4346,1514800260,79791.92,34681.63,BAT,1,2018-01-01 14:51:30.973674,JordanManual,CCCAGG
0.4357,0.4361,0.4353,0.4361,1514800440,52868.119999999995,23030.75,BAT,1,2018-01-01 14:51:30.973674,JordanManual,CCCAGG
0.4337,0.4346,0.4335,0.4346,1514800620,38488.82,16690.66,BAT,1,2018-01-01 14:51:30.973674,JordanManual,CCCAGG
0.432,0.4334,0.4295,0.4332,1514800800,108277.42,46824.22,BAT,1,2018-01-01 14:51:30.973674,JordanManual,CCCAGG
0.4315,0.4328,0.43,0.4312,1514800980,23128.45,9987.619999999999,BAT,1,2018-01-01 14:51:30.973674,JordanManual,CCCAGG
0.4279,0.4319,0.4279,0.4309,1514801160,49601.770000000004,21311.75,BAT,1,2018-01-01 14:51:30.973674,JordanManual,CCCAGG
0.4237,0.4279,0.423,0.4277,1514801340,166482.32,70635.78,BAT,1,2018-01-01 14:51:30.973674,JordanManual,CCCAGG
0.4183,0.4219,0.4177,0.4219,1514801520,153112.37,64131.630000000005,BAT,1,2018-01-01 14:51:30.973674,JordanManual,CCCAGG
0.4158,0.4178,0.4157,0.4178,1514801700,146795.22000000003,61134.35,BAT,1,2018-01-01 14:51:30.973674,JordanManual,CCCAGG
0.4217,0.4241,0.4164,0.4164,1514801880,103326.90000000001,43434.87,BAT,1,2018-01-01 14:51:30.973674,JordanManual,CCCAGG
0.4218,0.4225,0.4191,0.4219,1514802060,38437.090000000004,16213.679999999998,BAT,1,2018-01-01 14:51:30.973674,JordanManual,CCCAGG
0.4219,0.4219,0.4181,0.4214,1514802240,48091.94,20273.46,BAT,1,2018-01-01 14:51:30.973674,JordanManual,CCCAGG
0.4213,0.4223,0.4189,0.4223,1514802420,27065.539999999997,11386.23,BAT,1,2018-01-01 14:51:30.973674,JordanManual,CCCAGG
0.4211,0.4216,0.4199,0.421,1514802600,60105.61,25307.14,BAT,1,2018-01-01 14:51:30.973674,JordanManual,CCCAGG
0.4226,0.4226,0.4216,0.4219,1514802780,148553.62,62755.83,BAT,1,2018-01-01 14:51:30.973674,JordanManual,CCCAGG
0.4214,0.4238,0.4213,0.423,1514802960,35046.729999999996,14815.81,BAT,1,2018-01-01 14:51:30.973674,JordanManual,CCCAGG
0.4238,0.424,0.4224,0.4224,1514803140,22882.93,9690.28,BAT,1,2018-01-01 14:51:30.973674,JordanManual,CCCAGG
0.4242,0.4242,0.4231,0.424,1514803320,31774.18,13461.06,BAT,1,2018-01-01 14:51:30.973674,JordanManual,CCCAGG
0.4239,0.4242,0.4238,0.4241,1514803500,68781.92,29167.100000000002,BAT,1,2018-01-01 14:51:30.973674,JordanManual,CCCAGG
0.4222,0.4242,0.4222,0.424,1514803680,75271.67,31801.46,BAT,1,2018-01-01 14:51:30.973674,JordanManual,CCCAGG
0.4204,0.4221,0.4203,0.4221,1514803860,115711.85,48688.72,BAT,1,2018-01-01 14:51:30.973674,JordanManual,CCCAGG
0.4202,0.4247,0.4202,0.4206,1514804040,42540.5,17937.69,BAT,1,2018-01-01 14:51:30.973674,JordanManual,CCCAGG
0.4249,0.4249,0.4201,0.4208,1514804220,62664.88,26560.870000000003,BAT,1,2018-01-01 14:51:30.973674,JordanManual,CCCAGG
0.4242,0.4245,0.4239,0.4241,1514804400,41693.229999999996,17687.61,BAT,1,2018-01-01 14:51:30.973674,JordanManual,CCCAGG
0.4183,0.4239,0.4162,0.423,1514804580,64831.92,27210.97,BAT,1,2018-01-01 14:51:30.973674,JordanManual,CCCAGG
0.4159,0.4174,0.4149,0.4167,1514804760,41143.479999999996,17104.18,BAT,1,2018-01-01 14:51:30.973674,JordanManual,CCCAGG
0.4085,0.4167,0.4042,0.4167,1514804940,348019.89,144384.93,BAT,1,2018-01-01 14:51:30.973674,JordanManual,CCCAGG
0.4064,0.4087,0.4036,0.4085,1514805120,128796.19,52398.869999999995,BAT,1,2018-01-01 14:51:30.973674,JordanManual,CCCAGG
0.403,0.4118,0.4016,0.4036,1514805300,207137.84999999998,83750.98,BAT,1,2018-01-01 14:51:30.973674,JordanManual,CCCAGG
0.4015,0.4021,0.399,0.4019,1514805480,46620.0,18716.07,BAT,1,2018-01-01 14:51:30.973674,JordanManual,CCCAGG
0.4022,0.4043,0.3995,0.4012,1514805660,39386.47,15818.119999999999,BAT,1,2018-01-01 14:51:30.973674,JordanManual,CCCAGG
0.4066,0.4066,0.4023,0.4023,1514805840,63770.10999999999,25889.87,BAT,1,2018-01-01 14:51:30.973674,JordanManual,CCCAGG
0.4037,0.4081,0.4037,0.4072,1514806020,56221.20999999999,22864.56,BAT,1,2018-01-01 14:51:30.973674,JordanManual,CCCAGG
0.4036,0.4049,0.4018,0.4029,1514806200,18670.239999999998,7520.08,BAT,1,2018-01-01 14:51:30.973674,JordanManual,CCCAGG
0.4049,0.4059,0.4033,0.4058,1514806380,25600.449999999997,10365.14,BAT,1,2018-01-01 14:51:30.973674,JordanManual,CCCAGG
0.4015,0.405,0.4015,0.4043,1514806560,35933.39,14488.97,BAT,1,2018-01-01 14:51:30.973674,JordanManual,CCCAGG
0.4042,0.4045,0.401,0.401,1514806740,27363.59,11034.94,BAT,1,2018-01-01 14:51:30.973674,JordanManual,CCCAGG
0.4032,0.4046,0.4026,0.4046,1514806920,47609.35,19208.559999999998,BAT,1,2018-01-01 14:51:30.973674,JordanManual,CCCAGG
0.3997,0.4021,0.3993,0.4009,1514807100,89579.84,35849.21000000001,BAT,1,2018-01-01 14:51:30.973674,JordanManual,CCCAGG
0.4016,0.4016,0.3992,0.3993,1514807280,78077.43,31315.399999999998,BAT,1,2018-01-01 14:51:30.973674,JordanManual,CCCAGG
0.4015,0.4042,0.4014,0.4021,1514807460,13596.699999999999,5474.1900000000005,BAT,1,2018-01-01 14:51:30.973674,JordanManual,CCCAGG
0.4026,0.4029,0.4023,0.4029,1514807640,14172.419999999998,5705.99,BAT,1,2018-01-01 14:51:30.973674,JordanManual,CCCAGG
0.404,0.404,0.4029,0.4031,1514807820,45566.02,18365.32,BAT,1,2018-01-01 14:51:30.973674,JordanManual,CCCAGG
0.4058,0.4058,0.4051,0.4054,1514808000,32997.840000000004,13381.15,BAT,1,2018-01-01 14:51:30.973674,JordanManual,CCCAGG
0.4061,0.4063,0.4056,0.4061,1514808180,49918.380000000005,20277.49,BAT,1,2018-01-01 14:51:30.973674,JordanManual,CCCAGG
0.4065,0.4065,0.4061,0.4061,1514808360,16101.030000000002,6541.61,BAT,1,2018-01-01 14:51:30.973674,JordanManual,CCCAGG
0.4063,0.4066,0.4054,0.4065,1514808540,65400.05,26572.04,BAT,1,2018-01-01 14:51:30.973674,JordanManual,CCCAGG
0.4043,0.4062,0.4043,0.4057,1514808720,91737.35,37119.759999999995,BAT,1,2018-01-01 14:51:30.973674,JordanManual,CCCAGG
0.4045,0.4055,0.4035,0.4035,1514808900,20380.15,8241.11,BAT,1,2018-01-01 14:51:30.973674,JordanManual,CCCAGG
0.4019,0.4047,0.4019,0.4047,1514809080,24518.57,9876.29,BAT,1,2018-01-01 14:51:30.973674,JordanManual,CCCAGG
0.4014,0.4023,0.4004,0.4004,1514809260,19232.11,7722.959999999999,BAT,1,2018-01-01 14:51:30.973674,JordanManual,CCCAGG
0.4055,0.4067,0.4014,0.4014,1514809440,66718.54000000001,26936.33,BAT,1,2018-01-01 14:51:30.973674,JordanManual,CCCAGG
0.4062,0.4063,0.4019,0.4027,1514809620,51675.17,20892.760000000002,BAT,1,2018-01-01 14:51:30.973674,JordanManual,CCCAGG
0.4065,0.4066,0.4053,0.4054,1514809800,38835.34,15756.010000000002,BAT,1,2018-01-01 14:51:30.973674,JordanManual,CCCAGG
0.4084,0.4086,0.4063,0.4069,1514809980,36472.03,14882.57,BAT,1,2018-01-01 14:51:30.973674,JordanManual,CCCAGG
0.406,0.4088,0.4051,0.4084,1514810160,56509.62,23060.809999999998,BAT,1,2018-01-01 14:51:30.973674,JordanManual,CCCAGG
0.4063,0.4075,0.4059,0.4059,1514810340,23086.019999999997,9376.59,BAT,1,2018-01-01 14:51:30.973674,JordanManual,CCCAGG
0.4079,0.4081,0.4073,0.4077,1514810520,12237.16,4992.21,BAT,1,2018-01-01 14:51:30.973674,JordanManual,CCCAGG
0.4093,0.4093,0.4079,0.4083,1514810700,20364.35,8329.86,BAT,1,2018-01-01 14:51:30.973674,JordanManual,CCCAGG
0.4089,0.4107,0.4064,0.4064,1514810880,15455.56,6333.25,BAT,1,2018-01-01 14:51:30.973674,JordanManual,CCCAGG
0.4092,0.411,0.4077,0.4089,1514811060,40349.4,16515.6,BAT,1,2018-01-01 14:51:30.973674,JordanManual,CCCAGG
0.4115,0.412,0.408,0.4106,1514811240,29563.6,12119.59,BAT,1,2018-01-01 14:51:30.973674,JordanManual,CCCAGG
0.4096,0.4109,0.4075,0.4106,1514811420,118294.17,48321.66,BAT,1,2018-01-01 14:51:30.973674,JordanManual,CCCAGG
0.4065,0.41,0.4064,0.41,1514811600,9841.26,4018.1500000000005,BAT,1,2018-01-01 14:51:30.973674,JordanManual,CCCAGG
0.3985,0.4061,0.3985,0.4061,1514811780,45393.46,18180.28,BAT,1,2018-01-01 14:51:30.973674,JordanManual,CCCAGG
0.398,0.4022,0.3974,0.3986,1514811960,55615.619999999995,22140.27,BAT,1,2018-01-01 14:51:30.973674,JordanManual,CCCAGG
0.4016,0.4016,0.3984,0.3984,1514812140,51493.3,20585.67,BAT,1,2018-01-01 14:51:30.973674,JordanManual,CCCAGG
0.4029,0.4033,0.4014,0.4015,1514812320,30590.85,12309.650000000001,BAT,1,2018-01-01 14:51:30.973674,JordanManual,CCCAGG
0.4025,0.4033,0.4012,0.4028,1514812500,119996.95000000001,48228.35999999999,BAT,1,2018-01-01 14:51:30.973674,JordanManual,CCCAGG
0.4039,0.4043,0.4023,0.403,1514812680,122252.76,49265.54,BAT,1,2018-01-01 14:51:30.973674,JordanManual,CCCAGG
0.4049,0.405,0.404,0.4043,1514812860,14176.41,5737.1900000000005,BAT,1,2018-01-01 14:51:30.973674,JordanManual,CCCAGG
0.4049,0.4062,0.4043,0.4049,1514813040,27643.870000000003,11209.18,BAT,1,2018-01-01 14:51:30.973674,JordanManual,CCCAGG
0.4063,0.4063,0.4019,0.4036,1514813220,22824.090000000004,9251.33,BAT,1,2018-01-01 14:51:30.973674,JordanManual,CCCAGG
0.4049,0.4071,0.4041,0.4059,1514813400,17466.02,7064.639999999999,BAT,1,2018-01-01 14:51:30.973674,JordanManual,CCCAGG
0.4032,0.4054,0.4032,0.4033,1514813580,28451.3,11487.98,BAT,1,2018-01-01 14:51:30.973674,JordanManual,CCCAGG
0.4019,0.404,0.4003,0.4039,1514813760,56519.869999999995,22713.62,BAT,1,2018-01-01 14:51:30.973674,JordanManual,CCCAGG
0.4054,0.4057,0.4018,0.4022,1514813940,61797.16,24982.39,BAT,1,2018-01-01 14:51:30.973674,JordanManual,CCCAGG
0.404,0.406,0.4023,0.4055,1514814120,20631.469999999998,8365.76,BAT,1,2018-01-01 14:51:30.973674,JordanManual,CCCAGG
0.4051,0.4054,0.404,0.404,1514814300,39368.96,15951.13,BAT,1,2018-01-01 14:51:30.973674,JordanManual,CCCAGG
0.4052,0.4061,0.4021,0.4041,1514814480,94536.49,38357.86,BAT,1,2018-01-01 14:51:30.973674,JordanManual,CCCAGG
0.4008,0.405,0.4008,0.4035,1514814660,46025.649999999994,18550.95,BAT,1,2018-01-01 14:51:30.973674,JordanManual,CCCAGG
0.4004,0.4011,0.4004,0.4011,1514814840,8903.66,3567.5899999999997,BAT,1,2018-01-01 14:51:30.973674,JordanManual,CCCAGG
0.401,0.401,0.3999,0.4004,1514815020,29559.17,11840.220000000001,BAT,1,2018-01-01 14:51:30.973674,JordanManual,CCCAGG
0.4048,0.4048,0.4019,0.4023,1514815200,18762.510000000002,7553.93,BAT,1,2018-01-01 14:51:30.973674,JordanManual,CCCAGG
0.4016,0.4036,0.4016,0.4036,1514815380,44567.37,17978.899999999998,BAT,1,2018-01-01 14:51:30.973674,JordanManual,CCCAGG
0.4022,0.4034,0.4013,0.4015,1514815560,30620.05,12308.580000000002,BAT,1,2018-01-01 14:51:30.973674,JordanManual,CCCAGG
0.3976,0.4025,0.3974,0.4025,1514815740,70974.23999999999,28335.76,BAT,1,2018-01-01 14:51:30.973674,JordanManual,CCCAGG
0.3971,0.3995,0.3971,0.3974,1514815920,74434.40000000001,29574.660000000003,BAT,1,2018-01-01 14:51:30.973674,JordanManual,CCCAGG
0.3996,0.3998,0.3965,0.3968,1514816100,69833.28,27755.38,BAT,1,2018-01-01 14:51:30.973674,JordanManual,CCCAGG
0.3977,0.3984,0.3966,0.3984,1514816280,10917.060000000001,4342.1,BAT,1,2018-01-01 14:51:30.973674,JordanManual,CCCAGG
0.3973,0.3974,0.3953,0.3969,1514816460,16952.059999999998,6714.070000000001,BAT,1,2018-01-01 14:51:30.973674,JordanManual,CCCAGG
0.3959,0.3976,0.3956,0.3976,1514816640,53630.68,21226.39,BAT,1,2018-01-01 14:51:30.973674,JordanManual,CCCAGG
0.3985,0.3985,0.3968,0.3968,1514816820,41263.19,16428.28,BAT,1,2018-01-01 14:51:30.973674,JordanManual,CCCAGG
0.3973,0.3988,0.3973,0.3985,1514817000,28445.54,11314.45,BAT,1,2018-01-01 14:51:30.973674,JordanManual,CCCAGG
0.3977,0.3981,0.3959,0.3977,1514817180,16201.380000000001,6435.99,BAT,1,2018-01-01 14:51:30.973674,JordanManual,CCCAGG
0.397,0.3982,0.397,0.3982,1514817360,38705.439999999995,15378.33,BAT,1,2018-01-01 14:51:30.973674,JordanManual,CCCAGG
0.3991,0.3991,0.3975,0.3975,1514817540,9023.38,3592.33,BAT,1,2018-01-01 14:51:30.973674,JordanManual,CCCAGG
0.4,0.4014,0.3993,0.3995,1514817720,51023.119999999995,20388.93,BAT,1,2018-01-01 14:51:30.973674,JordanManual,CCCAGG
0.401,0.4022,0.4007,0.4007,1514817900,26998.88,10846.08,BAT,1,2018-01-01 14:51:30.973674,JordanManual,CCCAGG
0.4008,0.4008,0.3998,0.4005,1514818080,14647.769999999999,5861.68,BAT,1,2018-01-01 14:51:30.973674,JordanManual,CCCAGG
0.4046,0.4048,0.4013,0.4014,1514818260,12764.73,5137.67,BAT,1,2018-01-01 14:51:30.973674,JordanManual,CCCAGG
0.4054,0.4055,0.4045,0.4047,1514818440,20212.510000000002,8181.499999999999,BAT,1,2018-01-01 14:51:30.973674,JordanManual,CCCAGG
0.4065,0.4065,0.4056,0.4056,1514818620,24040.91,9769.25,BAT,1,2018-01-01 14:51:30.973674,JordanManual,CCCAGG
0.4046,0.4052,0.4045,0.4052,1514818800,17510.809999999998,7091.1,BAT,1,2018-01-01 14:51:30.973674,JordanManual,CCCAGG
0.4047,0.405,0.4042,0.4046,1514818980,68637.45999999999,27771.79,BAT,1,2018-01-01 14:51:30.973674,JordanManual,CCCAGG
0.4058,0.4059,0.4045,0.4048,1514819160,67995.9,27580.1,BAT,1,2018-01-01 14:51:30.973674,JordanManual,CCCAGG
0.4013,0.4062,0.4012,0.4061,1514819340,105478.34,42560.0,BAT,1,2018-01-01 14:51:30.973674,JordanManual,CCCAGG
0.4024,0.405,0.4012,0.4036,1514819520,95042.67,38209.67,BAT,1,2018-01-01 14:51:30.973674,JordanManual,CCCAGG
0.4011,0.4026,0.4003,0.4012,1514819700,38398.369999999995,15393.58,BAT,1,2018-01-01 14:51:30.973674,JordanManual,CCCAGG
0.4045,0.4045,0.4012,0.4012,1514819880,20762.13,8384.1,BAT,1,2018-01-01 14:51:30.973674,JordanManual,CCCAGG
0.4062,0.4063,0.4034,0.4046,1514820060,10161.53,4115.549999999999,BAT,1,2018-01-01 14:51:30.973674,JordanManual,CCCAGG
0.4064,0.4077,0.4064,0.4077,1514820240,31372.41,12774.630000000001,BAT,1,2018-01-01 14:51:30.973674,JordanManual,CCCAGG
0.4074,0.409,0.4066,0.4072,1514820420,24921.97,10154.97,BAT,1,2018-01-01 14:51:30.973674,JordanManual,CCCAGG
0.4059,0.4084,0.4059,0.4074,1514820600,100281.44999999998,40883.26,BAT,1,2018-01-01 14:51:30.973674,JordanManual,CCCAGG
0.4058,0.4089,0.4058,0.4078,1514820780,25162.51,10232.550000000001,BAT,1,2018-01-01 14:51:30.973674,JordanManual,CCCAGG
0.4073,0.4075,0.406,0.406,1514820960,60118.46000000001,24481.9,BAT,1,2018-01-01 14:51:30.973674,JordanManual,CCCAGG
0.4049,0.4074,0.4049,0.4074,1514821140,18919.05,7670.290000000001,BAT,1,2018-01-01 14:51:30.973674,JordanManual,CCCAGG
0.405,0.4052,0.4045,0.4049,1514821320,113062.91,45795.259999999995,BAT,1,2018-01-01 14:51:30.973674,JordanManual,CCCAGG
0.4079,0.4079,0.4047,0.4052,1514821500,37728.03999999999,15343.35,BAT,1,2018-01-01 14:51:30.973674,JordanManual,CCCAGG
0.4074,0.4087,0.4063,0.4087,1514821680,33141.78,13516.7,BAT,1,2018-01-01 14:51:30.973674,JordanManual,CCCAGG
0.4065,0.4084,0.4063,0.4068,1514821860,48021.880000000005,19549.45,BAT,1,2018-01-01 14:51:30.973674,JordanManual,CCCAGG
0.4082,0.4085,0.406,0.406,1514822040,25492.299999999996,10401.9,BAT,1,2018-01-01 14:51:30.973674,JordanManual,CCCAGG
0.4079,0.4083,0.4079,0.4081,1514822220,6050.59,2468.5,BAT,1,2018-01-01 14:51:30.973674,JordanManual,CCCAGG
0.4081,0.4085,0.4071,0.4073,1514822400,12946.970000000001,5281.91,BAT,1,2018-01-01 14:51:30.973674,JordanManual,CCCAGG
0.4081,0.409,0.4078,0.4085,1514822580,36128.5,14750.36,BAT,1,2018-01-01 14:51:30.973674,JordanManual,CCCAGG
0.4065,0.4075,0.4065,0.4075,1514822760,20735.33,8441.0,BAT,1,2018-01-01 14:51:30.973674,JordanManual,CCCAGG
0.4066,0.4073,0.4049,0.4065,1514822940,28001.469999999998,11350.080000000002,BAT,1,2018-01-01 14:51:30.973674,JordanManual,CCCAGG
0.4074,0.4079,0.4064,0.4064,1514823120,19299.469999999998,7856.6,BAT,1,2018-01-01 14:51:30.973674,JordanManual,CCCAGG
0.4053,0.4074,0.4052,0.4074,1514823300,44132.39,17925.92,BAT,1,2018-01-01 14:51:30.973674,JordanManual,CCCAGG
0.4044,0.4058,0.4036,0.4058,1514823480,45790.57000000001,18534.1,BAT,1,2018-01-01 14:51:30.973674,JordanManual,CCCAGG
0.4026,0.4033,0.4004,0.4032,1514823660,70308.2,28264.75,BAT,1,2018-01-01 14:51:30.973674,JordanManual,CCCAGG
0.404,0.404,0.4012,0.4012,1514823840,79516.9,32040.370000000003,BAT,1,2018-01-01 14:51:30.973674,JordanManual,CCCAGG
0.4049,0.4067,0.4036,0.4038,1514824020,117403.78,47499.45,BAT,1,2018-01-01 14:51:30.973674,JordanManual,CCCAGG
0.4081,0.412,0.4047,0.4047,1514824200,123723.64,50332.98,BAT,1,2018-01-01 14:51:30.973674,JordanManual,CCCAGG
0.4087,0.411,0.407,0.4092,1514824380,33689.119999999995,13766.59,BAT,1,2018-01-01 14:51:30.973674,JordanManual,CCCAGG
0.4113,0.4126,0.4085,0.4085,1514824560,36311.61,14893.170000000002,BAT,1,2018-01-01 14:51:30.973674,JordanManual,CCCAGG
0.4129,0.4153,0.4112,0.4112,1514824740,78106.29000000001,32209.26,BAT,1,2018-01-01 14:51:30.973674,JordanManual,CCCAGG
0.4143,0.4155,0.4133,0.4139,1514824920,81705.69,33837.06,BAT,1,2018-01-01 14:51:30.973674,JordanManual,CCCAGG
0.4171,0.4171,0.414,0.415,1514825100,80539.69,33489.590000000004,BAT,1,2018-01-01 14:51:30.973674,JordanManual,CCCAGG
0.4176,0.4177,0.4173,0.4175,1514825280,55912.9,23342.16,BAT,1,2018-01-01 14:51:30.973674,JordanManual,CCCAGG
0.4175,0.4177,0.4137,0.4175,1514825460,83367.17000000001,34732.270000000004,BAT,1,2018-01-01 14:51:30.973674,JordanManual,CCCAGG
0.4159,0.4185,0.4134,0.4185,1514825640,8149.340000000001,3399.2200000000003,BAT,1,2018-01-01 14:51:30.973674,JordanManual,CCCAGG
0.4137,0.4165,0.4129,0.4152,1514825820,125997.15,52332.08,BAT,1,2018-01-01 14:51:30.973674,JordanManual,CCCAGG
0.4159,0.4163,0.4131,0.414,1514826000,53253.85,22111.170000000002,BAT,1,2018-01-01 14:51:30.973674,JordanManual,CCCAGG
0.4188,0.4188,0.4157,0.4161,1514826180,44749.479999999996,18708.62,BAT,1,2018-01-01 14:51:30.973674,JordanManual,CCCAGG
0.4154,0.4189,0.4149,0.4189,1514826360,65470.01000000001,27274.75,BAT,1,2018-01-01 14:51:30.973674,JordanManual,CCCAGG
0.4188,0.4188,0.4156,0.4156,1514826540,47903.86,19975.190000000002,BAT,1,2018-01-01 14:51:30.973674,JordanManual,CCCAGG
0.4184,0.4187,0.4181,0.4182,1514826720,65164.810000000005,27266.870000000003,BAT,1,2018-01-01 14:51:30.973674,JordanManual,CCCAGG
0.4184,0.4192,0.418,0.418,1514826900,46374.45,19409.6,BAT,1,2018-01-01 14:51:30.973674,JordanManual,CCCAGG
0.4204,0.4208,0.4181,0.4182,1514827080,23617.36,9904.45,BAT,1,2018-01-01 14:51:30.973674,JordanManual,CCCAGG
0.4206,0.4207,0.4203,0.4203,1514827260,65269.57,27446.66,BAT,1,2018-01-01 14:51:30.973674,JordanManual,CCCAGG
0.4201,0.4206,0.4184,0.4206,1514827440,44191.21000000001,18559.129999999997,BAT,1,2018-01-01 14:51:30.973674,JordanManual,CCCAGG
0.4221,0.4221,0.4203,0.4206,1514827620,75791.29,31897.469999999998,BAT,1,2018-01-01 14:51:30.973674,JordanManual,CCCAGG
0.4223,0.4227,0.4219,0.4219,1514827800,75706.95,31963.05,BAT,1,2018-01-01 14:51:30.973674,JordanManual,CCCAGG
0.423,0.4232,0.4219,0.4221,1514827980,100303.12,42357.71,BAT,1,2018-01-01 14:51:30.973674,JordanManual,CCCAGG
0.4211,0.4225,0.4211,0.4225,1514828160,52839.670000000006,22280.539999999997,BAT,1,2018-01-01 14:51:30.973674,JordanManual,CCCAGG
0.4189,0.4217,0.4187,0.421,1514828340,32078.79,13477.26,BAT,1,2018-01-01 14:51:30.973674,JordanManual,CCCAGG
0.42,0.4209,0.4179,0.4185,1514828520,67764.1,28465.15,BAT,1,2018-01-01 14:51:30.973674,JordanManual,CCCAGG
0.4193,0.4208,0.4191,0.4201,1514828700,30391.42,12777.23,BAT,1,2018-01-01 14:51:30.973674,JordanManual,CCCAGG
0.4204,0.4213,0.4204,0.4209,1514828880,96520.45,40617.89,BAT,1,2018-01-01 14:51:30.973674,JordanManual,CCCAGG
0.4212,0.4212,0.4204,0.4211,1514829060,21651.35,9118.35,BAT,1,2018-01-01 14:51:30.973674,JordanManual,CCCAGG
0.4195,0.4206,0.4193,0.4199,1514829240,12074.65,5074.84,BAT,1,2018-01-01 14:51:30.973674,JordanManual,CCCAGG
0.4177,0.4185,0.4177,0.4184,1514829420,25787.5,10775.33,BAT,1,2018-01-01 14:51:30.973674,JordanManual,CCCAGG
0.4161,0.4171,0.4132,0.4169,1514829600,81923.75,33959.170000000006,BAT,1,2018-01-01 14:51:30.973674,JordanManual,CCCAGG
0.4173,0.4179,0.4157,0.4166,1514829780,37741.18,15734.64,BAT,1,2018-01-01 14:51:30.973674,JordanManual,CCCAGG
0.4158,0.4171,0.4156,0.4171,1514829960,20974.940000000002,8725.99,BAT,1,2018-01-01 14:51:30.973674,JordanManual,CCCAGG
0.4143,0.4165,0.4143,0.4159,1514830140,63998.05,26548.39,BAT,1,2018-01-01 14:51:30.973674,JordanManual,CCCAGG
0.4149,0.415,0.4107,0.4146,1514830320,54146.17,22289.910000000003,BAT,1,2018-01-01 14:51:30.973674,JordanManual,CCCAGG
0.415,0.4151,0.4144,0.4147,1514830500,21690.0,8999.310000000001,BAT,1,2018-01-01 14:51:30.973674,JordanManual,CCCAGG
0.4136,0.4162,0.4118,0.4145,1514830680,31034.719999999998,12809.9,BAT,1,2018-01-01 14:51:30.973674,JordanManual,CCCAGG
0.4131,0.4169,0.4131,0.4149,1514830860,8443.35,3494.7,BAT,1,2018-01-01 14:51:30.973674,JordanManual,CCCAGG
0.4156,0.4184,0.4139,0.4139,1514831040,73351.88,30480.37,BAT,1,2018-01-01 14:51:30.973674,JordanManual,CCCAGG
0.4168,0.4178,0.415,0.4158,1514831220,51304.14,21325.28,BAT,1,2018-01-01 14:51:30.973674,JordanManual,CCCAGG
0.4178,0.4184,0.4143,0.4158,1514831400,58880.76,24540.480000000003,BAT,1,2018-01-01 14:51:30.973674,JordanManual,CCCAGG
0.4179,0.4182,0.415,0.4178,1514831580,73954.06999999999,30914.03,BAT,1,2018-01-01 14:51:30.973674,JordanManual,CCCAGG
0.4176,0.4183,0.4165,0.4181,1514831760,10018.380000000001,4182.08,BAT,1,2018-01-01 14:51:30.973674,JordanManual,CCCAGG
0.4168,0.4172,0.4158,0.4172,1514831940,22595.47,9423.060000000001,BAT,1,2018-01-01 14:51:30.973674,JordanManual,CCCAGG
0.4182,0.4186,0.4174,0.4174,1514832120,64320.22,26866.74,BAT,1,2018-01-01 14:51:30.973674,JordanManual,CCCAGG
0.4171,0.4184,0.4159,0.4181,1514832300,56377.69,23527.89,BAT,1,2018-01-01 14:51:30.973674,JordanManual,CCCAGG
0.4201,0.4203,0.417,0.418,1514832480,65807.08,27614.010000000002,BAT,1,2018-01-01 14:51:30.973674,JordanManual,CCCAGG
0.4159,0.4174,0.4152,0.4174,1514832660,37055.0,15413.46,BAT,1,2018-01-01 14:51:30.973674,JordanManual,CCCAGG
0.4169,0.4186,0.4151,0.4155,1514832840,63935.73000000001,26568.0,BAT,1,2018-01-01 14:51:30.973674,JordanManual,CCCAGG
0.4175,0.4183,0.4171,0.4173,1514833020,29539.12,12333.460000000001,BAT,1,2018-01-01 14:51:30.973674,JordanManual,CCCAGG
0.4176,0.4188,0.4176,0.4176,1514833200,109212.42,45657.200000000004,BAT,1,2018-01-01 14:51:30.973674,JordanManual,CCCAGG
0.4175,0.4185,0.4162,0.4176,1514833380,25428.55,10616.73,BAT,1,2018-01-01 14:51:30.973674,JordanManual,CCCAGG
0.417,0.4185,0.4165,0.4166,1514833560,36963.5,15437.49,BAT,1,2018-01-01 14:51:30.973674,JordanManual,CCCAGG
0.4187,0.4187,0.4173,0.4177,1514833740,19274.41,8057.17,BAT,1,2018-01-01 14:51:30.973674,JordanManual,CCCAGG
0.4201,0.4207,0.4183,0.4185,1514833920,50525.47,21203.96,BAT,1,2018-01-01 14:51:30.973674,JordanManual,CCCAGG
0.4212,0.4212,0.4184,0.4194,1514834100,39575.42,16615.2,BAT,1,2018-01-01 14:51:30.973674,JordanManual,CCCAGG
0.4213,0.4218,0.4206,0.4214,1514834280,51038.41,21502.57,BAT,1,2018-01-01 14:51:30.973674,JordanManual,CCCAGG
0.4217,0.4217,0.4208,0.4213,1514834460,38894.590000000004,16370.779999999999,BAT,1,2018-01-01 14:51:30.973674,JordanManual,CCCAGG
0.4234,0.4234,0.4216,0.4225,1514834640,23638.050000000003,9978.24,BAT,1,2018-01-01 14:51:30.973674,JordanManual,CCCAGG
0.4226,0.4236,0.4218,0.4236,1514834820,86110.26000000001,36390.229999999996,BAT,1,2018-01-01 14:51:30.973674,JordanManual,CCCAGG
0.422,0.4237,0.4218,0.4237,1514835000,19883.760000000002,8402.11,BAT,1,2018-01-01 14:51:30.973674,JordanManual,CCCAGG
0.4228,0.4238,0.4199,0.4203,1514835180,62937.22,26598.36,BAT,1,2018-01-01 14:51:30.973674,JordanManual,CCCAGG
0.4222,0.4238,0.4217,0.4231,1514835360,37113.560000000005,15686.869999999999,BAT,1,2018-01-01 14:51:30.973674,JordanManual,CCCAGG
0.4237,0.424,0.4226,0.4228,1514835540,25959.97,10993.93,BAT,1,2018-01-01 14:51:30.973674,JordanManual,CCCAGG
0.4218,0.4222,0.4218,0.4222,1514835720,3660.84,1545.1299999999999,BAT,1,2018-01-01 14:51:30.973674,JordanManual,CCCAGG
0.4219,0.4239,0.4219,0.4223,1514835900,23305.32,9840.82,BAT,1,2018-01-01 14:51:30.973674,JordanManual,CCCAGG
0.4218,0.4235,0.421,0.4215,1514836080,39829.04,16790.510000000002,BAT,1,2018-01-01 14:51:30.973674,JordanManual,CCCAGG
0.4229,0.4231,0.4214,0.4214,1514836260,53287.65,22493.399999999998,BAT,1,2018-01-01 14:51:30.973674,JordanManual,CCCAGG
0.4221,0.4221,0.4216,0.4219,1514836440,47630.46,20092.46,BAT,1,2018-01-01 14:51:30.973674,JordanManual,CCCAGG
0.4232,0.4232,0.4216,0.4217,1514836620,48424.85,20454.41,BAT,1,2018-01-01 14:51:30.973674,JordanManual,CCCAGG
0.4241,0.4243,0.4235,0.4241,1514836800,42779.0,18136.12,BAT,1,2018-01-01 14:51:30.973674,JordanManual,CCCAGG
0.4263,0.4264,0.4257,0.4257,1514836980,14020.02,5976.879999999999,BAT,1,2018-01-01 14:51:30.973674,JordanManual,CCCAGG
0.4276,0.4276,0.4265,0.4265,1514837160,58204.33,24877.78,BAT,1,2018-01-01 14:51:30.973674,JordanManual,CCCAGG
0.4304,0.431,0.4285,0.429,1514837340,26822.59,11535.71,BAT,1,2018-01-01 14:51:30.973674,JordanManual,CCCAGG
0.4316,0.4321,0.4305,0.4314,1514837520,76499.61,33052.51,BAT,1,2018-01-01 14:51:30.973674,JordanManual,CCCAGG
0.4321,0.4321,0.4302,0.4315,1514837700,158151.78999999998,68314.51999999999,BAT,1,2018-01-01 14:51:30.973674,JordanManual,CCCAGG
0.4252,0.4334,0.4252,0.4332,1514837880,302284.58,128738.71,BAT,1,2018-01-01 14:51:30.973674,JordanManual,CCCAGG
0.4282,0.4309,0.427,0.4293,1514838060,111698.15999999999,47828.030000000006,BAT,1,2018-01-01 14:51:30.973674,JordanManual,CCCAGG
0.429,0.4304,0.4277,0.4283,1514838240,28961.230000000003,12406.91,BAT,1,2018-01-01 14:51:30.973674,JordanManual,CCCAGG
0.4283,0.43,0.4281,0.429,1514838420,31543.050000000003,13523.0,BAT,1,2018-01-01 14:51:30.973674,JordanManual,CCCAGG
0.4308,0.4308,0.4295,0.4297,1514838600,10766.59,4628.47,BAT,1,2018-01-01 14:51:30.973674,JordanManual,CCCAGG
0.4281,0.4304,0.4273,0.4293,1514838780,65014.77,27841.52,BAT,1,2018-01-01 14:51:30.973674,JordanManual,CCCAGG
0.4292,0.4304,0.4277,0.4286,1514838960,64188.0,27529.41,BAT,1,2018-01-01 14:51:30.973674,JordanManual,CCCAGG
0.4297,0.4327,0.4288,0.4297,1514839140,57138.200000000004,24581.129999999997,BAT,1,2018-01-01 14:51:30.973674,JordanManual,CCCAGG
0.4303,0.4347,0.4303,0.4316,1514839320,74996.68000000001,32432.68,BAT,1,2018-01-01 14:51:30.973674,JordanManual,CCCAGG
0.4321,0.4344,0.4251,0.4313,1514839500,105622.87,45750.44,BAT,1,2018-01-01 14:51:30.973674,JordanManual,CCCAGG
0.4281,0.4323,0.4281,0.4318,1514839680,67868.88,29148.699999999997,BAT,1,2018-01-01 14:51:30.973674,JordanManual,CCCAGG
0.4312,0.4312,0.4269,0.4278,1514839860,27601.0,11806.68,BAT,1,2018-01-01 14:51:30.973674,JordanManual,CCCAGG
0.433,0.433,0.4306,0.4313,1514840040,74487.43000000001,32229.230000000003,BAT,1,2018-01-01 14:51:30.973674,JordanManual,CCCAGG
0.4323,0.4337,0.4311,0.4322,1514840220,103287.36000000002,44706.35,BAT,1,2018-01-01 14:51:30.973674,JordanManual,CCCAGG
0.4364,0.4364,0.4331,0.4336,1514840400,48111.99,20912.670000000002,BAT,1,2018-01-01 14:51:30.973674,JordanManual,CCCAGG
0.4401,0.4401,0.4376,0.4376,1514840580,127569.57,56039.9,BAT,1,2018-01-01 14:51:30.973674,JordanManual,CCCAGG
0.4413,0.442,0.4406,0.4411,1514840760,103848.45000000001,45831.21,BAT,1,2018-01-01 14:51:30.973674,JordanManual,CCCAGG
0.4414,0.4436,0.4376,0.4376,1514840940,288285.5,127075.03,BAT,1,2018-01-01 14:51:30.973674,JordanManual,CCCAGG
0.4494,0.4504,0.4442,0.4442,1514841120,356183.22000000003,159373.41999999998,BAT,1,2018-01-01 14:51:30.973674,JordanManual,CCCAGG
0.4634,0.4645,0.4496,0.4508,1514841300,561218.88,256756.97000000003,BAT,1,2018-01-01 14:51:30.973674,JordanManual,CCCAGG
0.467,0.4677,0.4596,0.4596,1514841480,495660.54000000004,231239.21999999997,BAT,1,2018-01-01 14:51:30.973674,JordanManual,CCCAGG
0.478,0.482,0.4636,0.4674,1514841660,400766.13,190117.21999999997,BAT,1,2018-01-01 14:51:30.973674,JordanManual,CCCAGG
0.4763,0.4819,0.4748,0.475,1514841840,227613.14,108263.72,BAT,1,2018-01-01 14:51:30.973674,JordanManual,CCCAGG
0.4916,0.4916,0.4763,0.4763,1514842020,401836.45,196763.37000000002,BAT,1,2018-01-01 14:51:30.973674,JordanManual,CCCAGG
0.4849,0.4924,0.4728,0.4924,1514842200,302959.29,146232.97,BAT,1,2018-01-01 14:51:30.973674,JordanManual,CCCAGG
0.4803,0.4882,0.4623,0.4852,1514842380,590783.19,282154.07,BAT,1,2018-01-01 14:51:30.973674,JordanManual,CCCAGG
0.4854,0.4862,0.4754,0.4801,1514842560,231016.29,111726.59,BAT,1,2018-01-01 14:51:30.973674,JordanManual,CCCAGG
0.4788,0.4841,0.4701,0.484,1514842740,107850.59999999999,51367.58,BAT,1,2018-01-01 14:51:30.973674,JordanManual,CCCAGG
0.4846,0.4852,0.4757,0.4757,1514842920,407368.53,196559.8,BAT,1,2018-01-01 14:51:30.973674,JordanManual,CCCAGG
0.4882,0.492,0.4783,0.4856,1514843100,424744.23000000004,206315.71999999997,BAT,1,2018-01-01 14:51:30.973674,JordanManual,CCCAGG
0.4953,0.4979,0.4913,0.4957,1514843280,148598.19,73436.44,BAT,1,2018-01-01 14:51:30.973674,JordanManual,CCCAGG
0.4953,0.4953,0.4953,0.4953,1514843460,0.0,0.0,BAT,1,2018-01-01 14:51:30.973674,JordanManual,CCCAGG
