Id,close,high,low,open,time,volumefrom,volumeto,coin_units,computer_name,exchange,symbol,timestamp_api_call
0,0.0004697,0.0004697,0.0004677,0.0004677,1514374020,0.0,0.0,1,JordanManual,CCCAGG,CJC,2017-12-28 13:46:57.087175
1,0.0004693,0.0004693,0.0004691,0.0004693,1514374200,0.0,0.0,1,JordanManual,CCCAGG,CJC,2017-12-28 13:46:57.087175
2,0.0004702,0.0004702,0.0004692,0.0004692,1514374380,0.0,0.0,1,JordanManual,CCCAGG,CJC,2017-12-28 13:46:57.087175
3,0.0004722,0.0004722,0.0004708,0.0004708,1514374560,0.0,0.0,1,JordanManual,CCCAGG,CJC,2017-12-28 13:46:57.087175
4,0.000472,0.0004726,0.000472,0.0004726,1514374740,0.0,0.0,1,JordanManual,CCCAGG,CJC,2017-12-28 13:46:57.087175
5,0.0004726,0.0004726,0.000472,0.000472,1514374920,0.0,0.0,1,JordanManual,CCCAGG,CJC,2017-12-28 13:46:57.087175
6,0.000473,0.000473,0.0004728,0.0004728,1514375100,0.0,0.0,1,JordanManual,CCCAGG,CJC,2017-12-28 13:46:57.087175
7,0.0004727,0.0004732,0.0004727,0.0004732,1514375280,0.0,0.0,1,JordanManual,CCCAGG,CJC,2017-12-28 13:46:57.087175
8,0.000472,0.0004723,0.000472,0.0004723,1514375460,0.0,0.0,1,JordanManual,CCCAGG,CJC,2017-12-28 13:46:57.087175
9,0.0004716,0.0004716,0.0004707,0.0004716,1514375640,0.0,0.0,1,JordanManual,CCCAGG,CJC,2017-12-28 13:46:57.087175
10,0.0004714,0.0004723,0.0004714,0.0004723,1514375820,0.0,0.0,1,JordanManual,CCCAGG,CJC,2017-12-28 13:46:57.087175
11,0.0004729,0.0004729,0.0004722,0.0004722,1514376000,0.0,0.0,1,JordanManual,CCCAGG,CJC,2017-12-28 13:46:57.087175
12,0.0004739,0.0004739,0.0004731,0.0004731,1514376180,0.0,0.0,1,JordanManual,CCCAGG,CJC,2017-12-28 13:46:57.087175
13,0.0004753,0.0004753,0.0004745,0.0004745,1514376360,0.0,0.0,1,JordanManual,CCCAGG,CJC,2017-12-28 13:46:57.087175
14,0.0004766,0.0004766,0.0004752,0.0004752,1514376540,0.0,0.0,1,JordanManual,CCCAGG,CJC,2017-12-28 13:46:57.087175
15,0.000477,0.000477,0.0004769,0.0004769,1514376720,0.0,0.0,1,JordanManual,CCCAGG,CJC,2017-12-28 13:46:57.087175
16,0.0004758,0.0004768,0.0004758,0.0004768,1514376900,0.0,0.0,1,JordanManual,CCCAGG,CJC,2017-12-28 13:46:57.087175
17,0.0004761,0.0004767,0.0004761,0.0004767,1514377080,0.0,0.0,1,JordanManual,CCCAGG,CJC,2017-12-28 13:46:57.087175
18,0.0004765,0.0004765,0.0004758,0.0004758,1514377260,0.0,0.0,1,JordanManual,CCCAGG,CJC,2017-12-28 13:46:57.087175
19,0.0004773,0.0004773,0.0004768,0.0004768,1514377440,0.0,0.0,1,JordanManual,CCCAGG,CJC,2017-12-28 13:46:57.087175
20,0.0004775,0.0004775,0.0004774,0.0004775,1514377620,0.0,0.0,1,JordanManual,CCCAGG,CJC,2017-12-28 13:46:57.087175
21,0.0004783,0.0004783,0.0004776,0.0004776,1514377800,0.0,0.0,1,JordanManual,CCCAGG,CJC,2017-12-28 13:46:57.087175
22,0.0004802,0.0004802,0.0004787,0.0004787,1514377980,0.0,0.0,1,JordanManual,CCCAGG,CJC,2017-12-28 13:46:57.087175
23,0.0004771,0.0004798,0.0004771,0.0004798,1514378160,0.0,0.0,1,JordanManual,CCCAGG,CJC,2017-12-28 13:46:57.087175
24,0.0004769,0.0004776,0.0004769,0.0004776,1514378340,0.0,0.0,1,JordanManual,CCCAGG,CJC,2017-12-28 13:46:57.087175
25,0.0004761,0.0004763,0.0004758,0.0004763,1514378520,0.0,0.0,1,JordanManual,CCCAGG,CJC,2017-12-28 13:46:57.087175
26,0.0004762,0.0004768,0.0004762,0.0004764,1514378700,489837.67,233.55,1,JordanManual,CCCAGG,CJC,2017-12-28 13:46:57.087175
27,0.0004767,0.0004771,0.0004767,0.0004769,1514378880,10976.9,5.23,1,JordanManual,CCCAGG,CJC,2017-12-28 13:46:57.087175
28,0.0004765,0.0004766,0.0004763,0.0004766,1514379060,0.0,0.0,1,JordanManual,CCCAGG,CJC,2017-12-28 13:46:57.087175
29,0.0004771,0.0004771,0.0004766,0.0004766,1514379240,0.0,0.0,1,JordanManual,CCCAGG,CJC,2017-12-28 13:46:57.087175
30,0.0004784,0.0004784,0.0004769,0.0004769,1514379420,0.0,0.0,1,JordanManual,CCCAGG,CJC,2017-12-28 13:46:57.087175
31,0.0004769,0.0004774,0.0004769,0.0004774,1514379600,0.0,0.0,1,JordanManual,CCCAGG,CJC,2017-12-28 13:46:57.087175
32,0.0004772,0.0004778,0.0004772,0.0004775,1514379780,0.0,0.0,1,JordanManual,CCCAGG,CJC,2017-12-28 13:46:57.087175
33,0.0004747,0.000477,0.0004747,0.000477,1514379960,6259.79,2.97,1,JordanManual,CCCAGG,CJC,2017-12-28 13:46:57.087175
34,0.0004718,0.0004736,0.000471,0.0004736,1514380140,0.0,0.0,1,JordanManual,CCCAGG,CJC,2017-12-28 13:46:57.087175
35,0.0004716,0.0004717,0.0004716,0.0004716,1514380320,0.0,0.0,1,JordanManual,CCCAGG,CJC,2017-12-28 13:46:57.087175
36,0.0004685,0.0004716,0.0004685,0.0004716,1514380500,0.0,0.0,1,JordanManual,CCCAGG,CJC,2017-12-28 13:46:57.087175
37,0.0004691,0.0004701,0.0004691,0.0004701,1514380680,0.0,0.0,1,JordanManual,CCCAGG,CJC,2017-12-28 13:46:57.087175
38,0.0004711,0.0004711,0.0004693,0.0004693,1514380860,0.0,0.0,1,JordanManual,CCCAGG,CJC,2017-12-28 13:46:57.087175
39,0.0004718,0.0004723,0.0004718,0.0004719,1514381040,0.0,0.0,1,JordanManual,CCCAGG,CJC,2017-12-28 13:46:57.087175
40,0.0004722,0.0004722,0.0004721,0.0004722,1514381220,0.0,0.0,1,JordanManual,CCCAGG,CJC,2017-12-28 13:46:57.087175
41,0.0004732,0.0004732,0.0004725,0.0004725,1514381400,0.0,0.0,1,JordanManual,CCCAGG,CJC,2017-12-28 13:46:57.087175
42,0.0004733,0.0004733,0.0004729,0.0004729,1514381580,0.0,0.0,1,JordanManual,CCCAGG,CJC,2017-12-28 13:46:57.087175
43,0.0004726,0.0004736,0.0004726,0.0004736,1514381760,0.0,0.0,1,JordanManual,CCCAGG,CJC,2017-12-28 13:46:57.087175
44,0.0004726,0.0004726,0.0004723,0.0004723,1514381940,0.0,0.0,1,JordanManual,CCCAGG,CJC,2017-12-28 13:46:57.087175
45,0.0004734,0.0004734,0.0004726,0.0004726,1514382120,0.0,0.0,1,JordanManual,CCCAGG,CJC,2017-12-28 13:46:57.087175
46,0.0004742,0.0004742,0.0004734,0.0004734,1514382300,0.0,0.0,1,JordanManual,CCCAGG,CJC,2017-12-28 13:46:57.087175
47,0.0004746,0.0004746,0.0004741,0.0004741,1514382480,6112.49,2.9,1,JordanManual,CCCAGG,CJC,2017-12-28 13:46:57.087175
48,0.0004755,0.0004755,0.0004747,0.0004753,1514382660,0.0,0.0,1,JordanManual,CCCAGG,CJC,2017-12-28 13:46:57.087175
49,0.0004757,0.0004757,0.0004755,0.0004755,1514382840,0.0,0.0,1,JordanManual,CCCAGG,CJC,2017-12-28 13:46:57.087175
50,0.0004748,0.0004763,0.0004748,0.0004763,1514383020,0.0,0.0,1,JordanManual,CCCAGG,CJC,2017-12-28 13:46:57.087175
51,0.0004753,0.0004753,0.0004751,0.0004753,1514383200,0.0,0.0,1,JordanManual,CCCAGG,CJC,2017-12-28 13:46:57.087175
52,0.000475,0.0004752,0.000475,0.0004752,1514383380,0.0,0.0,1,JordanManual,CCCAGG,CJC,2017-12-28 13:46:57.087175
53,0.0004736,0.0004743,0.0004736,0.0004743,1514383560,0.0,0.0,1,JordanManual,CCCAGG,CJC,2017-12-28 13:46:57.087175
54,0.0004725,0.0004733,0.0004721,0.0004733,1514383740,0.0,0.0,1,JordanManual,CCCAGG,CJC,2017-12-28 13:46:57.087175
55,0.0004713,0.0004718,0.0004713,0.0004718,1514383920,0.0,0.0,1,JordanManual,CCCAGG,CJC,2017-12-28 13:46:57.087175
56,0.0004717,0.000472,0.0004717,0.0004718,1514384100,0.0,0.0,1,JordanManual,CCCAGG,CJC,2017-12-28 13:46:57.087175
57,0.0004726,0.0004726,0.000472,0.000472,1514384280,0.0,0.0,1,JordanManual,CCCAGG,CJC,2017-12-28 13:46:57.087175
58,0.0004722,0.0004726,0.0004722,0.0004726,1514384460,0.0,0.0,1,JordanManual,CCCAGG,CJC,2017-12-28 13:46:57.087175
59,0.0004726,0.0004729,0.0004726,0.0004729,1514384640,0.0,0.0,1,JordanManual,CCCAGG,CJC,2017-12-28 13:46:57.087175
60,0.0004725,0.0004725,0.0004721,0.0004725,1514384820,0.0,0.0,1,JordanManual,CCCAGG,CJC,2017-12-28 13:46:57.087175
61,0.0004711,0.0004717,0.0004711,0.0004717,1514385000,0.0,0.0,1,JordanManual,CCCAGG,CJC,2017-12-28 13:46:57.087175
62,0.0004697,0.0004712,0.0004697,0.0004712,1514385180,0.0,0.0,1,JordanManual,CCCAGG,CJC,2017-12-28 13:46:57.087175
63,0.0004674,0.0004693,0.0004674,0.0004693,1514385360,0.0,0.0,1,JordanManual,CCCAGG,CJC,2017-12-28 13:46:57.087175
64,0.0004646,0.000465,0.0004634,0.000465,1514385540,0.0,0.0,1,JordanManual,CCCAGG,CJC,2017-12-28 13:46:57.087175
65,0.0004609,0.0004639,0.0004609,0.0004639,1514385720,0.0,0.0,1,JordanManual,CCCAGG,CJC,2017-12-28 13:46:57.087175
66,0.0004597,0.0004599,0.0004591,0.0004599,1514385900,0.0,0.0,1,JordanManual,CCCAGG,CJC,2017-12-28 13:46:57.087175
67,0.0004599,0.000461,0.0004599,0.000461,1514386080,0.0,0.0,1,JordanManual,CCCAGG,CJC,2017-12-28 13:46:57.087175
68,0.0004583,0.0004583,0.0004571,0.0004583,1514386260,0.0,0.0,1,JordanManual,CCCAGG,CJC,2017-12-28 13:46:57.087175
69,0.0004591,0.0004592,0.0004581,0.0004592,1514386440,0.0,0.0,1,JordanManual,CCCAGG,CJC,2017-12-28 13:46:57.087175
70,0.000459,0.0004599,0.000459,0.0004599,1514386620,0.0,0.0,1,JordanManual,CCCAGG,CJC,2017-12-28 13:46:57.087175
71,0.0004565,0.0004581,0.0004565,0.0004581,1514386800,0.0,0.0,1,JordanManual,CCCAGG,CJC,2017-12-28 13:46:57.087175
72,0.0004533,0.0004555,0.0004533,0.0004555,1514386980,0.0,0.0,1,JordanManual,CCCAGG,CJC,2017-12-28 13:46:57.087175
73,0.0004564,0.0004564,0.0004538,0.0004538,1514387160,0.0,0.0,1,JordanManual,CCCAGG,CJC,2017-12-28 13:46:57.087175
74,0.000456,0.000456,0.0004544,0.0004544,1514387340,0.0,0.0,1,JordanManual,CCCAGG,CJC,2017-12-28 13:46:57.087175
75,0.0004551,0.0004558,0.0004549,0.0004558,1514387520,0.0,0.0,1,JordanManual,CCCAGG,CJC,2017-12-28 13:46:57.087175
76,0.0004584,0.0004584,0.0004558,0.0004558,1514387700,0.0,0.0,1,JordanManual,CCCAGG,CJC,2017-12-28 13:46:57.087175
77,0.0004586,0.0004586,0.0004573,0.0004573,1514387880,0.0,0.0,1,JordanManual,CCCAGG,CJC,2017-12-28 13:46:57.087175
78,0.000458,0.0004589,0.000458,0.0004589,1514388060,0.0,0.0,1,JordanManual,CCCAGG,CJC,2017-12-28 13:46:57.087175
79,0.0004602,0.0004602,0.0004586,0.0004586,1514388240,0.0,0.0,1,JordanManual,CCCAGG,CJC,2017-12-28 13:46:57.087175
80,0.0004612,0.0004617,0.0004611,0.0004611,1514388420,0.0,0.0,1,JordanManual,CCCAGG,CJC,2017-12-28 13:46:57.087175
81,0.0004597,0.00046,0.0004597,0.00046,1514388600,0.0,0.0,1,JordanManual,CCCAGG,CJC,2017-12-28 13:46:57.087175
82,0.0004608,0.0004616,0.0004608,0.0004614,1514388780,0.0,0.0,1,JordanManual,CCCAGG,CJC,2017-12-28 13:46:57.087175
83,0.0004584,0.0004601,0.0004584,0.0004601,1514388960,0.0,0.0,1,JordanManual,CCCAGG,CJC,2017-12-28 13:46:57.087175
84,0.0004584,0.000459,0.0004584,0.000459,1514389140,0.0,0.0,1,JordanManual,CCCAGG,CJC,2017-12-28 13:46:57.087175
85,0.0004575,0.0004576,0.0004565,0.0004576,1514389320,0.0,0.0,1,JordanManual,CCCAGG,CJC,2017-12-28 13:46:57.087175
86,0.0004577,0.0004577,0.000457,0.0004571,1514389500,0.0,0.0,1,JordanManual,CCCAGG,CJC,2017-12-28 13:46:57.087175
87,0.0004589,0.0004589,0.000458,0.000458,1514389680,0.0,0.0,1,JordanManual,CCCAGG,CJC,2017-12-28 13:46:57.087175
88,0.0004593,0.0004593,0.0004586,0.0004586,1514389860,0.0,0.0,1,JordanManual,CCCAGG,CJC,2017-12-28 13:46:57.087175
89,0.0004591,0.0004594,0.000459,0.0004594,1514390040,0.0,0.0,1,JordanManual,CCCAGG,CJC,2017-12-28 13:46:57.087175
90,0.0004598,0.0004598,0.0004591,0.0004591,1514390220,0.0,0.0,1,JordanManual,CCCAGG,CJC,2017-12-28 13:46:57.087175
91,0.0004614,0.0004614,0.0004595,0.0004595,1514390400,0.0,0.0,1,JordanManual,CCCAGG,CJC,2017-12-28 13:46:57.087175
92,0.0004625,0.0004625,0.0004618,0.0004618,1514390580,0.0,0.0,1,JordanManual,CCCAGG,CJC,2017-12-28 13:46:57.087175
93,0.0004619,0.0004622,0.0004616,0.0004622,1514390760,0.0,0.0,1,JordanManual,CCCAGG,CJC,2017-12-28 13:46:57.087175
94,0.0004616,0.0004619,0.0004616,0.0004619,1514390940,0.0,0.0,1,JordanManual,CCCAGG,CJC,2017-12-28 13:46:57.087175
95,0.0004608,0.0004614,0.0004608,0.0004614,1514391120,0.0,0.0,1,JordanManual,CCCAGG,CJC,2017-12-28 13:46:57.087175
96,0.0004601,0.0004605,0.0004601,0.0004605,1514391300,0.0,0.0,1,JordanManual,CCCAGG,CJC,2017-12-28 13:46:57.087175
97,0.0004607,0.0004607,0.0004604,0.0004604,1514391480,0.0,0.0,1,JordanManual,CCCAGG,CJC,2017-12-28 13:46:57.087175
98,0.0004609,0.000461,0.0004609,0.0004609,1514391660,0.0,0.0,1,JordanManual,CCCAGG,CJC,2017-12-28 13:46:57.087175
99,0.0004612,0.0004612,0.0004606,0.0004606,1514391840,0.0,0.0,1,JordanManual,CCCAGG,CJC,2017-12-28 13:46:57.087175
100,0.0004569,0.0004584,0.0004569,0.0004584,1514392020,0.0,0.0,1,JordanManual,CCCAGG,CJC,2017-12-28 13:46:57.087175
101,0.0004527,0.0004552,0.0004527,0.0004552,1514392200,0.0,0.0,1,JordanManual,CCCAGG,CJC,2017-12-28 13:46:57.087175
102,0.0004463,0.0004526,0.0004463,0.0004526,1514392380,0.0,0.0,1,JordanManual,CCCAGG,CJC,2017-12-28 13:46:57.087175
103,0.0004442,0.0004467,0.0004442,0.0004467,1514392560,0.0,0.0,1,JordanManual,CCCAGG,CJC,2017-12-28 13:46:57.087175
104,0.0004465,0.0004465,0.0004432,0.0004432,1514392740,0.0,0.0,1,JordanManual,CCCAGG,CJC,2017-12-28 13:46:57.087175
105,0.0004472,0.0004472,0.0004445,0.0004445,1514392920,0.0,0.0,1,JordanManual,CCCAGG,CJC,2017-12-28 13:46:57.087175
106,0.0004464,0.0004464,0.0004457,0.0004457,1514393100,0.0,0.0,1,JordanManual,CCCAGG,CJC,2017-12-28 13:46:57.087175
107,0.000447,0.0004474,0.000447,0.0004474,1514393280,0.0,0.0,1,JordanManual,CCCAGG,CJC,2017-12-28 13:46:57.087175
108,0.0004447,0.0004474,0.0004447,0.0004474,1514393460,0.0,0.0,1,JordanManual,CCCAGG,CJC,2017-12-28 13:46:57.087175
109,0.0004415,0.0004442,0.0004415,0.0004442,1514393640,0.0,0.0,1,JordanManual,CCCAGG,CJC,2017-12-28 13:46:57.087175
110,0.0004434,0.0004434,0.0004424,0.0004434,1514393820,0.0,0.0,1,JordanManual,CCCAGG,CJC,2017-12-28 13:46:57.087175
111,0.0004391,0.000443,0.0004391,0.000443,1514394000,0.0,0.0,1,JordanManual,CCCAGG,CJC,2017-12-28 13:46:57.087175
112,0.0004384,0.0004398,0.0004371,0.0004371,1514394180,0.0,0.0,1,JordanManual,CCCAGG,CJC,2017-12-28 13:46:57.087175
113,0.0004403,0.0004403,0.0004364,0.0004364,1514394360,0.0,0.0,1,JordanManual,CCCAGG,CJC,2017-12-28 13:46:57.087175
114,0.0004436,0.0004436,0.0004406,0.0004406,1514394540,0.0,0.0,1,JordanManual,CCCAGG,CJC,2017-12-28 13:46:57.087175
115,0.0004432,0.0004447,0.0004432,0.0004446,1514394720,0.0,0.0,1,JordanManual,CCCAGG,CJC,2017-12-28 13:46:57.087175
116,0.0004424,0.0004433,0.0004424,0.0004428,1514394900,0.0,0.0,1,JordanManual,CCCAGG,CJC,2017-12-28 13:46:57.087175
117,0.0004433,0.0004434,0.0004429,0.0004429,1514395080,0.0,0.0,1,JordanManual,CCCAGG,CJC,2017-12-28 13:46:57.087175
118,0.000444,0.000444,0.0004431,0.0004431,1514395260,0.0,0.0,1,JordanManual,CCCAGG,CJC,2017-12-28 13:46:57.087175
119,0.0004449,0.0004449,0.0004446,0.0004448,1514395440,0.0,0.0,1,JordanManual,CCCAGG,CJC,2017-12-28 13:46:57.087175
120,0.0004475,0.0004475,0.0004463,0.0004463,1514395620,0.0,0.0,1,JordanManual,CCCAGG,CJC,2017-12-28 13:46:57.087175
121,0.0004468,0.0004478,0.0004459,0.0004478,1514395800,0.0,0.0,1,JordanManual,CCCAGG,CJC,2017-12-28 13:46:57.087175
122,0.0004478,0.0004478,0.0004472,0.0004477,1514395980,0.0,0.0,1,JordanManual,CCCAGG,CJC,2017-12-28 13:46:57.087175
123,0.0004493,0.0004495,0.0004486,0.0004486,1514396160,0.0,0.0,1,JordanManual,CCCAGG,CJC,2017-12-28 13:46:57.087175
124,0.0004498,0.00045,0.0004492,0.0004492,1514396340,0.0,0.0,1,JordanManual,CCCAGG,CJC,2017-12-28 13:46:57.087175
125,0.000446,0.0004496,0.000446,0.0004496,1514396520,0.0,0.0,1,JordanManual,CCCAGG,CJC,2017-12-28 13:46:57.087175
126,0.0004464,0.0004468,0.0004452,0.0004452,1514396700,0.0,0.0,1,JordanManual,CCCAGG,CJC,2017-12-28 13:46:57.087175
127,0.0004483,0.0004483,0.000447,0.000447,1514396880,0.0,0.0,1,JordanManual,CCCAGG,CJC,2017-12-28 13:46:57.087175
128,0.0004492,0.0004492,0.000449,0.000449,1514397060,0.0,0.0,1,JordanManual,CCCAGG,CJC,2017-12-28 13:46:57.087175
129,0.0004504,0.0004504,0.0004492,0.0004492,1514397240,0.0,0.0,1,JordanManual,CCCAGG,CJC,2017-12-28 13:46:57.087175
130,0.0004483,0.0004498,0.0004483,0.0004498,1514397420,0.0,0.0,1,JordanManual,CCCAGG,CJC,2017-12-28 13:46:57.087175
131,0.0004497,0.0004497,0.0004485,0.0004485,1514397600,0.0,0.0,1,JordanManual,CCCAGG,CJC,2017-12-28 13:46:57.087175
132,0.0004502,0.0004502,0.0004498,0.0004502,1514397780,0.0,0.0,1,JordanManual,CCCAGG,CJC,2017-12-28 13:46:57.087175
133,0.0004537,0.0004537,0.0004504,0.0004504,1514397960,0.0,0.0,1,JordanManual,CCCAGG,CJC,2017-12-28 13:46:57.087175
134,0.0004545,0.0004551,0.0004544,0.0004544,1514398140,0.0,0.0,1,JordanManual,CCCAGG,CJC,2017-12-28 13:46:57.087175
135,0.0004553,0.0004553,0.0004541,0.0004541,1514398320,0.0,0.0,1,JordanManual,CCCAGG,CJC,2017-12-28 13:46:57.087175
136,0.0004541,0.0004544,0.0004537,0.0004544,1514398500,0.0,0.0,1,JordanManual,CCCAGG,CJC,2017-12-28 13:46:57.087175
137,0.0004543,0.0004552,0.0004542,0.0004542,1514398680,0.0,0.0,1,JordanManual,CCCAGG,CJC,2017-12-28 13:46:57.087175
138,0.000455,0.0004551,0.0004549,0.0004551,1514398860,0.0,0.0,1,JordanManual,CCCAGG,CJC,2017-12-28 13:46:57.087175
139,0.0004512,0.0004545,0.0004512,0.0004545,1514399040,0.0,0.0,1,JordanManual,CCCAGG,CJC,2017-12-28 13:46:57.087175
140,0.0004491,0.0004496,0.0004484,0.0004496,1514399220,0.0,0.0,1,JordanManual,CCCAGG,CJC,2017-12-28 13:46:57.087175
141,0.0004481,0.0004491,0.000448,0.000448,1514399400,0.0,0.0,1,JordanManual,CCCAGG,CJC,2017-12-28 13:46:57.087175
142,0.0004456,0.000447,0.0004455,0.000447,1514399580,0.0,0.0,1,JordanManual,CCCAGG,CJC,2017-12-28 13:46:57.087175
143,0.0004482,0.0004482,0.0004476,0.0004478,1514399760,0.0,0.0,1,JordanManual,CCCAGG,CJC,2017-12-28 13:46:57.087175
144,0.0004503,0.0004503,0.0004495,0.0004495,1514399940,0.0,0.0,1,JordanManual,CCCAGG,CJC,2017-12-28 13:46:57.087175
145,0.0004521,0.0004524,0.0004514,0.0004514,1514400120,0.0,0.0,1,JordanManual,CCCAGG,CJC,2017-12-28 13:46:57.087175
146,0.0004505,0.0004515,0.0004505,0.0004515,1514400300,0.0,0.0,1,JordanManual,CCCAGG,CJC,2017-12-28 13:46:57.087175
147,0.0004512,0.0004512,0.000451,0.000451,1514400480,0.0,0.0,1,JordanManual,CCCAGG,CJC,2017-12-28 13:46:57.087175
148,0.0004512,0.0004515,0.0004512,0.0004515,1514400660,0.0,0.0,1,JordanManual,CCCAGG,CJC,2017-12-28 13:46:57.087175
149,0.0004496,0.0004504,0.0004496,0.0004504,1514400840,0.0,0.0,1,JordanManual,CCCAGG,CJC,2017-12-28 13:46:57.087175
150,0.0004511,0.0004511,0.0004497,0.0004497,1514401020,0.0,0.0,1,JordanManual,CCCAGG,CJC,2017-12-28 13:46:57.087175
151,0.0004525,0.0004525,0.0004516,0.0004516,1514401200,0.0,0.0,1,JordanManual,CCCAGG,CJC,2017-12-28 13:46:57.087175
152,0.0004549,0.0004549,0.0004523,0.0004523,1514401380,0.0,0.0,1,JordanManual,CCCAGG,CJC,2017-12-28 13:46:57.087175
153,0.0004538,0.0004551,0.0004538,0.0004551,1514401560,0.0,0.0,1,JordanManual,CCCAGG,CJC,2017-12-28 13:46:57.087175
154,0.0004549,0.0004549,0.0004545,0.0004545,1514401740,0.0,0.0,1,JordanManual,CCCAGG,CJC,2017-12-28 13:46:57.087175
155,0.0004572,0.0004572,0.0004554,0.0004554,1514401920,0.0,0.0,1,JordanManual,CCCAGG,CJC,2017-12-28 13:46:57.087175
156,0.0004563,0.0004579,0.0004563,0.0004579,1514402100,0.0,0.0,1,JordanManual,CCCAGG,CJC,2017-12-28 13:46:57.087175
157,0.0004564,0.0004567,0.0004559,0.0004559,1514402280,0.0,0.0,1,JordanManual,CCCAGG,CJC,2017-12-28 13:46:57.087175
158,0.0004571,0.0004571,0.0004564,0.0004564,1514402460,0.0,0.0,1,JordanManual,CCCAGG,CJC,2017-12-28 13:46:57.087175
159,0.0004562,0.000457,0.0004562,0.000457,1514402640,0.0,0.0,1,JordanManual,CCCAGG,CJC,2017-12-28 13:46:57.087175
160,0.0004553,0.0004553,0.0004545,0.0004545,1514402820,0.0,0.0,1,JordanManual,CCCAGG,CJC,2017-12-28 13:46:57.087175
161,0.0004534,0.0004551,0.0004534,0.0004551,1514403000,0.0,0.0,1,JordanManual,CCCAGG,CJC,2017-12-28 13:46:57.087175
162,0.0004527,0.0004527,0.0004524,0.0004525,1514403180,0.0,0.0,1,JordanManual,CCCAGG,CJC,2017-12-28 13:46:57.087175
163,0.0004534,0.0004534,0.0004523,0.0004524,1514403360,0.0,0.0,1,JordanManual,CCCAGG,CJC,2017-12-28 13:46:57.087175
164,0.0004534,0.0004537,0.0004533,0.0004537,1514403540,0.0,0.0,1,JordanManual,CCCAGG,CJC,2017-12-28 13:46:57.087175
165,0.0004507,0.0004527,0.0004507,0.0004527,1514403720,0.0,0.0,1,JordanManual,CCCAGG,CJC,2017-12-28 13:46:57.087175
166,0.0004493,0.0004496,0.000448,0.0004496,1514403900,0.0,0.0,1,JordanManual,CCCAGG,CJC,2017-12-28 13:46:57.087175
167,0.0004487,0.0004494,0.0004487,0.0004494,1514404080,0.0,0.0,1,JordanManual,CCCAGG,CJC,2017-12-28 13:46:57.087175
168,0.0004443,0.0004474,0.0004443,0.0004474,1514404260,0.0,0.0,1,JordanManual,CCCAGG,CJC,2017-12-28 13:46:57.087175
169,0.0004455,0.0004455,0.0004441,0.0004441,1514404440,0.0,0.0,1,JordanManual,CCCAGG,CJC,2017-12-28 13:46:57.087175
170,0.000446,0.000446,0.0004451,0.0004451,1514404620,0.0,0.0,1,JordanManual,CCCAGG,CJC,2017-12-28 13:46:57.087175
171,0.0004499,0.0004499,0.0004486,0.0004486,1514404800,0.0,0.0,1,JordanManual,CCCAGG,CJC,2017-12-28 13:46:57.087175
172,0.0004488,0.0004498,0.0004488,0.0004498,1514404980,0.0,0.0,1,JordanManual,CCCAGG,CJC,2017-12-28 13:46:57.087175
173,0.0004476,0.0004483,0.0004474,0.0004483,1514405160,0.0,0.0,1,JordanManual,CCCAGG,CJC,2017-12-28 13:46:57.087175
174,0.0004453,0.0004472,0.0004453,0.0004472,1514405340,0.0,0.0,1,JordanManual,CCCAGG,CJC,2017-12-28 13:46:57.087175
175,0.0004447,0.0004456,0.0004446,0.0004456,1514405520,0.0,0.0,1,JordanManual,CCCAGG,CJC,2017-12-28 13:46:57.087175
176,0.0004469,0.0004469,0.0004446,0.0004446,1514405700,0.0,0.0,1,JordanManual,CCCAGG,CJC,2017-12-28 13:46:57.087175
177,0.0004463,0.0004463,0.000446,0.000446,1514405880,0.0,0.0,1,JordanManual,CCCAGG,CJC,2017-12-28 13:46:57.087175
178,0.000448,0.000448,0.0004463,0.0004463,1514406060,0.0,0.0,1,JordanManual,CCCAGG,CJC,2017-12-28 13:46:57.087175
179,0.0004479,0.0004493,0.0004479,0.0004485,1514406240,0.0,0.0,1,JordanManual,CCCAGG,CJC,2017-12-28 13:46:57.087175
180,0.0004449,0.0004464,0.0004449,0.0004464,1514406420,0.0,0.0,1,JordanManual,CCCAGG,CJC,2017-12-28 13:46:57.087175
181,0.0004405,0.0004436,0.0004405,0.0004436,1514406600,0.0,0.0,1,JordanManual,CCCAGG,CJC,2017-12-28 13:46:57.087175
182,0.0004413,0.0004425,0.0004395,0.0004425,1514406780,0.0,0.0,1,JordanManual,CCCAGG,CJC,2017-12-28 13:46:57.087175
183,0.0004408,0.0004424,0.0004401,0.0004424,1514406960,0.0,0.0,1,JordanManual,CCCAGG,CJC,2017-12-28 13:46:57.087175
184,0.0004429,0.0004429,0.0004406,0.0004406,1514407140,0.0,0.0,1,JordanManual,CCCAGG,CJC,2017-12-28 13:46:57.087175
185,0.000443,0.000443,0.0004423,0.0004423,1514407320,0.0,0.0,1,JordanManual,CCCAGG,CJC,2017-12-28 13:46:57.087175
186,0.0004444,0.0004444,0.000443,0.000443,1514407500,0.0,0.0,1,JordanManual,CCCAGG,CJC,2017-12-28 13:46:57.087175
187,0.0004448,0.0004458,0.0004448,0.000445,1514407680,0.0,0.0,1,JordanManual,CCCAGG,CJC,2017-12-28 13:46:57.087175
188,0.0004455,0.0004455,0.0004446,0.0004449,1514407860,0.0,0.0,1,JordanManual,CCCAGG,CJC,2017-12-28 13:46:57.087175
189,0.0004433,0.0004453,0.0004433,0.0004453,1514408040,0.0,0.0,1,JordanManual,CCCAGG,CJC,2017-12-28 13:46:57.087175
190,0.0004434,0.0004445,0.0004434,0.0004434,1514408220,0.0,0.0,1,JordanManual,CCCAGG,CJC,2017-12-28 13:46:57.087175
191,0.0004427,0.000443,0.0004426,0.000443,1514408400,0.0,0.0,1,JordanManual,CCCAGG,CJC,2017-12-28 13:46:57.087175
192,0.0004466,0.0004466,0.000444,0.000444,1514408580,0.0,0.0,1,JordanManual,CCCAGG,CJC,2017-12-28 13:46:57.087175
193,0.00045,0.00045,0.0004481,0.0004481,1514408760,0.0,0.0,1,JordanManual,CCCAGG,CJC,2017-12-28 13:46:57.087175
194,0.0004513,0.0004528,0.0004513,0.0004519,1514408940,0.0,0.0,1,JordanManual,CCCAGG,CJC,2017-12-28 13:46:57.087175
195,0.0004526,0.0004526,0.0004513,0.0004513,1514409120,0.0,0.0,1,JordanManual,CCCAGG,CJC,2017-12-28 13:46:57.087175
196,0.0004517,0.0004525,0.0004517,0.0004525,1514409300,0.0,0.0,1,JordanManual,CCCAGG,CJC,2017-12-28 13:46:57.087175
197,0.0004523,0.0004523,0.0004512,0.0004512,1514409480,0.0,0.0,1,JordanManual,CCCAGG,CJC,2017-12-28 13:46:57.087175
198,0.0004567,0.0004567,0.0004538,0.0004538,1514409660,0.0,0.0,1,JordanManual,CCCAGG,CJC,2017-12-28 13:46:57.087175
199,0.0004557,0.0004578,0.0004557,0.0004578,1514409840,0.0,0.0,1,JordanManual,CCCAGG,CJC,2017-12-28 13:46:57.087175
200,0.0004569,0.0004569,0.0004564,0.0004568,1514410020,0.0,0.0,1,JordanManual,CCCAGG,CJC,2017-12-28 13:46:57.087175
201,0.0004553,0.0004564,0.0004553,0.0004564,1514410200,0.0,0.0,1,JordanManual,CCCAGG,CJC,2017-12-28 13:46:57.087175
202,0.0004552,0.0004552,0.000455,0.0004551,1514410380,0.0,0.0,1,JordanManual,CCCAGG,CJC,2017-12-28 13:46:57.087175
203,0.0004563,0.0004563,0.0004559,0.0004559,1514410560,0.0,0.0,1,JordanManual,CCCAGG,CJC,2017-12-28 13:46:57.087175
204,0.0004562,0.0004564,0.0004558,0.0004558,1514410740,0.0,0.0,1,JordanManual,CCCAGG,CJC,2017-12-28 13:46:57.087175
205,0.0004525,0.0004551,0.0004525,0.0004551,1514410920,0.0,0.0,1,JordanManual,CCCAGG,CJC,2017-12-28 13:46:57.087175
206,0.0004552,0.0004552,0.0004538,0.0004538,1514411100,0.0,0.0,1,JordanManual,CCCAGG,CJC,2017-12-28 13:46:57.087175
207,0.0004547,0.0004547,0.0004542,0.0004546,1514411280,0.0,0.0,1,JordanManual,CCCAGG,CJC,2017-12-28 13:46:57.087175
208,0.0004554,0.0004554,0.0004543,0.000455,1514411460,0.0,0.0,1,JordanManual,CCCAGG,CJC,2017-12-28 13:46:57.087175
209,0.0004546,0.0004553,0.0004546,0.000455,1514411640,0.0,0.0,1,JordanManual,CCCAGG,CJC,2017-12-28 13:46:57.087175
210,0.0004566,0.0004566,0.0004549,0.0004549,1514411820,0.0,0.0,1,JordanManual,CCCAGG,CJC,2017-12-28 13:46:57.087175
211,0.0004561,0.0004572,0.0004561,0.0004572,1514412000,0.0,0.0,1,JordanManual,CCCAGG,CJC,2017-12-28 13:46:57.087175
212,0.0004568,0.0004568,0.0004554,0.0004554,1514412180,0.0,0.0,1,JordanManual,CCCAGG,CJC,2017-12-28 13:46:57.087175
213,0.0004556,0.0004565,0.0004556,0.0004565,1514412360,0.0,0.0,1,JordanManual,CCCAGG,CJC,2017-12-28 13:46:57.087175
214,0.0004558,0.000456,0.0004557,0.0004557,1514412540,0.0,0.0,1,JordanManual,CCCAGG,CJC,2017-12-28 13:46:57.087175
215,0.0004562,0.0004562,0.0004559,0.0004559,1514412720,0.0,0.0,1,JordanManual,CCCAGG,CJC,2017-12-28 13:46:57.087175
216,0.0004589,0.0004589,0.0004569,0.0004569,1514412900,0.0,0.0,1,JordanManual,CCCAGG,CJC,2017-12-28 13:46:57.087175
217,0.0004605,0.0004605,0.0004589,0.0004589,1514413080,0.0,0.0,1,JordanManual,CCCAGG,CJC,2017-12-28 13:46:57.087175
218,0.0004602,0.0004602,0.0004599,0.00046,1514413260,0.0,0.0,1,JordanManual,CCCAGG,CJC,2017-12-28 13:46:57.087175
219,0.0004617,0.0004617,0.0004612,0.0004612,1514413440,0.0,0.0,1,JordanManual,CCCAGG,CJC,2017-12-28 13:46:57.087175
220,0.0004616,0.0004617,0.0004616,0.0004617,1514413620,0.0,0.0,1,JordanManual,CCCAGG,CJC,2017-12-28 13:46:57.087175
221,0.0004625,0.0004625,0.0004617,0.0004617,1514413800,0.0,0.0,1,JordanManual,CCCAGG,CJC,2017-12-28 13:46:57.087175
222,0.0004643,0.0004643,0.0004637,0.0004637,1514413980,0.0,0.0,1,JordanManual,CCCAGG,CJC,2017-12-28 13:46:57.087175
223,0.000464,0.0004645,0.000464,0.0004643,1514414160,0.0,0.0,1,JordanManual,CCCAGG,CJC,2017-12-28 13:46:57.087175
224,0.000463,0.0004633,0.000463,0.0004633,1514414340,0.0,0.0,1,JordanManual,CCCAGG,CJC,2017-12-28 13:46:57.087175
225,0.0004609,0.0004618,0.0004609,0.0004618,1514414520,0.0,0.0,1,JordanManual,CCCAGG,CJC,2017-12-28 13:46:57.087175
226,0.0004627,0.0004628,0.0004613,0.0004613,1514414700,0.0,0.0,1,JordanManual,CCCAGG,CJC,2017-12-28 13:46:57.087175
227,0.0004618,0.0004628,0.0004618,0.0004628,1514414880,0.0,0.0,1,JordanManual,CCCAGG,CJC,2017-12-28 13:46:57.087175
228,0.0004617,0.0004618,0.0004617,0.0004617,1514415060,0.0,0.0,1,JordanManual,CCCAGG,CJC,2017-12-28 13:46:57.087175
229,0.0004605,0.0004617,0.0004605,0.0004617,1514415240,0.0,0.0,1,JordanManual,CCCAGG,CJC,2017-12-28 13:46:57.087175
230,0.0004595,0.0004595,0.0004594,0.0004594,1514415420,0.0,0.0,1,JordanManual,CCCAGG,CJC,2017-12-28 13:46:57.087175
231,0.0004595,0.00046,0.0004595,0.00046,1514415600,0.0,0.0,1,JordanManual,CCCAGG,CJC,2017-12-28 13:46:57.087175
232,0.0004577,0.0004589,0.0004577,0.0004589,1514415780,0.0,0.0,1,JordanManual,CCCAGG,CJC,2017-12-28 13:46:57.087175
233,0.0004586,0.0004586,0.000458,0.000458,1514415960,0.0,0.0,1,JordanManual,CCCAGG,CJC,2017-12-28 13:46:57.087175
234,0.000459,0.000459,0.0004583,0.0004583,1514416140,0.0,0.0,1,JordanManual,CCCAGG,CJC,2017-12-28 13:46:57.087175
235,0.0004611,0.0004611,0.0004598,0.0004598,1514416320,0.0,0.0,1,JordanManual,CCCAGG,CJC,2017-12-28 13:46:57.087175
236,0.00046,0.0004613,0.00046,0.0004613,1514416500,0.0,0.0,1,JordanManual,CCCAGG,CJC,2017-12-28 13:46:57.087175
237,0.0004605,0.0004605,0.0004597,0.0004597,1514416680,0.0,0.0,1,JordanManual,CCCAGG,CJC,2017-12-28 13:46:57.087175
238,0.0004619,0.0004619,0.0004602,0.0004602,1514416860,0.0,0.0,1,JordanManual,CCCAGG,CJC,2017-12-28 13:46:57.087175
239,0.0004625,0.0004625,0.0004619,0.0004619,1514417040,0.0,0.0,1,JordanManual,CCCAGG,CJC,2017-12-28 13:46:57.087175
240,0.0004623,0.0004623,0.0004623,0.0004623,1514417220,0.0,0.0,1,JordanManual,CCCAGG,CJC,2017-12-28 13:46:57.087175
241,0.0004622,0.0004622,0.0004619,0.0004621,1514417400,0.0,0.0,1,JordanManual,CCCAGG,CJC,2017-12-28 13:46:57.087175
242,0.0004628,0.0004628,0.0004625,0.0004625,1514417580,0.0,0.0,1,JordanManual,CCCAGG,CJC,2017-12-28 13:46:57.087175
243,0.0004641,0.0004643,0.0004639,0.0004639,1514417760,0.0,0.0,1,JordanManual,CCCAGG,CJC,2017-12-28 13:46:57.087175
244,0.0003093,0.0004648,0.0003093,0.0004644,1514417940,10000.0,3.09,1,JordanManual,CCCAGG,CJC,2017-12-28 13:46:57.087175
245,0.0003095,0.0003095,0.0003091,0.0003091,1514418120,0.0,0.0,1,JordanManual,CCCAGG,CJC,2017-12-28 13:46:57.087175
246,0.0003096,0.0003101,0.0003096,0.0003101,1514418300,0.0,0.0,1,JordanManual,CCCAGG,CJC,2017-12-28 13:46:57.087175
247,0.0003093,0.0003096,0.0003092,0.0003096,1514418480,0.0,0.0,1,JordanManual,CCCAGG,CJC,2017-12-28 13:46:57.087175
248,0.0003083,0.0003092,0.0003083,0.0003092,1514418660,0.0,0.0,1,JordanManual,CCCAGG,CJC,2017-12-28 13:46:57.087175
249,0.0003085,0.0003085,0.0003081,0.0003085,1514418840,0.0,0.0,1,JordanManual,CCCAGG,CJC,2017-12-28 13:46:57.087175
250,0.0003083,0.0003084,0.0003083,0.0003083,1514419020,0.0,0.0,1,JordanManual,CCCAGG,CJC,2017-12-28 13:46:57.087175
251,0.0003093,0.0003093,0.0003087,0.0003087,1514419200,0.0,0.0,1,JordanManual,CCCAGG,CJC,2017-12-28 13:46:57.087175
252,0.0003087,0.0003092,0.0003087,0.0003092,1514419380,0.0,0.0,1,JordanManual,CCCAGG,CJC,2017-12-28 13:46:57.087175
253,0.0003087,0.0003087,0.0003083,0.0003083,1514419560,0.0,0.0,1,JordanManual,CCCAGG,CJC,2017-12-28 13:46:57.087175
254,0.0003093,0.0003093,0.0003089,0.0003089,1514419740,0.0,0.0,1,JordanManual,CCCAGG,CJC,2017-12-28 13:46:57.087175
255,0.0003091,0.0003092,0.0003091,0.0003092,1514419920,0.0,0.0,1,JordanManual,CCCAGG,CJC,2017-12-28 13:46:57.087175
256,0.0003092,0.0003092,0.000309,0.000309,1514420100,0.0,0.0,1,JordanManual,CCCAGG,CJC,2017-12-28 13:46:57.087175
257,0.000309,0.0003091,0.000309,0.0003091,1514420280,0.0,0.0,1,JordanManual,CCCAGG,CJC,2017-12-28 13:46:57.087175
258,0.0003086,0.0003089,0.0003086,0.0003089,1514420460,0.0,0.0,1,JordanManual,CCCAGG,CJC,2017-12-28 13:46:57.087175
259,0.0003071,0.0003084,0.0003071,0.0003084,1514420640,0.0,0.0,1,JordanManual,CCCAGG,CJC,2017-12-28 13:46:57.087175
260,0.0003059,0.0003065,0.0003059,0.0003065,1514420820,0.0,0.0,1,JordanManual,CCCAGG,CJC,2017-12-28 13:46:57.087175
261,0.0003046,0.0003052,0.0003041,0.0003052,1514421000,0.0,0.0,1,JordanManual,CCCAGG,CJC,2017-12-28 13:46:57.087175
262,0.0003043,0.0003043,0.0003036,0.0003036,1514421180,0.0,0.0,1,JordanManual,CCCAGG,CJC,2017-12-28 13:46:57.087175
263,0.0003042,0.0003044,0.0003042,0.0003043,1514421360,0.0,0.0,1,JordanManual,CCCAGG,CJC,2017-12-28 13:46:57.087175
264,0.0003047,0.0003048,0.0003047,0.0003048,1514421540,0.0,0.0,1,JordanManual,CCCAGG,CJC,2017-12-28 13:46:57.087175
265,0.0003047,0.0003048,0.0003047,0.0003047,1514421720,0.0,0.0,1,JordanManual,CCCAGG,CJC,2017-12-28 13:46:57.087175
266,0.0003024,0.0003044,0.0003024,0.0003044,1514421900,0.0,0.0,1,JordanManual,CCCAGG,CJC,2017-12-28 13:46:57.087175
267,0.0003025,0.0003028,0.0003023,0.0003023,1514422080,0.0,0.0,1,JordanManual,CCCAGG,CJC,2017-12-28 13:46:57.087175
268,0.0003026,0.0003026,0.000302,0.000302,1514422260,0.0,0.0,1,JordanManual,CCCAGG,CJC,2017-12-28 13:46:57.087175
269,0.0003035,0.0003036,0.0003031,0.0003031,1514422440,0.0,0.0,1,JordanManual,CCCAGG,CJC,2017-12-28 13:46:57.087175
270,0.0003041,0.0003041,0.0003037,0.0003037,1514422620,0.0,0.0,1,JordanManual,CCCAGG,CJC,2017-12-28 13:46:57.087175
271,0.000304,0.0003046,0.000304,0.0003042,1514422800,0.0,0.0,1,JordanManual,CCCAGG,CJC,2017-12-28 13:46:57.087175
272,0.0003054,0.0003054,0.0003043,0.0003043,1514422980,0.0,0.0,1,JordanManual,CCCAGG,CJC,2017-12-28 13:46:57.087175
273,0.0003057,0.0003057,0.0003054,0.0003054,1514423160,0.0,0.0,1,JordanManual,CCCAGG,CJC,2017-12-28 13:46:57.087175
274,0.0003049,0.0003054,0.0003049,0.0003054,1514423340,0.0,0.0,1,JordanManual,CCCAGG,CJC,2017-12-28 13:46:57.087175
275,0.0003036,0.0003046,0.0003036,0.0003046,1514423520,0.0,0.0,1,JordanManual,CCCAGG,CJC,2017-12-28 13:46:57.087175
276,0.0003049,0.0003049,0.0003045,0.0003045,1514423700,0.0,0.0,1,JordanManual,CCCAGG,CJC,2017-12-28 13:46:57.087175
277,0.0003049,0.000305,0.0003049,0.000305,1514423880,0.0,0.0,1,JordanManual,CCCAGG,CJC,2017-12-28 13:46:57.087175
278,0.0003061,0.0003061,0.0003054,0.0003054,1514424060,0.0,0.0,1,JordanManual,CCCAGG,CJC,2017-12-28 13:46:57.087175
279,0.0003073,0.0003073,0.0003067,0.0003067,1514424240,0.0,0.0,1,JordanManual,CCCAGG,CJC,2017-12-28 13:46:57.087175
280,0.0003078,0.0003078,0.0003072,0.0003072,1514424420,0.0,0.0,1,JordanManual,CCCAGG,CJC,2017-12-28 13:46:57.087175
281,0.0003082,0.0003082,0.0003078,0.0003078,1514424600,0.0,0.0,1,JordanManual,CCCAGG,CJC,2017-12-28 13:46:57.087175
282,0.000308,0.0003082,0.000308,0.000308,1514424780,0.0,0.0,1,JordanManual,CCCAGG,CJC,2017-12-28 13:46:57.087175
283,0.0003072,0.0003077,0.0003072,0.0003077,1514424960,0.0,0.0,1,JordanManual,CCCAGG,CJC,2017-12-28 13:46:57.087175
284,0.0003067,0.0003068,0.0003067,0.0003068,1514425140,0.0,0.0,1,JordanManual,CCCAGG,CJC,2017-12-28 13:46:57.087175
285,0.000307,0.000307,0.0003069,0.0003069,1514425320,0.0,0.0,1,JordanManual,CCCAGG,CJC,2017-12-28 13:46:57.087175
286,0.0003077,0.0003077,0.0003071,0.0003071,1514425500,0.0,0.0,1,JordanManual,CCCAGG,CJC,2017-12-28 13:46:57.087175
287,0.0003075,0.0003076,0.0003075,0.0003076,1514425680,0.0,0.0,1,JordanManual,CCCAGG,CJC,2017-12-28 13:46:57.087175
288,0.0003076,0.0003076,0.0003073,0.0003073,1514425860,0.0,0.0,1,JordanManual,CCCAGG,CJC,2017-12-28 13:46:57.087175
289,0.0003081,0.0003081,0.0003075,0.0003075,1514426040,0.0,0.0,1,JordanManual,CCCAGG,CJC,2017-12-28 13:46:57.087175
290,0.0003091,0.0003091,0.0003086,0.0003086,1514426220,0.0,0.0,1,JordanManual,CCCAGG,CJC,2017-12-28 13:46:57.087175
291,0.00031,0.0003101,0.0003098,0.0003098,1514426400,0.0,0.0,1,JordanManual,CCCAGG,CJC,2017-12-28 13:46:57.087175
292,0.0003085,0.0003095,0.0003085,0.0003095,1514426580,0.0,0.0,1,JordanManual,CCCAGG,CJC,2017-12-28 13:46:57.087175
293,0.000309,0.0003092,0.000309,0.0003092,1514426760,0.0,0.0,1,JordanManual,CCCAGG,CJC,2017-12-28 13:46:57.087175
294,0.0003074,0.0003082,0.0003074,0.0003082,1514426940,0.0,0.0,1,JordanManual,CCCAGG,CJC,2017-12-28 13:46:57.087175
295,0.0003057,0.0003074,0.0003057,0.0003074,1514427120,0.0,0.0,1,JordanManual,CCCAGG,CJC,2017-12-28 13:46:57.087175
296,0.0003058,0.0003062,0.0003058,0.000306,1514427300,0.0,0.0,1,JordanManual,CCCAGG,CJC,2017-12-28 13:46:57.087175
297,0.0003051,0.0003054,0.0003051,0.0003054,1514427480,0.0,0.0,1,JordanManual,CCCAGG,CJC,2017-12-28 13:46:57.087175
298,0.0003053,0.0003054,0.0003053,0.0003053,1514427660,0.0,0.0,1,JordanManual,CCCAGG,CJC,2017-12-28 13:46:57.087175
299,0.0003057,0.0003058,0.0003055,0.0003055,1514427840,0.0,0.0,1,JordanManual,CCCAGG,CJC,2017-12-28 13:46:57.087175
300,0.0003055,0.0003056,0.0003055,0.0003056,1514428020,0.0,0.0,1,JordanManual,CCCAGG,CJC,2017-12-28 13:46:57.087175
301,0.0003031,0.0003044,0.0003031,0.0003044,1514428200,0.0,0.0,1,JordanManual,CCCAGG,CJC,2017-12-28 13:46:57.087175
302,0.0003029,0.0003036,0.0003029,0.0003036,1514428380,0.0,0.0,1,JordanManual,CCCAGG,CJC,2017-12-28 13:46:57.087175
303,0.0002994,0.0003035,0.0002994,0.0003035,1514428560,0.0,0.0,1,JordanManual,CCCAGG,CJC,2017-12-28 13:46:57.087175
304,0.000298,0.000298,0.000297,0.0002975,1514428740,0.0,0.0,1,JordanManual,CCCAGG,CJC,2017-12-28 13:46:57.087175
305,0.0002949,0.0002973,0.0002949,0.0002973,1514428920,0.0,0.0,1,JordanManual,CCCAGG,CJC,2017-12-28 13:46:57.087175
306,0.0002914,0.0002934,0.0002914,0.0002934,1514429100,0.0,0.0,1,JordanManual,CCCAGG,CJC,2017-12-28 13:46:57.087175
307,0.000288,0.0002897,0.000288,0.0002897,1514429280,0.0,0.0,1,JordanManual,CCCAGG,CJC,2017-12-28 13:46:57.087175
308,0.0002816,0.0002848,0.0002816,0.0002848,1514429460,0.0,0.0,1,JordanManual,CCCAGG,CJC,2017-12-28 13:46:57.087175
309,0.0002882,0.0002882,0.0002861,0.0002861,1514429640,0.0,0.0,1,JordanManual,CCCAGG,CJC,2017-12-28 13:46:57.087175
310,0.0002856,0.0002892,0.0002856,0.0002892,1514429820,0.0,0.0,1,JordanManual,CCCAGG,CJC,2017-12-28 13:46:57.087175
311,0.0002892,0.0002892,0.0002858,0.0002858,1514430000,0.0,0.0,1,JordanManual,CCCAGG,CJC,2017-12-28 13:46:57.087175
312,0.0002865,0.0002882,0.0002865,0.0002874,1514430180,0.0,0.0,1,JordanManual,CCCAGG,CJC,2017-12-28 13:46:57.087175
313,0.0002855,0.0002855,0.0002839,0.0002845,1514430360,0.0,0.0,1,JordanManual,CCCAGG,CJC,2017-12-28 13:46:57.087175
314,0.0002858,0.0002872,0.0002858,0.0002872,1514430540,0.0,0.0,1,JordanManual,CCCAGG,CJC,2017-12-28 13:46:57.087175
315,0.0002901,0.0002906,0.0002889,0.0002889,1514430720,0.0,0.0,1,JordanManual,CCCAGG,CJC,2017-12-28 13:46:57.087175
316,0.0002913,0.0002913,0.0002902,0.0002902,1514430900,0.0,0.0,1,JordanManual,CCCAGG,CJC,2017-12-28 13:46:57.087175
317,0.0002911,0.0002911,0.0002905,0.0002905,1514431080,0.0,0.0,1,JordanManual,CCCAGG,CJC,2017-12-28 13:46:57.087175
318,0.0002916,0.000292,0.0002916,0.000292,1514431260,0.0,0.0,1,JordanManual,CCCAGG,CJC,2017-12-28 13:46:57.087175
319,0.0002908,0.0002908,0.0002901,0.0002901,1514431440,0.0,0.0,1,JordanManual,CCCAGG,CJC,2017-12-28 13:46:57.087175
320,0.0002857,0.0002902,0.0002857,0.0002902,1514431620,0.0,0.0,1,JordanManual,CCCAGG,CJC,2017-12-28 13:46:57.087175
321,0.0002875,0.0002877,0.0002873,0.0002873,1514431800,0.0,0.0,1,JordanManual,CCCAGG,CJC,2017-12-28 13:46:57.087175
322,0.000283,0.0002866,0.000283,0.0002866,1514431980,0.0,0.0,1,JordanManual,CCCAGG,CJC,2017-12-28 13:46:57.087175
323,0.000279,0.0002821,0.000279,0.0002821,1514432160,0.0,0.0,1,JordanManual,CCCAGG,CJC,2017-12-28 13:46:57.087175
324,0.0002839,0.0002839,0.0002783,0.0002783,1514432340,0.0,0.0,1,JordanManual,CCCAGG,CJC,2017-12-28 13:46:57.087175
325,0.0002848,0.0002848,0.0002824,0.0002824,1514432520,0.0,0.0,1,JordanManual,CCCAGG,CJC,2017-12-28 13:46:57.087175
326,0.0002861,0.0002865,0.0002853,0.0002865,1514432700,0.0,0.0,1,JordanManual,CCCAGG,CJC,2017-12-28 13:46:57.087175
327,0.000286,0.0002864,0.0002856,0.0002856,1514432880,0.0,0.0,1,JordanManual,CCCAGG,CJC,2017-12-28 13:46:57.087175
328,0.0002888,0.0002893,0.0002868,0.0002868,1514433060,0.0,0.0,1,JordanManual,CCCAGG,CJC,2017-12-28 13:46:57.087175
329,0.000289,0.0002896,0.0002889,0.0002889,1514433240,0.0,0.0,1,JordanManual,CCCAGG,CJC,2017-12-28 13:46:57.087175
330,0.0002872,0.0002877,0.0002872,0.0002875,1514433420,0.0,0.0,1,JordanManual,CCCAGG,CJC,2017-12-28 13:46:57.087175
331,0.0002865,0.0002885,0.0002865,0.0002885,1514433600,0.0,0.0,1,JordanManual,CCCAGG,CJC,2017-12-28 13:46:57.087175
332,0.0002829,0.0002862,0.0002829,0.0002862,1514433780,0.0,0.0,1,JordanManual,CCCAGG,CJC,2017-12-28 13:46:57.087175
333,0.0002844,0.0002846,0.0002829,0.0002829,1514433960,0.0,0.0,1,JordanManual,CCCAGG,CJC,2017-12-28 13:46:57.087175
334,0.0002871,0.0002871,0.0002856,0.0002856,1514434140,0.0,0.0,1,JordanManual,CCCAGG,CJC,2017-12-28 13:46:57.087175
335,0.000287,0.0002872,0.0002868,0.0002868,1514434320,0.0,0.0,1,JordanManual,CCCAGG,CJC,2017-12-28 13:46:57.087175
336,0.0002883,0.0002883,0.0002869,0.0002869,1514434500,0.0,0.0,1,JordanManual,CCCAGG,CJC,2017-12-28 13:46:57.087175
337,0.0002889,0.0002901,0.0002889,0.0002899,1514434680,0.0,0.0,1,JordanManual,CCCAGG,CJC,2017-12-28 13:46:57.087175
338,0.0002912,0.0002912,0.0002894,0.0002894,1514434860,0.0,0.0,1,JordanManual,CCCAGG,CJC,2017-12-28 13:46:57.087175
339,0.0002909,0.0002914,0.0002909,0.0002914,1514435040,0.0,0.0,1,JordanManual,CCCAGG,CJC,2017-12-28 13:46:57.087175
340,0.0002913,0.0002913,0.0002899,0.0002899,1514435220,0.0,0.0,1,JordanManual,CCCAGG,CJC,2017-12-28 13:46:57.087175
341,0.0002928,0.0002935,0.0002925,0.0002925,1514435400,0.0,0.0,1,JordanManual,CCCAGG,CJC,2017-12-28 13:46:57.087175
342,0.000292,0.0002926,0.000292,0.0002926,1514435580,0.0,0.0,1,JordanManual,CCCAGG,CJC,2017-12-28 13:46:57.087175
343,0.0002905,0.0002907,0.0002903,0.0002903,1514435760,0.0,0.0,1,JordanManual,CCCAGG,CJC,2017-12-28 13:46:57.087175
344,0.0002907,0.0002907,0.0002904,0.0002907,1514435940,0.0,0.0,1,JordanManual,CCCAGG,CJC,2017-12-28 13:46:57.087175
345,0.000291,0.000291,0.0002908,0.000291,1514436120,0.0,0.0,1,JordanManual,CCCAGG,CJC,2017-12-28 13:46:57.087175
346,0.0002882,0.0002902,0.0002874,0.0002902,1514436300,0.0,0.0,1,JordanManual,CCCAGG,CJC,2017-12-28 13:46:57.087175
347,0.0002894,0.0002894,0.0002885,0.0002885,1514436480,0.0,0.0,1,JordanManual,CCCAGG,CJC,2017-12-28 13:46:57.087175
348,0.0002871,0.0002895,0.0002871,0.0002895,1514436660,0.0,0.0,1,JordanManual,CCCAGG,CJC,2017-12-28 13:46:57.087175
349,0.000287,0.0002877,0.000287,0.0002871,1514436840,0.0,0.0,1,JordanManual,CCCAGG,CJC,2017-12-28 13:46:57.087175
350,0.0002877,0.0002877,0.000287,0.0002871,1514437020,0.0,0.0,1,JordanManual,CCCAGG,CJC,2017-12-28 13:46:57.087175
351,0.0002886,0.0002888,0.0002883,0.0002883,1514437200,0.0,0.0,1,JordanManual,CCCAGG,CJC,2017-12-28 13:46:57.087175
352,0.0002866,0.0002875,0.0002866,0.0002875,1514437380,0.0,0.0,1,JordanManual,CCCAGG,CJC,2017-12-28 13:46:57.087175
353,0.0002835,0.0002864,0.0002835,0.0002864,1514437560,0.0,0.0,1,JordanManual,CCCAGG,CJC,2017-12-28 13:46:57.087175
354,0.000284,0.0002843,0.0002839,0.0002843,1514437740,0.0,0.0,1,JordanManual,CCCAGG,CJC,2017-12-28 13:46:57.087175
355,0.0002821,0.0002842,0.0002821,0.0002842,1514437920,0.0,0.0,1,JordanManual,CCCAGG,CJC,2017-12-28 13:46:57.087175
356,0.0002815,0.0002829,0.0002815,0.0002829,1514438100,0.0,0.0,1,JordanManual,CCCAGG,CJC,2017-12-28 13:46:57.087175
357,0.0002775,0.0002801,0.0002775,0.0002801,1514438280,0.0,0.0,1,JordanManual,CCCAGG,CJC,2017-12-28 13:46:57.087175
358,0.0002795,0.0002795,0.0002774,0.0002775,1514438460,0.0,0.0,1,JordanManual,CCCAGG,CJC,2017-12-28 13:46:57.087175
359,0.0002808,0.000281,0.00028,0.000281,1514438640,0.0,0.0,1,JordanManual,CCCAGG,CJC,2017-12-28 13:46:57.087175
360,0.000283,0.000283,0.0002816,0.0002816,1514438820,0.0,0.0,1,JordanManual,CCCAGG,CJC,2017-12-28 13:46:57.087175
361,0.0002828,0.0002838,0.0002828,0.0002838,1514439000,0.0,0.0,1,JordanManual,CCCAGG,CJC,2017-12-28 13:46:57.087175
362,0.0002802,0.0002817,0.0002802,0.0002817,1514439180,0.0,0.0,1,JordanManual,CCCAGG,CJC,2017-12-28 13:46:57.087175
363,0.0002807,0.0002807,0.0002807,0.0002807,1514439360,0.0,0.0,1,JordanManual,CCCAGG,CJC,2017-12-28 13:46:57.087175
364,0.0002791,0.0002807,0.0002791,0.0002807,1514439540,0.0,0.0,1,JordanManual,CCCAGG,CJC,2017-12-28 13:46:57.087175
365,0.0002761,0.0002779,0.0002761,0.0002779,1514439720,0.0,0.0,1,JordanManual,CCCAGG,CJC,2017-12-28 13:46:57.087175
366,0.0002768,0.0002768,0.0002743,0.0002743,1514439900,0.0,0.0,1,JordanManual,CCCAGG,CJC,2017-12-28 13:46:57.087175
367,0.0002777,0.0002777,0.0002766,0.0002772,1514440080,0.0,0.0,1,JordanManual,CCCAGG,CJC,2017-12-28 13:46:57.087175
368,0.0002785,0.0002793,0.0002776,0.0002793,1514440260,0.0,0.0,1,JordanManual,CCCAGG,CJC,2017-12-28 13:46:57.087175
369,0.0002755,0.000277,0.0002755,0.000277,1514440440,0.0,0.0,1,JordanManual,CCCAGG,CJC,2017-12-28 13:46:57.087175
370,0.0002753,0.0002758,0.0002748,0.0002748,1514440620,0.0,0.0,1,JordanManual,CCCAGG,CJC,2017-12-28 13:46:57.087175
371,0.0002774,0.0002774,0.000275,0.000275,1514440800,0.0,0.0,1,JordanManual,CCCAGG,CJC,2017-12-28 13:46:57.087175
372,0.0002766,0.0002771,0.0002766,0.0002771,1514440980,0.0,0.0,1,JordanManual,CCCAGG,CJC,2017-12-28 13:46:57.087175
373,0.0002764,0.0002767,0.0002754,0.0002754,1514441160,0.0,0.0,1,JordanManual,CCCAGG,CJC,2017-12-28 13:46:57.087175
374,0.0002785,0.0002788,0.0002767,0.0002767,1514441340,0.0,0.0,1,JordanManual,CCCAGG,CJC,2017-12-28 13:46:57.087175
375,0.0002797,0.0002805,0.0002793,0.0002793,1514441520,0.0,0.0,1,JordanManual,CCCAGG,CJC,2017-12-28 13:46:57.087175
376,0.0002793,0.0002797,0.000279,0.0002797,1514441700,0.0,0.0,1,JordanManual,CCCAGG,CJC,2017-12-28 13:46:57.087175
377,0.000279,0.0002799,0.000279,0.0002799,1514441880,0.0,0.0,1,JordanManual,CCCAGG,CJC,2017-12-28 13:46:57.087175
378,0.0002773,0.0002778,0.0002766,0.0002778,1514442060,0.0,0.0,1,JordanManual,CCCAGG,CJC,2017-12-28 13:46:57.087175
379,0.0002778,0.0002781,0.0002771,0.0002781,1514442240,0.0,0.0,1,JordanManual,CCCAGG,CJC,2017-12-28 13:46:57.087175
380,0.0002787,0.0002787,0.0002779,0.0002779,1514442420,0.0,0.0,1,JordanManual,CCCAGG,CJC,2017-12-28 13:46:57.087175
381,0.0002815,0.0002815,0.0002793,0.0002793,1514442600,0.0,0.0,1,JordanManual,CCCAGG,CJC,2017-12-28 13:46:57.087175
382,0.0002806,0.0002813,0.0002806,0.0002808,1514442780,0.0,0.0,1,JordanManual,CCCAGG,CJC,2017-12-28 13:46:57.087175
383,0.0002802,0.0002802,0.0002796,0.0002798,1514442960,0.0,0.0,1,JordanManual,CCCAGG,CJC,2017-12-28 13:46:57.087175
384,0.0002806,0.0002806,0.0002801,0.0002801,1514443140,0.0,0.0,1,JordanManual,CCCAGG,CJC,2017-12-28 13:46:57.087175
385,0.0002792,0.0002802,0.0002792,0.0002802,1514443320,0.0,0.0,1,JordanManual,CCCAGG,CJC,2017-12-28 13:46:57.087175
386,0.0002774,0.0002783,0.0002767,0.0002783,1514443500,0.0,0.0,1,JordanManual,CCCAGG,CJC,2017-12-28 13:46:57.087175
387,0.0002776,0.0002776,0.0002768,0.0002768,1514443680,0.0,0.0,1,JordanManual,CCCAGG,CJC,2017-12-28 13:46:57.087175
388,0.00028,0.00028,0.000279,0.000279,1514443860,0.0,0.0,1,JordanManual,CCCAGG,CJC,2017-12-28 13:46:57.087175
389,0.0002794,0.0002801,0.0002794,0.0002801,1514444040,0.0,0.0,1,JordanManual,CCCAGG,CJC,2017-12-28 13:46:57.087175
390,0.0002774,0.000279,0.0002774,0.000279,1514444220,0.0,0.0,1,JordanManual,CCCAGG,CJC,2017-12-28 13:46:57.087175
391,0.0002802,0.0002802,0.0002777,0.0002777,1514444400,0.0,0.0,1,JordanManual,CCCAGG,CJC,2017-12-28 13:46:57.087175
392,0.0002809,0.0002809,0.0002802,0.0002802,1514444580,0.0,0.0,1,JordanManual,CCCAGG,CJC,2017-12-28 13:46:57.087175
393,0.0002807,0.0002815,0.0002807,0.0002815,1514444760,0.0,0.0,1,JordanManual,CCCAGG,CJC,2017-12-28 13:46:57.087175
394,0.0002817,0.0002817,0.0002814,0.0002814,1514444940,0.0,0.0,1,JordanManual,CCCAGG,CJC,2017-12-28 13:46:57.087175
395,0.0002822,0.0002822,0.0002815,0.0002816,1514445120,0.0,0.0,1,JordanManual,CCCAGG,CJC,2017-12-28 13:46:57.087175
396,0.0002829,0.0002834,0.0002829,0.0002831,1514445300,0.0,0.0,1,JordanManual,CCCAGG,CJC,2017-12-28 13:46:57.087175
397,0.000284,0.000284,0.0002834,0.0002834,1514445480,0.0,0.0,1,JordanManual,CCCAGG,CJC,2017-12-28 13:46:57.087175
398,0.0002844,0.0002844,0.0002841,0.0002844,1514445660,0.0,0.0,1,JordanManual,CCCAGG,CJC,2017-12-28 13:46:57.087175
399,0.0002828,0.0002845,0.0002828,0.0002845,1514445840,0.0,0.0,1,JordanManual,CCCAGG,CJC,2017-12-28 13:46:57.087175
400,0.000283,0.0002831,0.000283,0.000283,1514446020,0.0,0.0,1,JordanManual,CCCAGG,CJC,2017-12-28 13:46:57.087175
401,0.0002829,0.000283,0.0002829,0.000283,1514446200,0.0,0.0,1,JordanManual,CCCAGG,CJC,2017-12-28 13:46:57.087175
402,0.000282,0.0002827,0.000282,0.0002827,1514446380,0.0,0.0,1,JordanManual,CCCAGG,CJC,2017-12-28 13:46:57.087175
403,0.0002834,0.0002834,0.0002828,0.0002828,1514446560,0.0,0.0,1,JordanManual,CCCAGG,CJC,2017-12-28 13:46:57.087175
404,0.0002844,0.0002845,0.0002837,0.0002837,1514446740,0.0,0.0,1,JordanManual,CCCAGG,CJC,2017-12-28 13:46:57.087175
405,0.0002849,0.0002851,0.0002846,0.0002846,1514446920,0.0,0.0,1,JordanManual,CCCAGG,CJC,2017-12-28 13:46:57.087175
406,0.0002849,0.0002854,0.0002849,0.0002854,1514447100,0.0,0.0,1,JordanManual,CCCAGG,CJC,2017-12-28 13:46:57.087175
407,0.0002847,0.000285,0.0002847,0.000285,1514447280,0.0,0.0,1,JordanManual,CCCAGG,CJC,2017-12-28 13:46:57.087175
408,0.0002844,0.0002844,0.0002838,0.000284,1514447460,0.0,0.0,1,JordanManual,CCCAGG,CJC,2017-12-28 13:46:57.087175
409,0.0002842,0.0002844,0.0002842,0.0002843,1514447640,0.0,0.0,1,JordanManual,CCCAGG,CJC,2017-12-28 13:46:57.087175
410,0.0002829,0.0002839,0.0002829,0.0002839,1514447820,0.0,0.0,1,JordanManual,CCCAGG,CJC,2017-12-28 13:46:57.087175
411,0.0002835,0.0002835,0.000283,0.0002831,1514448000,0.0,0.0,1,JordanManual,CCCAGG,CJC,2017-12-28 13:46:57.087175
412,0.0002839,0.0002839,0.0002836,0.0002837,1514448180,0.0,0.0,1,JordanManual,CCCAGG,CJC,2017-12-28 13:46:57.087175
413,0.0002849,0.0002849,0.0002841,0.0002841,1514448360,0.0,0.0,1,JordanManual,CCCAGG,CJC,2017-12-28 13:46:57.087175
414,0.0002849,0.0002851,0.0002848,0.0002848,1514448540,0.0,0.0,1,JordanManual,CCCAGG,CJC,2017-12-28 13:46:57.087175
415,0.0002835,0.0002847,0.0002835,0.0002847,1514448720,0.0,0.0,1,JordanManual,CCCAGG,CJC,2017-12-28 13:46:57.087175
416,0.0002806,0.000283,0.0002806,0.000283,1514448900,0.0,0.0,1,JordanManual,CCCAGG,CJC,2017-12-28 13:46:57.087175
417,0.0002818,0.0002818,0.0002814,0.0002816,1514449080,0.0,0.0,1,JordanManual,CCCAGG,CJC,2017-12-28 13:46:57.087175
418,0.0002791,0.0002811,0.0002791,0.0002811,1514449260,0.0,0.0,1,JordanManual,CCCAGG,CJC,2017-12-28 13:46:57.087175
419,0.0002799,0.0002801,0.0002795,0.0002795,1514449440,0.0,0.0,1,JordanManual,CCCAGG,CJC,2017-12-28 13:46:57.087175
420,0.0002793,0.0002799,0.0002793,0.0002799,1514449620,0.0,0.0,1,JordanManual,CCCAGG,CJC,2017-12-28 13:46:57.087175
421,0.0002809,0.0002809,0.0002799,0.0002799,1514449800,0.0,0.0,1,JordanManual,CCCAGG,CJC,2017-12-28 13:46:57.087175
422,0.0002816,0.0002816,0.000281,0.000281,1514449980,0.0,0.0,1,JordanManual,CCCAGG,CJC,2017-12-28 13:46:57.087175
423,0.0002813,0.0002818,0.0002813,0.0002815,1514450160,0.0,0.0,1,JordanManual,CCCAGG,CJC,2017-12-28 13:46:57.087175
424,0.000282,0.000282,0.0002813,0.0002813,1514450340,0.0,0.0,1,JordanManual,CCCAGG,CJC,2017-12-28 13:46:57.087175
425,0.000282,0.0002821,0.000282,0.0002821,1514450520,0.0,0.0,1,JordanManual,CCCAGG,CJC,2017-12-28 13:46:57.087175
426,0.0002814,0.0002821,0.0002814,0.0002821,1514450700,0.0,0.0,1,JordanManual,CCCAGG,CJC,2017-12-28 13:46:57.087175
427,0.0002814,0.0002815,0.0002814,0.0002815,1514450880,0.0,0.0,1,JordanManual,CCCAGG,CJC,2017-12-28 13:46:57.087175
428,0.0002818,0.0002818,0.0002816,0.0002817,1514451060,0.0,0.0,1,JordanManual,CCCAGG,CJC,2017-12-28 13:46:57.087175
429,0.0002835,0.0002835,0.000282,0.000282,1514451240,0.0,0.0,1,JordanManual,CCCAGG,CJC,2017-12-28 13:46:57.087175
430,0.0002843,0.0002843,0.0002837,0.0002838,1514451420,0.0,0.0,1,JordanManual,CCCAGG,CJC,2017-12-28 13:46:57.087175
431,0.0002844,0.0002847,0.0002844,0.0002846,1514451600,0.0,0.0,1,JordanManual,CCCAGG,CJC,2017-12-28 13:46:57.087175
432,0.0002837,0.0002839,0.0002836,0.0002839,1514451780,0.0,0.0,1,JordanManual,CCCAGG,CJC,2017-12-28 13:46:57.087175
433,0.0002845,0.0002845,0.0002837,0.0002837,1514451960,0.0,0.0,1,JordanManual,CCCAGG,CJC,2017-12-28 13:46:57.087175
434,0.0002842,0.0002845,0.0002842,0.0002845,1514452140,0.0,0.0,1,JordanManual,CCCAGG,CJC,2017-12-28 13:46:57.087175
435,0.0002841,0.0002841,0.0002839,0.0002841,1514452320,0.0,0.0,1,JordanManual,CCCAGG,CJC,2017-12-28 13:46:57.087175
436,0.0002841,0.0002841,0.0002839,0.0002839,1514452500,0.0,0.0,1,JordanManual,CCCAGG,CJC,2017-12-28 13:46:57.087175
437,0.0002849,0.0002849,0.0002844,0.0002844,1514452680,0.0,0.0,1,JordanManual,CCCAGG,CJC,2017-12-28 13:46:57.087175
438,0.0002848,0.000285,0.0002848,0.000285,1514452860,0.0,0.0,1,JordanManual,CCCAGG,CJC,2017-12-28 13:46:57.087175
439,0.0002854,0.0002855,0.0002853,0.0002853,1514453040,0.0,0.0,1,JordanManual,CCCAGG,CJC,2017-12-28 13:46:57.087175
440,0.0002865,0.0002865,0.0002857,0.0002857,1514453220,0.0,0.0,1,JordanManual,CCCAGG,CJC,2017-12-28 13:46:57.087175
441,0.0002881,0.0002881,0.000287,0.000287,1514453400,0.0,0.0,1,JordanManual,CCCAGG,CJC,2017-12-28 13:46:57.087175
442,0.0002889,0.0002889,0.0002879,0.0002879,1514453580,0.0,0.0,1,JordanManual,CCCAGG,CJC,2017-12-28 13:46:57.087175
443,0.0002884,0.0002887,0.0002881,0.0002881,1514453760,0.0,0.0,1,JordanManual,CCCAGG,CJC,2017-12-28 13:46:57.087175
444,0.0002882,0.0002882,0.0002881,0.0002881,1514453940,0.0,0.0,1,JordanManual,CCCAGG,CJC,2017-12-28 13:46:57.087175
445,0.0002887,0.0002887,0.0002886,0.0002886,1514454120,0.0,0.0,1,JordanManual,CCCAGG,CJC,2017-12-28 13:46:57.087175
446,0.0002876,0.0002879,0.0002875,0.0002879,1514454300,0.0,0.0,1,JordanManual,CCCAGG,CJC,2017-12-28 13:46:57.087175
447,0.000288,0.000288,0.0002876,0.0002876,1514454480,0.0,0.0,1,JordanManual,CCCAGG,CJC,2017-12-28 13:46:57.087175
448,0.0002887,0.0002887,0.0002883,0.0002883,1514454660,0.0,0.0,1,JordanManual,CCCAGG,CJC,2017-12-28 13:46:57.087175
449,0.0002872,0.0002885,0.0002872,0.0002885,1514454840,0.0,0.0,1,JordanManual,CCCAGG,CJC,2017-12-28 13:46:57.087175
450,0.0002853,0.0002865,0.0002853,0.0002865,1514455020,0.0,0.0,1,JordanManual,CCCAGG,CJC,2017-12-28 13:46:57.087175
451,0.0002854,0.0002856,0.0002854,0.0002856,1514455200,0.0,0.0,1,JordanManual,CCCAGG,CJC,2017-12-28 13:46:57.087175
452,0.0002857,0.0002857,0.0002856,0.0002857,1514455380,0.0,0.0,1,JordanManual,CCCAGG,CJC,2017-12-28 13:46:57.087175
453,0.0002868,0.0002868,0.0002859,0.0002859,1514455560,0.0,0.0,1,JordanManual,CCCAGG,CJC,2017-12-28 13:46:57.087175
454,0.0002867,0.0002867,0.0002866,0.0002866,1514455740,0.0,0.0,1,JordanManual,CCCAGG,CJC,2017-12-28 13:46:57.087175
455,0.000286,0.0002864,0.000286,0.0002864,1514455920,0.0,0.0,1,JordanManual,CCCAGG,CJC,2017-12-28 13:46:57.087175
456,0.0002849,0.0002857,0.0002849,0.0002857,1514456100,0.0,0.0,1,JordanManual,CCCAGG,CJC,2017-12-28 13:46:57.087175
457,0.0002849,0.000285,0.0002848,0.000285,1514456280,0.0,0.0,1,JordanManual,CCCAGG,CJC,2017-12-28 13:46:57.087175
458,0.0002845,0.0002845,0.0002843,0.0002843,1514456460,0.0,0.0,1,JordanManual,CCCAGG,CJC,2017-12-28 13:46:57.087175
459,0.0002852,0.0002852,0.0002844,0.0002844,1514456640,0.0,0.0,1,JordanManual,CCCAGG,CJC,2017-12-28 13:46:57.087175
460,0.0002847,0.0002853,0.0002847,0.0002853,1514456820,0.0,0.0,1,JordanManual,CCCAGG,CJC,2017-12-28 13:46:57.087175
461,0.0002836,0.0002843,0.0002836,0.0002843,1514457000,0.0,0.0,1,JordanManual,CCCAGG,CJC,2017-12-28 13:46:57.087175
462,0.0002815,0.0002837,0.0002815,0.0002837,1514457180,0.0,0.0,1,JordanManual,CCCAGG,CJC,2017-12-28 13:46:57.087175
463,0.00028,0.0002814,0.00028,0.0002814,1514457360,0.0,0.0,1,JordanManual,CCCAGG,CJC,2017-12-28 13:46:57.087175
464,0.0002802,0.0002802,0.0002794,0.0002794,1514457540,0.0,0.0,1,JordanManual,CCCAGG,CJC,2017-12-28 13:46:57.087175
465,0.0002797,0.0002798,0.0002796,0.0002798,1514457720,0.0,0.0,1,JordanManual,CCCAGG,CJC,2017-12-28 13:46:57.087175
466,0.00028,0.00028,0.0002795,0.0002795,1514457900,0.0,0.0,1,JordanManual,CCCAGG,CJC,2017-12-28 13:46:57.087175
467,0.0002802,0.0002804,0.0002802,0.0002802,1514458080,0.0,0.0,1,JordanManual,CCCAGG,CJC,2017-12-28 13:46:57.087175
468,0.0002778,0.0002799,0.0002778,0.0002799,1514458260,0.0,0.0,1,JordanManual,CCCAGG,CJC,2017-12-28 13:46:57.087175
469,0.0002739,0.0002763,0.0002739,0.0002763,1514458440,0.0,0.0,1,JordanManual,CCCAGG,CJC,2017-12-28 13:46:57.087175
470,0.0002706,0.000273,0.0002706,0.000273,1514458620,0.0,0.0,1,JordanManual,CCCAGG,CJC,2017-12-28 13:46:57.087175
471,0.0002728,0.0002732,0.0002713,0.0002713,1514458800,0.0,0.0,1,JordanManual,CCCAGG,CJC,2017-12-28 13:46:57.087175
472,0.0002721,0.0002721,0.0002711,0.0002718,1514458980,0.0,0.0,1,JordanManual,CCCAGG,CJC,2017-12-28 13:46:57.087175
473,0.0002724,0.0002735,0.0002721,0.0002735,1514459160,0.0,0.0,1,JordanManual,CCCAGG,CJC,2017-12-28 13:46:57.087175
474,0.0002725,0.0002728,0.0002725,0.0002727,1514459340,0.0,0.0,1,JordanManual,CCCAGG,CJC,2017-12-28 13:46:57.087175
475,0.0002736,0.0002741,0.0002731,0.0002731,1514459520,0.0,0.0,1,JordanManual,CCCAGG,CJC,2017-12-28 13:46:57.087175
476,0.000273,0.000273,0.0002723,0.0002726,1514459700,0.0,0.0,1,JordanManual,CCCAGG,CJC,2017-12-28 13:46:57.087175
477,0.0002731,0.0002739,0.0002731,0.0002739,1514459880,0.0,0.0,1,JordanManual,CCCAGG,CJC,2017-12-28 13:46:57.087175
478,0.000274,0.000274,0.0002734,0.0002734,1514460060,0.0,0.0,1,JordanManual,CCCAGG,CJC,2017-12-28 13:46:57.087175
479,0.0002747,0.0002757,0.0002747,0.0002753,1514460240,0.0,0.0,1,JordanManual,CCCAGG,CJC,2017-12-28 13:46:57.087175
480,0.0002753,0.0002757,0.0002752,0.0002752,1514460420,0.0,0.0,1,JordanManual,CCCAGG,CJC,2017-12-28 13:46:57.087175
481,0.0002748,0.0002755,0.0002748,0.0002755,1514460600,0.0,0.0,1,JordanManual,CCCAGG,CJC,2017-12-28 13:46:57.087175
482,0.0002736,0.0002745,0.0002732,0.0002745,1514460780,0.0,0.0,1,JordanManual,CCCAGG,CJC,2017-12-28 13:46:57.087175
483,0.0002726,0.0002729,0.0002726,0.0002728,1514460960,0.0,0.0,1,JordanManual,CCCAGG,CJC,2017-12-28 13:46:57.087175
484,0.0002752,0.0002752,0.000273,0.000273,1514461140,0.0,0.0,1,JordanManual,CCCAGG,CJC,2017-12-28 13:46:57.087175
485,0.0002755,0.0002755,0.000275,0.0002752,1514461320,0.0,0.0,1,JordanManual,CCCAGG,CJC,2017-12-28 13:46:57.087175
486,0.0002757,0.000276,0.0002755,0.0002755,1514461500,0.0,0.0,1,JordanManual,CCCAGG,CJC,2017-12-28 13:46:57.087175
487,0.0002755,0.0002755,0.0002751,0.0002754,1514461680,0.0,0.0,1,JordanManual,CCCAGG,CJC,2017-12-28 13:46:57.087175
488,0.0002761,0.0002761,0.0002756,0.0002756,1514461860,0.0,0.0,1,JordanManual,CCCAGG,CJC,2017-12-28 13:46:57.087175
489,0.0002779,0.0002779,0.0002762,0.0002762,1514462040,0.0,0.0,1,JordanManual,CCCAGG,CJC,2017-12-28 13:46:57.087175
490,0.0002778,0.0002778,0.0002773,0.0002773,1514462220,0.0,0.0,1,JordanManual,CCCAGG,CJC,2017-12-28 13:46:57.087175
491,0.0002769,0.000278,0.0002769,0.000278,1514462400,0.0,0.0,1,JordanManual,CCCAGG,CJC,2017-12-28 13:46:57.087175
492,0.0002769,0.0002769,0.0002762,0.0002766,1514462580,0.0,0.0,1,JordanManual,CCCAGG,CJC,2017-12-28 13:46:57.087175
493,0.0002765,0.0002768,0.0002764,0.0002764,1514462760,0.0,0.0,1,JordanManual,CCCAGG,CJC,2017-12-28 13:46:57.087175
494,0.0002772,0.0002772,0.0002767,0.0002769,1514462940,0.0,0.0,1,JordanManual,CCCAGG,CJC,2017-12-28 13:46:57.087175
495,0.000277,0.0002773,0.000277,0.0002773,1514463120,0.0,0.0,1,JordanManual,CCCAGG,CJC,2017-12-28 13:46:57.087175
496,0.0002756,0.0002771,0.0002756,0.0002771,1514463300,0.0,0.0,1,JordanManual,CCCAGG,CJC,2017-12-28 13:46:57.087175
497,0.0002751,0.0002754,0.0002748,0.0002754,1514463480,0.0,0.0,1,JordanManual,CCCAGG,CJC,2017-12-28 13:46:57.087175
498,0.0002752,0.0002755,0.0002752,0.0002754,1514463660,0.0,0.0,1,JordanManual,CCCAGG,CJC,2017-12-28 13:46:57.087175
499,0.000276,0.000276,0.0002757,0.0002757,1514463840,0.0,0.0,1,JordanManual,CCCAGG,CJC,2017-12-28 13:46:57.087175
500,0.0002769,0.0002769,0.0002762,0.0002762,1514464020,0.0,0.0,1,JordanManual,CCCAGG,CJC,2017-12-28 13:46:57.087175
501,0.0002768,0.0002771,0.0002768,0.000277,1514464200,0.0,0.0,1,JordanManual,CCCAGG,CJC,2017-12-28 13:46:57.087175
502,0.0002759,0.0002759,0.0002754,0.0002759,1514464380,0.0,0.0,1,JordanManual,CCCAGG,CJC,2017-12-28 13:46:57.087175
503,0.0002766,0.0002766,0.0002765,0.0002765,1514464560,0.0,0.0,1,JordanManual,CCCAGG,CJC,2017-12-28 13:46:57.087175
504,0.0002766,0.0002766,0.0002766,0.0002766,1514464740,0.0,0.0,1,JordanManual,CCCAGG,CJC,2017-12-28 13:46:57.087175
505,0.0002766,0.0002766,0.0002766,0.0002766,1514464920,0.0,0.0,1,JordanManual,CCCAGG,CJC,2017-12-28 13:46:57.087175
506,0.0002815,0.0002815,0.0002766,0.0002766,1514465100,0.0,0.0,1,JordanManual,CCCAGG,CJC,2017-12-28 13:46:57.087175
507,0.0002817,0.0002819,0.0002815,0.0002819,1514465280,0.0,0.0,1,JordanManual,CCCAGG,CJC,2017-12-28 13:46:57.087175
508,0.0002819,0.0002819,0.0002818,0.0002819,1514465460,0.0,0.0,1,JordanManual,CCCAGG,CJC,2017-12-28 13:46:57.087175
509,0.0002814,0.000282,0.0002814,0.000282,1514465640,0.0,0.0,1,JordanManual,CCCAGG,CJC,2017-12-28 13:46:57.087175
510,0.0002809,0.0002809,0.0002801,0.0002807,1514465820,0.0,0.0,1,JordanManual,CCCAGG,CJC,2017-12-28 13:46:57.087175
511,0.000281,0.000281,0.0002807,0.0002807,1514466000,0.0,0.0,1,JordanManual,CCCAGG,CJC,2017-12-28 13:46:57.087175
512,0.0002818,0.000282,0.0002816,0.0002816,1514466180,0.0,0.0,1,JordanManual,CCCAGG,CJC,2017-12-28 13:46:57.087175
513,0.0002815,0.0002817,0.0002811,0.0002817,1514466360,0.0,0.0,1,JordanManual,CCCAGG,CJC,2017-12-28 13:46:57.087175
514,0.0002817,0.0002817,0.0002813,0.0002813,1514466540,0.0,0.0,1,JordanManual,CCCAGG,CJC,2017-12-28 13:46:57.087175
515,0.000282,0.000282,0.0002817,0.0002817,1514466720,0.0,0.0,1,JordanManual,CCCAGG,CJC,2017-12-28 13:46:57.087175
516,0.0002828,0.000283,0.0002821,0.0002821,1514466900,0.0,0.0,1,JordanManual,CCCAGG,CJC,2017-12-28 13:46:57.087175
517,0.0002845,0.0002845,0.0002834,0.0002834,1514467080,0.0,0.0,1,JordanManual,CCCAGG,CJC,2017-12-28 13:46:57.087175
518,0.0002846,0.0002846,0.000284,0.000284,1514467260,0.0,0.0,1,JordanManual,CCCAGG,CJC,2017-12-28 13:46:57.087175
519,0.0002832,0.0002845,0.0002832,0.0002845,1514467440,0.0,0.0,1,JordanManual,CCCAGG,CJC,2017-12-28 13:46:57.087175
520,0.0002832,0.0002835,0.0002832,0.0002835,1514467620,0.0,0.0,1,JordanManual,CCCAGG,CJC,2017-12-28 13:46:57.087175
521,0.0002832,0.0002836,0.0002832,0.0002836,1514467800,0.0,0.0,1,JordanManual,CCCAGG,CJC,2017-12-28 13:46:57.087175
522,0.0002815,0.0002825,0.0002815,0.0002825,1514467980,0.0,0.0,1,JordanManual,CCCAGG,CJC,2017-12-28 13:46:57.087175
523,0.0002813,0.0002818,0.0002807,0.0002807,1514468160,0.0,0.0,1,JordanManual,CCCAGG,CJC,2017-12-28 13:46:57.087175
524,0.0002825,0.0002827,0.000282,0.000282,1514468340,0.0,0.0,1,JordanManual,CCCAGG,CJC,2017-12-28 13:46:57.087175
525,0.0002825,0.0002828,0.0002825,0.0002826,1514468520,0.0,0.0,1,JordanManual,CCCAGG,CJC,2017-12-28 13:46:57.087175
526,0.0002829,0.000283,0.0002824,0.0002824,1514468700,0.0,0.0,1,JordanManual,CCCAGG,CJC,2017-12-28 13:46:57.087175
527,0.0002824,0.0002827,0.0002824,0.0002825,1514468880,0.0,0.0,1,JordanManual,CCCAGG,CJC,2017-12-28 13:46:57.087175
528,0.0002819,0.0002822,0.0002819,0.0002822,1514469060,0.0,0.0,1,JordanManual,CCCAGG,CJC,2017-12-28 13:46:57.087175
529,0.0002818,0.0002823,0.0002818,0.0002823,1514469240,0.0,0.0,1,JordanManual,CCCAGG,CJC,2017-12-28 13:46:57.087175
530,0.0002826,0.0002826,0.0002819,0.0002819,1514469420,0.0,0.0,1,JordanManual,CCCAGG,CJC,2017-12-28 13:46:57.087175
531,0.0002819,0.0002823,0.0002819,0.0002822,1514469600,0.0,0.0,1,JordanManual,CCCAGG,CJC,2017-12-28 13:46:57.087175
532,0.0002802,0.0002809,0.0002802,0.0002809,1514469780,0.0,0.0,1,JordanManual,CCCAGG,CJC,2017-12-28 13:46:57.087175
533,0.0002785,0.00028,0.0002785,0.00028,1514469960,0.0,0.0,1,JordanManual,CCCAGG,CJC,2017-12-28 13:46:57.087175
534,0.0002768,0.0002773,0.0002768,0.000277,1514470140,0.0,0.0,1,JordanManual,CCCAGG,CJC,2017-12-28 13:46:57.087175
535,0.0002773,0.0002781,0.0002772,0.0002772,1514470320,0.0,0.0,1,JordanManual,CCCAGG,CJC,2017-12-28 13:46:57.087175
536,0.0002788,0.0002788,0.0002773,0.0002773,1514470500,0.0,0.0,1,JordanManual,CCCAGG,CJC,2017-12-28 13:46:57.087175
537,0.0002801,0.0002801,0.0002792,0.0002792,1514470680,0.0,0.0,1,JordanManual,CCCAGG,CJC,2017-12-28 13:46:57.087175
538,0.0002807,0.0002809,0.0002804,0.0002804,1514470860,0.0,0.0,1,JordanManual,CCCAGG,CJC,2017-12-28 13:46:57.087175
539,0.0002817,0.0002817,0.0002807,0.0002807,1514471040,0.0,0.0,1,JordanManual,CCCAGG,CJC,2017-12-28 13:46:57.087175
540,0.0002829,0.0002829,0.0002816,0.0002816,1514471220,0.0,0.0,1,JordanManual,CCCAGG,CJC,2017-12-28 13:46:57.087175
541,0.000282,0.000283,0.000282,0.000283,1514471400,0.0,0.0,1,JordanManual,CCCAGG,CJC,2017-12-28 13:46:57.087175
542,0.0002828,0.0002828,0.0002822,0.0002822,1514471580,0.0,0.0,1,JordanManual,CCCAGG,CJC,2017-12-28 13:46:57.087175
543,0.000282,0.0002827,0.000282,0.0002827,1514471760,0.0,0.0,1,JordanManual,CCCAGG,CJC,2017-12-28 13:46:57.087175
544,0.0002818,0.0002819,0.0002816,0.0002816,1514471940,0.0,0.0,1,JordanManual,CCCAGG,CJC,2017-12-28 13:46:57.087175
545,0.0002815,0.0002818,0.0002815,0.0002818,1514472120,0.0,0.0,1,JordanManual,CCCAGG,CJC,2017-12-28 13:46:57.087175
546,0.000281,0.0002811,0.000281,0.000281,1514472300,0.0,0.0,1,JordanManual,CCCAGG,CJC,2017-12-28 13:46:57.087175
547,0.0002835,0.0002835,0.0002816,0.0002816,1514472480,0.0,0.0,1,JordanManual,CCCAGG,CJC,2017-12-28 13:46:57.087175
548,0.0002852,0.0002852,0.0002842,0.0002842,1514472660,0.0,0.0,1,JordanManual,CCCAGG,CJC,2017-12-28 13:46:57.087175
549,0.0002854,0.0002854,0.0002852,0.0002852,1514472840,0.0,0.0,1,JordanManual,CCCAGG,CJC,2017-12-28 13:46:57.087175
550,0.0002852,0.0002856,0.000285,0.0002856,1514473020,0.0,0.0,1,JordanManual,CCCAGG,CJC,2017-12-28 13:46:57.087175
551,0.0002875,0.0002875,0.0002854,0.0002854,1514473200,0.0,0.0,1,JordanManual,CCCAGG,CJC,2017-12-28 13:46:57.087175
552,0.0002877,0.0002882,0.0002874,0.0002882,1514473380,0.0,0.0,1,JordanManual,CCCAGG,CJC,2017-12-28 13:46:57.087175
553,0.0002896,0.0002896,0.0002884,0.0002884,1514473560,0.0,0.0,1,JordanManual,CCCAGG,CJC,2017-12-28 13:46:57.087175
554,0.0002897,0.0002897,0.000289,0.000289,1514473740,0.0,0.0,1,JordanManual,CCCAGG,CJC,2017-12-28 13:46:57.087175
555,0.0002876,0.0002894,0.0002876,0.0002894,1514473920,0.0,0.0,1,JordanManual,CCCAGG,CJC,2017-12-28 13:46:57.087175
556,0.0002876,0.0002876,0.000287,0.000287,1514474100,0.0,0.0,1,JordanManual,CCCAGG,CJC,2017-12-28 13:46:57.087175
557,0.0002871,0.000288,0.0002871,0.000288,1514474280,0.0,0.0,1,JordanManual,CCCAGG,CJC,2017-12-28 13:46:57.087175
558,0.0002866,0.0002866,0.0002863,0.0002863,1514474460,0.0,0.0,1,JordanManual,CCCAGG,CJC,2017-12-28 13:46:57.087175
559,0.0002867,0.0002867,0.0002864,0.0002867,1514474640,0.0,0.0,1,JordanManual,CCCAGG,CJC,2017-12-28 13:46:57.087175
560,0.0002875,0.0002876,0.0002871,0.0002871,1514474820,0.0,0.0,1,JordanManual,CCCAGG,CJC,2017-12-28 13:46:57.087175
561,0.0002861,0.0002869,0.0002861,0.0002869,1514475000,0.0,0.0,1,JordanManual,CCCAGG,CJC,2017-12-28 13:46:57.087175
562,0.0002849,0.0002858,0.0002849,0.0002858,1514475180,0.0,0.0,1,JordanManual,CCCAGG,CJC,2017-12-28 13:46:57.087175
563,0.0002849,0.0002852,0.0002848,0.0002848,1514475360,0.0,0.0,1,JordanManual,CCCAGG,CJC,2017-12-28 13:46:57.087175
564,0.0002861,0.0002861,0.000285,0.000285,1514475540,0.0,0.0,1,JordanManual,CCCAGG,CJC,2017-12-28 13:46:57.087175
565,0.0002862,0.0002862,0.0002853,0.0002853,1514475720,0.0,0.0,1,JordanManual,CCCAGG,CJC,2017-12-28 13:46:57.087175
566,0.0002863,0.0002865,0.0002863,0.0002865,1514475900,0.0,0.0,1,JordanManual,CCCAGG,CJC,2017-12-28 13:46:57.087175
567,0.0002858,0.0002863,0.0002858,0.0002863,1514476080,0.0,0.0,1,JordanManual,CCCAGG,CJC,2017-12-28 13:46:57.087175
568,0.0002858,0.0002858,0.0002851,0.0002854,1514476260,0.0,0.0,1,JordanManual,CCCAGG,CJC,2017-12-28 13:46:57.087175
569,0.0002857,0.0002859,0.0002857,0.0002859,1514476440,0.0,0.0,1,JordanManual,CCCAGG,CJC,2017-12-28 13:46:57.087175
570,0.0002843,0.000285,0.0002843,0.000285,1514476620,0.0,0.0,1,JordanManual,CCCAGG,CJC,2017-12-28 13:46:57.087175
571,0.0002842,0.0002844,0.000284,0.000284,1514476800,0.0,0.0,1,JordanManual,CCCAGG,CJC,2017-12-28 13:46:57.087175
572,0.0002832,0.0002841,0.0002832,0.0002841,1514476980,0.0,0.0,1,JordanManual,CCCAGG,CJC,2017-12-28 13:46:57.087175
573,0.0002837,0.0002838,0.0002831,0.0002831,1514477160,0.0,0.0,1,JordanManual,CCCAGG,CJC,2017-12-28 13:46:57.087175
574,0.000283,0.0002837,0.000283,0.0002837,1514477340,0.0,0.0,1,JordanManual,CCCAGG,CJC,2017-12-28 13:46:57.087175
575,0.0002828,0.0002828,0.0002821,0.0002821,1514477520,0.0,0.0,1,JordanManual,CCCAGG,CJC,2017-12-28 13:46:57.087175
576,0.0002824,0.0002831,0.0002824,0.0002831,1514477700,0.0,0.0,1,JordanManual,CCCAGG,CJC,2017-12-28 13:46:57.087175
577,0.0002839,0.0002839,0.0002825,0.0002825,1514477880,0.0,0.0,1,JordanManual,CCCAGG,CJC,2017-12-28 13:46:57.087175
578,0.0002847,0.0002847,0.0002837,0.0002837,1514478060,0.0,0.0,1,JordanManual,CCCAGG,CJC,2017-12-28 13:46:57.087175
579,0.0002856,0.0002856,0.000285,0.000285,1514478240,0.0,0.0,1,JordanManual,CCCAGG,CJC,2017-12-28 13:46:57.087175
580,0.0002854,0.0002854,0.0002847,0.0002847,1514478420,0.0,0.0,1,JordanManual,CCCAGG,CJC,2017-12-28 13:46:57.087175
581,0.0002854,0.0002854,0.0002854,0.0002854,1514478600,0.0,0.0,1,JordanManual,CCCAGG,CJC,2017-12-28 13:46:57.087175
582,0.0002852,0.0002852,0.0002849,0.0002849,1514478780,0.0,0.0,1,JordanManual,CCCAGG,CJC,2017-12-28 13:46:57.087175
583,0.0002856,0.0002856,0.0002853,0.0002853,1514478960,0.0,0.0,1,JordanManual,CCCAGG,CJC,2017-12-28 13:46:57.087175
584,0.0002862,0.0002862,0.0002859,0.0002859,1514479140,0.0,0.0,1,JordanManual,CCCAGG,CJC,2017-12-28 13:46:57.087175
585,0.0002851,0.0002859,0.0002851,0.0002859,1514479320,0.0,0.0,1,JordanManual,CCCAGG,CJC,2017-12-28 13:46:57.087175
586,0.0002841,0.0002844,0.0002841,0.0002841,1514479500,0.0,0.0,1,JordanManual,CCCAGG,CJC,2017-12-28 13:46:57.087175
587,0.0002838,0.000284,0.0002838,0.000284,1514479680,0.0,0.0,1,JordanManual,CCCAGG,CJC,2017-12-28 13:46:57.087175
588,0.0002815,0.0002836,0.0002815,0.0002836,1514479860,0.0,0.0,1,JordanManual,CCCAGG,CJC,2017-12-28 13:46:57.087175
589,0.00028,0.0002805,0.0002798,0.0002805,1514480040,0.0,0.0,1,JordanManual,CCCAGG,CJC,2017-12-28 13:46:57.087175
590,0.0002791,0.0002791,0.0002785,0.0002785,1514480220,0.0,0.0,1,JordanManual,CCCAGG,CJC,2017-12-28 13:46:57.087175
591,0.0002808,0.0002808,0.0002797,0.0002797,1514480400,0.0,0.0,1,JordanManual,CCCAGG,CJC,2017-12-28 13:46:57.087175
592,0.00028,0.0002801,0.0002799,0.0002799,1514480580,0.0,0.0,1,JordanManual,CCCAGG,CJC,2017-12-28 13:46:57.087175
593,0.0002806,0.000281,0.0002806,0.0002807,1514480760,0.0,0.0,1,JordanManual,CCCAGG,CJC,2017-12-28 13:46:57.087175
594,0.0002802,0.0002813,0.0002802,0.0002813,1514480940,0.0,0.0,1,JordanManual,CCCAGG,CJC,2017-12-28 13:46:57.087175
595,0.0002807,0.0002807,0.0002803,0.0002803,1514481120,0.0,0.0,1,JordanManual,CCCAGG,CJC,2017-12-28 13:46:57.087175
596,0.0002807,0.0002809,0.0002807,0.0002809,1514481300,0.0,0.0,1,JordanManual,CCCAGG,CJC,2017-12-28 13:46:57.087175
597,0.0002778,0.0002803,0.0002778,0.0002803,1514481480,0.0,0.0,1,JordanManual,CCCAGG,CJC,2017-12-28 13:46:57.087175
598,0.0002769,0.0002782,0.0002769,0.0002771,1514481660,0.0,0.0,1,JordanManual,CCCAGG,CJC,2017-12-28 13:46:57.087175
599,0.0002778,0.0002778,0.0002768,0.0002768,1514481840,0.0,0.0,1,JordanManual,CCCAGG,CJC,2017-12-28 13:46:57.087175
600,0.0002769,0.0002783,0.0002769,0.0002783,1514482020,0.0,0.0,1,JordanManual,CCCAGG,CJC,2017-12-28 13:46:57.087175
601,0.0002773,0.0002773,0.0002769,0.0002769,1514482200,0.0,0.0,1,JordanManual,CCCAGG,CJC,2017-12-28 13:46:57.087175
602,0.0002774,0.0002776,0.0002774,0.0002776,1514482380,0.0,0.0,1,JordanManual,CCCAGG,CJC,2017-12-28 13:46:57.087175
603,0.000279,0.000279,0.0002777,0.0002777,1514482560,0.0,0.0,1,JordanManual,CCCAGG,CJC,2017-12-28 13:46:57.087175
604,0.0002804,0.0002804,0.00028,0.00028,1514482740,0.0,0.0,1,JordanManual,CCCAGG,CJC,2017-12-28 13:46:57.087175
605,0.0002804,0.0002807,0.0002804,0.0002805,1514482920,0.0,0.0,1,JordanManual,CCCAGG,CJC,2017-12-28 13:46:57.087175
606,0.0002793,0.00028,0.0002793,0.00028,1514483100,0.0,0.0,1,JordanManual,CCCAGG,CJC,2017-12-28 13:46:57.087175
607,0.0002807,0.0002807,0.0002793,0.0002793,1514483280,0.0,0.0,1,JordanManual,CCCAGG,CJC,2017-12-28 13:46:57.087175
608,0.0002822,0.0002822,0.0002814,0.0002814,1514483460,0.0,0.0,1,JordanManual,CCCAGG,CJC,2017-12-28 13:46:57.087175
609,0.0002828,0.0002828,0.0002825,0.0002825,1514483640,0.0,0.0,1,JordanManual,CCCAGG,CJC,2017-12-28 13:46:57.087175
610,0.0002823,0.0002831,0.0002823,0.0002831,1514483820,0.0,0.0,1,JordanManual,CCCAGG,CJC,2017-12-28 13:46:57.087175
611,0.0002821,0.0002821,0.0002816,0.0002816,1514484000,0.0,0.0,1,JordanManual,CCCAGG,CJC,2017-12-28 13:46:57.087175
612,0.0002813,0.000282,0.0002813,0.000282,1514484180,0.0,0.0,1,JordanManual,CCCAGG,CJC,2017-12-28 13:46:57.087175
613,0.0002774,0.000281,0.0002774,0.000281,1514484360,0.0,0.0,1,JordanManual,CCCAGG,CJC,2017-12-28 13:46:57.087175
614,0.0002778,0.0002786,0.0002767,0.0002767,1514484540,0.0,0.0,1,JordanManual,CCCAGG,CJC,2017-12-28 13:46:57.087175
615,0.0002779,0.0002779,0.0002774,0.0002774,1514484720,0.0,0.0,1,JordanManual,CCCAGG,CJC,2017-12-28 13:46:57.087175
616,0.0002797,0.0002797,0.0002781,0.0002781,1514484900,0.0,0.0,1,JordanManual,CCCAGG,CJC,2017-12-28 13:46:57.087175
617,0.0002791,0.00028,0.0002791,0.00028,1514485080,0.0,0.0,1,JordanManual,CCCAGG,CJC,2017-12-28 13:46:57.087175
618,0.0002783,0.0002789,0.0002783,0.0002789,1514485260,0.0,0.0,1,JordanManual,CCCAGG,CJC,2017-12-28 13:46:57.087175
619,0.0002775,0.0002775,0.0002768,0.0002774,1514485440,0.0,0.0,1,JordanManual,CCCAGG,CJC,2017-12-28 13:46:57.087175
620,0.0002772,0.0002782,0.0002772,0.0002782,1514485620,0.0,0.0,1,JordanManual,CCCAGG,CJC,2017-12-28 13:46:57.087175
621,0.0002774,0.0002774,0.000277,0.000277,1514485800,0.0,0.0,1,JordanManual,CCCAGG,CJC,2017-12-28 13:46:57.087175
622,0.0002783,0.0002783,0.0002782,0.0002782,1514485980,0.0,0.0,1,JordanManual,CCCAGG,CJC,2017-12-28 13:46:57.087175
623,0.0002769,0.000278,0.0002769,0.0002779,1514486160,0.0,0.0,1,JordanManual,CCCAGG,CJC,2017-12-28 13:46:57.087175
624,0.000277,0.000277,0.000276,0.000276,1514486340,0.0,0.0,1,JordanManual,CCCAGG,CJC,2017-12-28 13:46:57.087175
625,0.0002767,0.0002769,0.0002766,0.0002766,1514486520,0.0,0.0,1,JordanManual,CCCAGG,CJC,2017-12-28 13:46:57.087175
626,0.0002762,0.0002765,0.0002762,0.0002765,1514486700,0.0,0.0,1,JordanManual,CCCAGG,CJC,2017-12-28 13:46:57.087175
627,0.0002733,0.0002737,0.000273,0.000273,1514486880,0.0,0.0,1,JordanManual,CCCAGG,CJC,2017-12-28 13:46:57.087175
628,0.0002713,0.000272,0.0002709,0.000272,1514487060,0.0,0.0,1,JordanManual,CCCAGG,CJC,2017-12-28 13:46:57.087175
629,0.0002713,0.000272,0.0002711,0.000272,1514487240,0.0,0.0,1,JordanManual,CCCAGG,CJC,2017-12-28 13:46:57.087175
630,0.0002703,0.0002703,0.0002696,0.0002701,1514487420,0.0,0.0,1,JordanManual,CCCAGG,CJC,2017-12-28 13:46:57.087175
631,0.0002714,0.0002729,0.0002714,0.0002723,1514487600,0.0,0.0,1,JordanManual,CCCAGG,CJC,2017-12-28 13:46:57.087175
632,0.0002721,0.0002729,0.000272,0.000272,1514487780,0.0,0.0,1,JordanManual,CCCAGG,CJC,2017-12-28 13:46:57.087175
633,0.0002743,0.0002743,0.0002737,0.0002737,1514487960,0.0,0.0,1,JordanManual,CCCAGG,CJC,2017-12-28 13:46:57.087175
634,0.0002752,0.0002752,0.0002743,0.0002743,1514488140,0.0,0.0,1,JordanManual,CCCAGG,CJC,2017-12-28 13:46:57.087175
635,0.000275,0.000275,0.0002749,0.000275,1514488320,0.0,0.0,1,JordanManual,CCCAGG,CJC,2017-12-28 13:46:57.087175
636,0.0002748,0.0002754,0.0002748,0.0002754,1514488500,0.0,0.0,1,JordanManual,CCCAGG,CJC,2017-12-28 13:46:57.087175
637,0.0002748,0.0002748,0.000274,0.0002746,1514488680,0.0,0.0,1,JordanManual,CCCAGG,CJC,2017-12-28 13:46:57.087175
638,0.0002768,0.0002768,0.0002751,0.0002751,1514488860,0.0,0.0,1,JordanManual,CCCAGG,CJC,2017-12-28 13:46:57.087175
639,0.0002769,0.0002772,0.0002768,0.0002768,1514489040,0.0,0.0,1,JordanManual,CCCAGG,CJC,2017-12-28 13:46:57.087175
640,0.0002773,0.0002773,0.0002771,0.0002771,1514489220,0.0,0.0,1,JordanManual,CCCAGG,CJC,2017-12-28 13:46:57.087175
641,0.0002761,0.0002771,0.0002761,0.0002771,1514489400,0.0,0.0,1,JordanManual,CCCAGG,CJC,2017-12-28 13:46:57.087175
642,0.0002761,0.0002761,0.0002754,0.0002757,1514489580,0.0,0.0,1,JordanManual,CCCAGG,CJC,2017-12-28 13:46:57.087175
643,0.0002767,0.000277,0.0002764,0.0002764,1514489760,0.0,0.0,1,JordanManual,CCCAGG,CJC,2017-12-28 13:46:57.087175
644,0.0002769,0.0002769,0.0002763,0.0002764,1514489940,0.0,0.0,1,JordanManual,CCCAGG,CJC,2017-12-28 13:46:57.087175
645,0.000278,0.000278,0.000277,0.000277,1514490120,0.0,0.0,1,JordanManual,CCCAGG,CJC,2017-12-28 13:46:57.087175
646,0.000278,0.000278,0.0002779,0.000278,1514490300,0.0,0.0,1,JordanManual,CCCAGG,CJC,2017-12-28 13:46:57.087175
647,0.0002769,0.0002783,0.0002769,0.0002783,1514490480,0.0,0.0,1,JordanManual,CCCAGG,CJC,2017-12-28 13:46:57.087175
648,0.0002767,0.0002767,0.0002762,0.0002762,1514490660,0.0,0.0,1,JordanManual,CCCAGG,CJC,2017-12-28 13:46:57.087175
649,0.0002761,0.0002766,0.0002761,0.0002766,1514490840,0.0,0.0,1,JordanManual,CCCAGG,CJC,2017-12-28 13:46:57.087175
650,0.0002779,0.0002779,0.0002765,0.0002765,1514491020,0.0,0.0,1,JordanManual,CCCAGG,CJC,2017-12-28 13:46:57.087175
651,0.0002784,0.0002784,0.0002781,0.0002781,1514491200,0.0,0.0,1,JordanManual,CCCAGG,CJC,2017-12-28 13:46:57.087175
652,0.0002789,0.0002789,0.0002785,0.0002785,1514491380,0.0,0.0,1,JordanManual,CCCAGG,CJC,2017-12-28 13:46:57.087175
653,0.0002804,0.0002804,0.0002796,0.0002796,1514491560,0.0,0.0,1,JordanManual,CCCAGG,CJC,2017-12-28 13:46:57.087175
654,0.0002795,0.0002798,0.0002795,0.0002798,1514491740,0.0,0.0,1,JordanManual,CCCAGG,CJC,2017-12-28 13:46:57.087175
655,0.0002808,0.0002808,0.0002797,0.0002797,1514491920,0.0,0.0,1,JordanManual,CCCAGG,CJC,2017-12-28 13:46:57.087175
656,0.0002816,0.0002816,0.0002805,0.0002806,1514492100,0.0,0.0,1,JordanManual,CCCAGG,CJC,2017-12-28 13:46:57.087175
657,0.0002809,0.0002818,0.0002809,0.0002818,1514492280,0.0,0.0,1,JordanManual,CCCAGG,CJC,2017-12-28 13:46:57.087175
658,0.0002791,0.0002804,0.0002791,0.0002804,1514492460,0.0,0.0,1,JordanManual,CCCAGG,CJC,2017-12-28 13:46:57.087175
659,0.0002796,0.0002798,0.0002795,0.0002795,1514492640,0.0,0.0,1,JordanManual,CCCAGG,CJC,2017-12-28 13:46:57.087175
660,0.0002789,0.0002789,0.0002789,0.0002789,1514492820,0.0,0.0,1,JordanManual,CCCAGG,CJC,2017-12-28 13:46:57.087175
661,0.000279,0.0002791,0.000279,0.0002791,1514493000,0.0,0.0,1,JordanManual,CCCAGG,CJC,2017-12-28 13:46:57.087175
662,0.0002795,0.0002796,0.0002795,0.0002795,1514493180,0.0,0.0,1,JordanManual,CCCAGG,CJC,2017-12-28 13:46:57.087175
663,0.0002803,0.0002803,0.0002797,0.0002797,1514493360,0.0,0.0,1,JordanManual,CCCAGG,CJC,2017-12-28 13:46:57.087175
664,0.0002798,0.0002801,0.0002798,0.0002798,1514493540,0.0,0.0,1,JordanManual,CCCAGG,CJC,2017-12-28 13:46:57.087175
665,0.0002789,0.0002794,0.0002789,0.0002794,1514493720,0.0,0.0,1,JordanManual,CCCAGG,CJC,2017-12-28 13:46:57.087175
666,0.0004176,0.0002788,0.0002786,0.0002788,1514493900,0.0,0.0,1,JordanManual,CCCAGG,CJC,2017-12-28 13:46:57.087175
