Id,Id,Id.1,Id.1.1,close,coin_units,computer_name,exchange,high,low,open,symbol,time,timestamp_api_call,volumefrom,volumeto
0,0.0,0.0,0.0,0.1793,1,JordanManual,CCCAGG,0.18,0.1792,0.18,CMT,1514362860,2017-12-28 10:40:43.738370,282.0,50.63
1,1.0,1.0,1.0,0.1801,1,JordanManual,CCCAGG,0.1801,0.1795,0.1795,CMT,1514363040,2017-12-28 10:40:43.738370,5974.0,1075.92
2,2.0,2.0,2.0,0.1806,1,JordanManual,CCCAGG,0.1806,0.1799,0.1799,CMT,1514363220,2017-12-28 10:40:43.738370,26787.0,4822.79
3,3.0,3.0,3.0,0.1806,1,JordanManual,CCCAGG,0.1806,0.1797,0.1805,CMT,1514363400,2017-12-28 10:40:43.738370,34398.0,6189.78
4,4.0,4.0,4.0,0.179,1,JordanManual,CCCAGG,0.1831,0.1788,0.1805,CMT,1514363580,2017-12-28 10:40:43.738370,79605.0,14257.61
5,5.0,5.0,5.0,0.1805,1,JordanManual,CCCAGG,0.1805,0.1791,0.1791,CMT,1514363760,2017-12-28 10:40:43.738370,2475.0,446.08
6,6.0,6.0,6.0,0.1821,1,JordanManual,CCCAGG,0.1834,0.1817,0.1826,CMT,1514363940,2017-12-28 10:40:43.738370,116403.0,21316.28
7,7.0,7.0,7.0,0.182,1,JordanManual,CCCAGG,0.1823,0.1817,0.1823,CMT,1514364120,2017-12-28 10:40:43.738370,61827.0,11250.77
8,8.0,8.0,8.0,0.1816,1,JordanManual,CCCAGG,0.182,0.1816,0.182,CMT,1514364300,2017-12-28 10:40:43.738370,1773.0,322.5
9,9.0,9.0,9.0,0.1815,1,JordanManual,CCCAGG,0.1817,0.1815,0.1816,CMT,1514364480,2017-12-28 10:40:43.738370,40091.0,7279.34
10,10.0,10.0,10.0,0.1803,1,JordanManual,CCCAGG,0.1812,0.1803,0.1812,CMT,1514364660,2017-12-28 10:40:43.738370,7343.0,1328.43
11,11.0,11.0,11.0,0.18,1,JordanManual,CCCAGG,0.1802,0.1797,0.1802,CMT,1514364840,2017-12-28 10:40:43.738370,9958.0,1793.33
12,12.0,12.0,12.0,0.18,1,JordanManual,CCCAGG,0.1804,0.1792,0.1803,CMT,1514365020,2017-12-28 10:40:43.738370,9902.0,1782.91
13,13.0,13.0,13.0,0.1801,1,JordanManual,CCCAGG,0.1801,0.1797,0.18,CMT,1514365200,2017-12-28 10:40:43.738370,7254.0,1304.99
14,14.0,14.0,14.0,0.1805,1,JordanManual,CCCAGG,0.1806,0.18,0.1803,CMT,1514365380,2017-12-28 10:40:43.738370,140367.0,25348.4
15,15.0,15.0,15.0,0.1798,1,JordanManual,CCCAGG,0.1804,0.1796,0.1798,CMT,1514365560,2017-12-28 10:40:43.738370,35800.0,6429.86
16,16.0,16.0,16.0,0.1802,1,JordanManual,CCCAGG,0.1808,0.1798,0.1798,CMT,1514365740,2017-12-28 10:40:43.738370,29244.0,5267.04
17,17.0,17.0,17.0,0.1803,1,JordanManual,CCCAGG,0.1805,0.18,0.1801,CMT,1514365920,2017-12-28 10:40:43.738370,41010.0,7385.78
18,18.0,18.0,18.0,0.1803,1,JordanManual,CCCAGG,0.1806,0.1803,0.1806,CMT,1514366100,2017-12-28 10:40:43.738370,0.0,0.0
19,19.0,19.0,19.0,0.1796,1,JordanManual,CCCAGG,0.1812,0.1796,0.1799,CMT,1514366280,2017-12-28 10:40:43.738370,70850.0,12724.75
20,20.0,20.0,20.0,0.1792,1,JordanManual,CCCAGG,0.1795,0.1792,0.1794,CMT,1514366460,2017-12-28 10:40:43.738370,78575.0,14099.41
21,21.0,21.0,21.0,0.1785,1,JordanManual,CCCAGG,0.1788,0.1782,0.1788,CMT,1514366640,2017-12-28 10:40:43.738370,23750.0,4239.51
22,22.0,22.0,22.0,0.1779,1,JordanManual,CCCAGG,0.1782,0.1779,0.1782,CMT,1514366820,2017-12-28 10:40:43.738370,23818.22,4238.66
23,23.0,23.0,23.0,0.177,1,JordanManual,CCCAGG,0.178,0.177,0.178,CMT,1514367000,2017-12-28 10:40:43.738370,23169.0,4116.54
24,24.0,24.0,24.0,0.1775,1,JordanManual,CCCAGG,0.1775,0.1768,0.1768,CMT,1514367180,2017-12-28 10:40:43.738370,2875.0,509.82
25,25.0,25.0,25.0,0.176,1,JordanManual,CCCAGG,0.1775,0.176,0.1775,CMT,1514367360,2017-12-28 10:40:43.738370,6132.0,1084.28
26,26.0,26.0,26.0,0.1772,1,JordanManual,CCCAGG,0.1772,0.1766,0.1766,CMT,1514367540,2017-12-28 10:40:43.738370,13740.0,2426.81
27,27.0,27.0,27.0,0.1765,1,JordanManual,CCCAGG,0.1768,0.1765,0.1766,CMT,1514367720,2017-12-28 10:40:43.738370,15911.0,2809.03
28,28.0,28.0,28.0,0.1752,1,JordanManual,CCCAGG,0.176,0.1752,0.1759,CMT,1514367900,2017-12-28 10:40:43.738370,4984.21,874.63
29,29.0,29.0,29.0,0.1755,1,JordanManual,CCCAGG,0.1755,0.1752,0.1752,CMT,1514368080,2017-12-28 10:40:43.738370,600.0,105.3
30,30.0,30.0,30.0,0.1769,1,JordanManual,CCCAGG,0.1769,0.1754,0.1754,CMT,1514368260,2017-12-28 10:40:43.738370,10135.0,1785.79
31,31.0,31.0,31.0,0.1767,1,JordanManual,CCCAGG,0.1772,0.1767,0.1772,CMT,1514368440,2017-12-28 10:40:43.738370,16198.0,2862.41
32,32.0,32.0,32.0,0.1768,1,JordanManual,CCCAGG,0.1768,0.1765,0.1768,CMT,1514368620,2017-12-28 10:40:43.738370,23090.0,4077.69
33,33.0,33.0,33.0,0.1773,1,JordanManual,CCCAGG,0.1776,0.1767,0.1767,CMT,1514368800,2017-12-28 10:40:43.738370,12977.0,2299.14
34,34.0,34.0,34.0,0.1778,1,JordanManual,CCCAGG,0.1779,0.1774,0.1774,CMT,1514368980,2017-12-28 10:40:43.738370,59000.0,10486.21
35,35.0,35.0,35.0,0.1762,1,JordanManual,CCCAGG,0.1778,0.176,0.1778,CMT,1514369160,2017-12-28 10:40:43.738370,28306.0,5004.75
36,36.0,36.0,36.0,0.1765,1,JordanManual,CCCAGG,0.1774,0.1763,0.1763,CMT,1514369340,2017-12-28 10:40:43.738370,14604.0,2588.66
37,37.0,37.0,37.0,0.1756,1,JordanManual,CCCAGG,0.1764,0.1756,0.1763,CMT,1514369520,2017-12-28 10:40:43.738370,9915.0,1741.08
38,38.0,38.0,38.0,0.1757,1,JordanManual,CCCAGG,0.1757,0.1752,0.1754,CMT,1514369700,2017-12-28 10:40:43.738370,6451.0,1133.22
39,39.0,39.0,39.0,0.175,1,JordanManual,CCCAGG,0.1757,0.175,0.1757,CMT,1514369880,2017-12-28 10:40:43.738370,12372.0,2169.58
40,40.0,40.0,40.0,0.1741,1,JordanManual,CCCAGG,0.1754,0.1741,0.1748,CMT,1514370060,2017-12-28 10:40:43.738370,4776.99,836.72
41,41.0,41.0,41.0,0.174,1,JordanManual,CCCAGG,0.1741,0.174,0.174,CMT,1514370240,2017-12-28 10:40:43.738370,7673.0,1335.2
42,42.0,42.0,42.0,0.1724,1,JordanManual,CCCAGG,0.1735,0.1724,0.1735,CMT,1514370420,2017-12-28 10:40:43.738370,19314.0,3349.4
43,43.0,43.0,43.0,0.1726,1,JordanManual,CCCAGG,0.1731,0.1725,0.1725,CMT,1514370600,2017-12-28 10:40:43.738370,9820.0,1695.33
44,44.0,44.0,44.0,0.1735,1,JordanManual,CCCAGG,0.1735,0.1725,0.1725,CMT,1514370780,2017-12-28 10:40:43.738370,30959.0,5361.28
45,45.0,45.0,45.0,0.1739,1,JordanManual,CCCAGG,0.1747,0.1739,0.1739,CMT,1514370960,2017-12-28 10:40:43.738370,11675.0,2035.88
46,46.0,46.0,46.0,0.174,1,JordanManual,CCCAGG,0.1745,0.1734,0.174,CMT,1514371140,2017-12-28 10:40:43.738370,2894.0,503.11
47,47.0,47.0,47.0,0.1744,1,JordanManual,CCCAGG,0.1744,0.1738,0.1738,CMT,1514371320,2017-12-28 10:40:43.738370,25832.0,4500.98
48,48.0,48.0,48.0,0.1743,1,JordanManual,CCCAGG,0.1747,0.1743,0.1747,CMT,1514371500,2017-12-28 10:40:43.738370,8145.0,1419.78
49,49.0,49.0,49.0,0.1735,1,JordanManual,CCCAGG,0.1742,0.1735,0.1738,CMT,1514371680,2017-12-28 10:40:43.738370,16601.0,2888.37
50,50.0,50.0,50.0,0.1733,1,JordanManual,CCCAGG,0.1739,0.1733,0.1739,CMT,1514371860,2017-12-28 10:40:43.738370,7486.0,1297.97
51,51.0,51.0,51.0,0.1732,1,JordanManual,CCCAGG,0.1735,0.1731,0.1735,CMT,1514372040,2017-12-28 10:40:43.738370,831.0,144.16
52,52.0,52.0,52.0,0.1741,1,JordanManual,CCCAGG,0.1741,0.1732,0.1732,CMT,1514372220,2017-12-28 10:40:43.738370,800.0,139.28
53,53.0,53.0,53.0,0.1759,1,JordanManual,CCCAGG,0.1759,0.1751,0.1751,CMT,1514372400,2017-12-28 10:40:43.738370,32260.0,5673.85
54,54.0,54.0,54.0,0.1758,1,JordanManual,CCCAGG,0.1758,0.1754,0.1754,CMT,1514372580,2017-12-28 10:40:43.738370,11203.0,1966.36
55,55.0,55.0,55.0,0.1755,1,JordanManual,CCCAGG,0.1758,0.1755,0.1758,CMT,1514372760,2017-12-28 10:40:43.738370,21266.0,3733.67
56,56.0,56.0,56.0,0.1747,1,JordanManual,CCCAGG,0.1753,0.1747,0.1753,CMT,1514372940,2017-12-28 10:40:43.738370,3664.0,641.66
57,57.0,57.0,57.0,0.1747,1,JordanManual,CCCAGG,0.1753,0.1747,0.175,CMT,1514373120,2017-12-28 10:40:43.738370,53370.0,9324.75
58,58.0,58.0,58.0,0.1762,1,JordanManual,CCCAGG,0.1762,0.1748,0.1748,CMT,1514373300,2017-12-28 10:40:43.738370,42352.0,7459.63
59,59.0,59.0,59.0,0.1755,1,JordanManual,CCCAGG,0.1763,0.1755,0.1763,CMT,1514373480,2017-12-28 10:40:43.738370,25592.0,4494.21
60,60.0,60.0,60.0,0.1754,1,JordanManual,CCCAGG,0.1754,0.1754,0.1754,CMT,1514373660,2017-12-28 10:40:43.738370,1295.0,227.14
61,61.0,61.0,61.0,0.1747,1,JordanManual,CCCAGG,0.1752,0.1747,0.1752,CMT,1514373840,2017-12-28 10:40:43.738370,77771.0,13595.3
62,62.0,62.0,62.0,0.1749,1,JordanManual,CCCAGG,0.1749,0.1742,0.1743,CMT,1514374020,2017-12-28 10:40:43.738370,13847.0,2414.32
63,63.0,63.0,63.0,0.1747,1,JordanManual,CCCAGG,0.1747,0.1747,0.1747,CMT,1514374200,2017-12-28 10:40:43.738370,23484.0,4102.65
64,64.0,64.0,64.0,0.1749,1,JordanManual,CCCAGG,0.1752,0.1747,0.1747,CMT,1514374380,2017-12-28 10:40:43.738370,45565.0,7967.69
65,65.0,65.0,65.0,0.1755,1,JordanManual,CCCAGG,0.1755,0.1751,0.1751,CMT,1514374560,2017-12-28 10:40:43.738370,360.0,63.18
66,66.0,66.0,66.0,0.1754,1,JordanManual,CCCAGG,0.1757,0.1754,0.1757,CMT,1514374740,2017-12-28 10:40:43.738370,0.0,0.0
67,67.0,67.0,67.0,0.176,1,JordanManual,CCCAGG,0.176,0.1754,0.1754,CMT,1514374920,2017-12-28 10:40:43.738370,922.0,162.27
68,68.0,68.0,68.0,0.1763,1,JordanManual,CCCAGG,0.1763,0.176,0.176,CMT,1514375100,2017-12-28 10:40:43.738370,27823.0,4902.6
69,69.0,69.0,69.0,0.176,1,JordanManual,CCCAGG,0.1763,0.176,0.1763,CMT,1514375280,2017-12-28 10:40:43.738370,6482.0,1142.72
70,70.0,70.0,70.0,0.1756,1,JordanManual,CCCAGG,0.1759,0.1756,0.1759,CMT,1514375460,2017-12-28 10:40:43.738370,71451.0,12556.93
71,71.0,71.0,71.0,0.1756,1,JordanManual,CCCAGG,0.1756,0.1753,0.1756,CMT,1514375640,2017-12-28 10:40:43.738370,3552.0,623.66
72,72.0,72.0,72.0,0.1755,1,JordanManual,CCCAGG,0.1758,0.1755,0.1758,CMT,1514375820,2017-12-28 10:40:43.738370,15262.0,2680.33
73,73.0,73.0,73.0,0.1756,1,JordanManual,CCCAGG,0.1761,0.1756,0.1758,CMT,1514376000,2017-12-28 10:40:43.738370,182875.0,32177.69
74,74.0,74.0,74.0,0.1761,1,JordanManual,CCCAGG,0.1761,0.1759,0.1759,CMT,1514376180,2017-12-28 10:40:43.738370,6182.0,1087.89
75,75.0,75.0,75.0,0.1765,1,JordanManual,CCCAGG,0.1768,0.1759,0.1764,CMT,1514376360,2017-12-28 10:40:43.738370,71273.38,12558.53
76,76.0,76.0,76.0,0.1771,1,JordanManual,CCCAGG,0.1778,0.1765,0.1765,CMT,1514376540,2017-12-28 10:40:43.738370,15816.0,2802.5684
77,77.0,77.0,77.0,0.1781,1,JordanManual,CCCAGG,0.1781,0.1772,0.1772,CMT,1514376720,2017-12-28 10:40:43.738370,8396.0,1494.49
78,78.0,78.0,78.0,0.1776,1,JordanManual,CCCAGG,0.178,0.1776,0.178,CMT,1514376900,2017-12-28 10:40:43.738370,5491.0,976.01
79,79.0,79.0,79.0,0.1766,1,JordanManual,CCCAGG,0.1772,0.1766,0.177,CMT,1514377080,2017-12-28 10:40:43.738370,21464.0,3793.65
80,80.0,80.0,80.0,0.1766,1,JordanManual,CCCAGG,0.1771,0.1762,0.1762,CMT,1514377260,2017-12-28 10:40:43.738370,7065.0,1247.6
81,81.0,81.0,81.0,0.1769,1,JordanManual,CCCAGG,0.1775,0.1767,0.1767,CMT,1514377440,2017-12-28 10:40:43.738370,25608.0,4541.2
82,82.0,82.0,82.0,0.1776,1,JordanManual,CCCAGG,0.1776,0.177,0.177,CMT,1514377620,2017-12-28 10:40:43.738370,36410.0,6466.42
83,83.0,83.0,83.0,0.1774,1,JordanManual,CCCAGG,0.1775,0.1772,0.1775,CMT,1514377800,2017-12-28 10:40:43.738370,14645.0,2597.39
84,84.0,84.0,84.0,0.1782,1,JordanManual,CCCAGG,0.1782,0.1776,0.1776,CMT,1514377980,2017-12-28 10:40:43.738370,4909.0,873.77
85,85.0,85.0,85.0,0.1772,1,JordanManual,CCCAGG,0.178,0.1772,0.178,CMT,1514378160,2017-12-28 10:40:43.738370,20043.79,3556.09
86,86.0,86.0,86.0,0.1766,1,JordanManual,CCCAGG,0.1774,0.1766,0.1773,CMT,1514378340,2017-12-28 10:40:43.738370,131047.0,23211.75
87,87.0,87.0,87.0,0.1773,1,JordanManual,CCCAGG,0.1773,0.1764,0.1764,CMT,1514378520,2017-12-28 10:40:43.738370,4550.0,805.19
88,88.0,88.0,88.0,0.1772,1,JordanManual,CCCAGG,0.1775,0.1771,0.1774,CMT,1514378700,2017-12-28 10:40:43.738370,23145.0,4105.56
89,89.0,89.0,89.0,0.1783,1,JordanManual,CCCAGG,0.1783,0.1774,0.1774,CMT,1514378880,2017-12-28 10:40:43.738370,28267.0,5034.26
90,90.0,90.0,90.0,0.1787,1,JordanManual,CCCAGG,0.1787,0.1782,0.1782,CMT,1514379060,2017-12-28 10:40:43.738370,19456.0,3471.97
91,91.0,91.0,91.0,0.1791,1,JordanManual,CCCAGG,0.1796,0.1787,0.1787,CMT,1514379240,2017-12-28 10:40:43.738370,53109.32,9519.94
92,92.0,92.0,92.0,0.1796,1,JordanManual,CCCAGG,0.1796,0.179,0.179,CMT,1514379420,2017-12-28 10:40:43.738370,3842.29,688.79
93,93.0,93.0,93.0,0.1777,1,JordanManual,CCCAGG,0.1792,0.1777,0.1792,CMT,1514379600,2017-12-28 10:40:43.738370,13008.26,2316.73
94,94.0,94.0,94.0,0.1783,1,JordanManual,CCCAGG,0.1794,0.1782,0.179,CMT,1514379780,2017-12-28 10:40:43.738370,12078.0,2154.72
95,95.0,95.0,95.0,0.178,1,JordanManual,CCCAGG,0.1784,0.178,0.1782,CMT,1514379960,2017-12-28 10:40:43.738370,15468.0,2757.11
96,96.0,96.0,96.0,0.1772,1,JordanManual,CCCAGG,0.1778,0.1768,0.1776,CMT,1514380140,2017-12-28 10:40:43.738370,16093.0,2858.99
97,97.0,97.0,97.0,0.177,1,JordanManual,CCCAGG,0.1772,0.1762,0.1772,CMT,1514380320,2017-12-28 10:40:43.738370,22987.0,4069.18
98,98.0,98.0,98.0,0.176,1,JordanManual,CCCAGG,0.1772,0.176,0.177,CMT,1514380500,2017-12-28 10:40:43.738370,40677.0,7200.19
99,99.0,99.0,99.0,0.1761,1,JordanManual,CCCAGG,0.1766,0.1761,0.1766,CMT,1514380680,2017-12-28 10:40:43.738370,62804.0,11071.98
100,100.0,100.0,100.0,0.1771,1,JordanManual,CCCAGG,0.1773,0.1761,0.1761,CMT,1514380860,2017-12-28 10:40:43.738370,22148.0,3915.24
101,101.0,101.0,101.0,0.1776,1,JordanManual,CCCAGG,0.1777,0.1774,0.1774,CMT,1514381040,2017-12-28 10:40:43.738370,3943.0,700.32
102,102.0,102.0,102.0,0.1775,1,JordanManual,CCCAGG,0.1777,0.1775,0.1777,CMT,1514381220,2017-12-28 10:40:43.738370,2235.0,396.82
103,103.0,103.0,103.0,0.1782,1,JordanManual,CCCAGG,0.1788,0.1776,0.1776,CMT,1514381400,2017-12-28 10:40:43.738370,111826.0,19923.51
104,104.0,104.0,104.0,0.1786,1,JordanManual,CCCAGG,0.1789,0.1781,0.1781,CMT,1514381580,2017-12-28 10:40:43.738370,27492.0,4906.13
105,105.0,105.0,105.0,0.1804,1,JordanManual,CCCAGG,0.1816,0.1787,0.1787,CMT,1514381760,2017-12-28 10:40:43.738370,130344.0,23334.29
106,106.0,106.0,106.0,0.1823,1,JordanManual,CCCAGG,0.1828,0.1803,0.1803,CMT,1514381940,2017-12-28 10:40:43.738370,34235.0,6198.1
107,107.0,107.0,107.0,0.1819,1,JordanManual,CCCAGG,0.1823,0.18,0.1823,CMT,1514382120,2017-12-28 10:40:43.738370,3344.0,607.47
108,108.0,108.0,108.0,0.1831,1,JordanManual,CCCAGG,0.1831,0.1819,0.1819,CMT,1514382300,2017-12-28 10:40:43.738370,22272.0,4061.87
109,109.0,109.0,109.0,0.1835,1,JordanManual,CCCAGG,0.1835,0.1826,0.183,CMT,1514382480,2017-12-28 10:40:43.738370,11013.0,2018.27
110,110.0,110.0,110.0,0.1831,1,JordanManual,CCCAGG,0.1838,0.181,0.1838,CMT,1514382660,2017-12-28 10:40:43.738370,10208.0,1867.21
111,111.0,111.0,111.0,0.1835,1,JordanManual,CCCAGG,0.1835,0.182,0.1831,CMT,1514382840,2017-12-28 10:40:43.738370,12994.0,2383.77
112,112.0,112.0,112.0,0.1822,1,JordanManual,CCCAGG,0.1837,0.1822,0.1837,CMT,1514383020,2017-12-28 10:40:43.738370,45163.0,8231.23
113,113.0,113.0,113.0,0.1833,1,JordanManual,CCCAGG,0.1833,0.1825,0.183,CMT,1514383200,2017-12-28 10:40:43.738370,42672.0,7803.56
114,114.0,114.0,114.0,0.1827,1,JordanManual,CCCAGG,0.1833,0.1827,0.1833,CMT,1514383380,2017-12-28 10:40:43.738370,44396.0,8132.56
115,115.0,115.0,115.0,0.1826,1,JordanManual,CCCAGG,0.1829,0.1822,0.1824,CMT,1514383560,2017-12-28 10:40:43.738370,31362.0,5727.3
116,116.0,116.0,116.0,0.1851,1,JordanManual,CCCAGG,0.1851,0.183,0.183,CMT,1514383740,2017-12-28 10:40:43.738370,93104.0,17171.95
117,117.0,117.0,117.0,0.1862,1,JordanManual,CCCAGG,0.1862,0.1838,0.184,CMT,1514383920,2017-12-28 10:40:43.738370,80791.0,14940.17
118,118.0,118.0,118.0,0.1857,1,JordanManual,CCCAGG,0.1872,0.1852,0.1864,CMT,1514384100,2017-12-28 10:40:43.738370,58463.0,10899.95
119,119.0,119.0,119.0,0.1853,1,JordanManual,CCCAGG,0.1869,0.185,0.1858,CMT,1514384280,2017-12-28 10:40:43.738370,46173.0,8550.02
120,120.0,120.0,120.0,0.184,1,JordanManual,CCCAGG,0.1857,0.1838,0.1853,CMT,1514384460,2017-12-28 10:40:43.738370,140883.0,26053.37
121,121.0,121.0,121.0,0.1829,1,JordanManual,CCCAGG,0.1843,0.1829,0.1843,CMT,1514384640,2017-12-28 10:40:43.738370,39434.0,7250.32
122,122.0,122.0,122.0,0.1835,1,JordanManual,CCCAGG,0.1841,0.1829,0.1829,CMT,1514384820,2017-12-28 10:40:43.738370,3707.77,680.99
123,123.0,123.0,123.0,0.1837,1,JordanManual,CCCAGG,0.1843,0.1832,0.1832,CMT,1514385000,2017-12-28 10:40:43.738370,15962.0,2938.81
124,124.0,124.0,124.0,0.1832,1,JordanManual,CCCAGG,0.1839,0.183,0.1838,CMT,1514385180,2017-12-28 10:40:43.738370,34556.0,6345.68
125,125.0,125.0,125.0,0.1831,1,JordanManual,CCCAGG,0.1837,0.183,0.183,CMT,1514385360,2017-12-28 10:40:43.738370,29237.0,5360.05
126,126.0,126.0,126.0,0.1823,1,JordanManual,CCCAGG,0.1824,0.1817,0.1821,CMT,1514385540,2017-12-28 10:40:43.738370,9515.0,1732.76
127,127.0,127.0,127.0,0.181,1,JordanManual,CCCAGG,0.1823,0.181,0.1822,CMT,1514385720,2017-12-28 10:40:43.738370,142341.0,25871.35
128,128.0,128.0,128.0,0.1822,1,JordanManual,CCCAGG,0.1822,0.181,0.181,CMT,1514385900,2017-12-28 10:40:43.738370,47739.0,8684.44
129,129.0,129.0,129.0,0.181,1,JordanManual,CCCAGG,0.1827,0.1809,0.1827,CMT,1514386080,2017-12-28 10:40:43.738370,97046.0,17578.16
130,130.0,130.0,130.0,0.1817,1,JordanManual,CCCAGG,0.1817,0.1802,0.1804,CMT,1514386260,2017-12-28 10:40:43.738370,48407.0,8758.31
131,131.0,131.0,131.0,0.1815,1,JordanManual,CCCAGG,0.1817,0.1811,0.1815,CMT,1514386440,2017-12-28 10:40:43.738370,41677.0,7563.05
132,132.0,132.0,132.0,0.1812,1,JordanManual,CCCAGG,0.1818,0.1812,0.1817,CMT,1514386620,2017-12-28 10:40:43.738370,48756.0,8847.41
133,133.0,133.0,133.0,0.1803,1,JordanManual,CCCAGG,0.1811,0.1802,0.1802,CMT,1514386800,2017-12-28 10:40:43.738370,93902.0,16941.18
134,134.0,134.0,134.0,0.1794,1,JordanManual,CCCAGG,0.1802,0.1792,0.1799,CMT,1514386980,2017-12-28 10:40:43.738370,23864.0,4290.39
135,135.0,135.0,135.0,0.1813,1,JordanManual,CCCAGG,0.182,0.1795,0.1795,CMT,1514387160,2017-12-28 10:40:43.738370,72003.21,12950.43
136,136.0,136.0,136.0,0.1818,1,JordanManual,CCCAGG,0.1835,0.1805,0.1805,CMT,1514387340,2017-12-28 10:40:43.738370,163347.0,29682.13
137,137.0,137.0,137.0,0.182,1,JordanManual,CCCAGG,0.183,0.1812,0.1817,CMT,1514387520,2017-12-28 10:40:43.738370,49059.0,8921.68
138,138.0,138.0,138.0,0.1838,1,JordanManual,CCCAGG,0.184,0.1817,0.1817,CMT,1514387700,2017-12-28 10:40:43.738370,49165.0,8998.6
139,139.0,139.0,139.0,0.1842,1,JordanManual,CCCAGG,0.1842,0.1832,0.1834,CMT,1514387880,2017-12-28 10:40:43.738370,91542.0,16810.12
140,140.0,140.0,140.0,0.184,1,JordanManual,CCCAGG,0.1843,0.1837,0.1843,CMT,1514388060,2017-12-28 10:40:43.738370,24637.0,4534.05
141,141.0,141.0,141.0,0.1847,1,JordanManual,CCCAGG,0.1849,0.1833,0.1842,CMT,1514388240,2017-12-28 10:40:43.738370,33605.0,6206.84
142,142.0,142.0,142.0,0.1851,1,JordanManual,CCCAGG,0.1855,0.1837,0.1837,CMT,1514388420,2017-12-28 10:40:43.738370,38597.0,7149.03
143,143.0,143.0,143.0,0.1839,1,JordanManual,CCCAGG,0.1846,0.1839,0.1846,CMT,1514388600,2017-12-28 10:40:43.738370,45202.0,8321.48
144,144.0,144.0,144.0,0.1843,1,JordanManual,CCCAGG,0.1847,0.1839,0.1847,CMT,1514388780,2017-12-28 10:40:43.738370,66971.0,12332.42
145,145.0,145.0,145.0,0.1821,1,JordanManual,CCCAGG,0.1842,0.1815,0.1842,CMT,1514388960,2017-12-28 10:40:43.738370,108955.0,19909.72
146,146.0,146.0,146.0,0.1827,1,JordanManual,CCCAGG,0.1834,0.1818,0.1829,CMT,1514389140,2017-12-28 10:40:43.738370,71331.0,13035.93
147,147.0,147.0,147.0,0.1836,1,JordanManual,CCCAGG,0.1836,0.182,0.1824,CMT,1514389320,2017-12-28 10:40:43.738370,23250.0,4249.27
148,148.0,148.0,148.0,0.1826,1,JordanManual,CCCAGG,0.1835,0.1826,0.1835,CMT,1514389500,2017-12-28 10:40:43.738370,38368.0,7012.73
149,149.0,149.0,149.0,0.1831,1,JordanManual,CCCAGG,0.1833,0.1828,0.1828,CMT,1514389680,2017-12-28 10:40:43.738370,34127.0,6246.53
150,150.0,150.0,150.0,0.1836,1,JordanManual,CCCAGG,0.1836,0.183,0.183,CMT,1514389860,2017-12-28 10:40:43.738370,15080.0,2766.26
151,151.0,151.0,151.0,0.1836,1,JordanManual,CCCAGG,0.1837,0.1835,0.1836,CMT,1514390040,2017-12-28 10:40:43.738370,7008.0,1286.81
152,152.0,152.0,152.0,0.1839,1,JordanManual,CCCAGG,0.1844,0.1836,0.1836,CMT,1514390220,2017-12-28 10:40:43.738370,7582.0,1393.55
153,153.0,153.0,153.0,0.1852,1,JordanManual,CCCAGG,0.1852,0.1838,0.1838,CMT,1514390400,2017-12-28 10:40:43.738370,17851.0,3298.71
154,154.0,154.0,154.0,0.1841,1,JordanManual,CCCAGG,0.185,0.1841,0.1846,CMT,1514390580,2017-12-28 10:40:43.738370,9586.0,1768.63
155,155.0,155.0,155.0,0.1831,1,JordanManual,CCCAGG,0.1839,0.1829,0.1839,CMT,1514390760,2017-12-28 10:40:43.738370,21504.0,3940.4
156,156.0,156.0,156.0,0.1828,1,JordanManual,CCCAGG,0.1834,0.1828,0.1834,CMT,1514390940,2017-12-28 10:40:43.738370,16725.0,3060.25
157,157.0,157.0,157.0,0.1826,1,JordanManual,CCCAGG,0.1832,0.1826,0.1827,CMT,1514391120,2017-12-28 10:40:43.738370,44186.0,8071.42
158,158.0,158.0,158.0,0.1825,1,JordanManual,CCCAGG,0.1825,0.1824,0.1825,CMT,1514391300,2017-12-28 10:40:43.738370,21998.0,4014.64
159,159.0,159.0,159.0,0.1828,1,JordanManual,CCCAGG,0.1828,0.1825,0.1826,CMT,1514391480,2017-12-28 10:40:43.738370,40168.0,7332.37
160,160.0,160.0,160.0,0.1828,1,JordanManual,CCCAGG,0.1828,0.1824,0.1828,CMT,1514391660,2017-12-28 10:40:43.738370,61819.0,11280.62
161,161.0,161.0,161.0,0.1822,1,JordanManual,CCCAGG,0.1827,0.1813,0.1826,CMT,1514391840,2017-12-28 10:40:43.738370,86711.0,15767.16
162,162.0,162.0,162.0,0.1805,1,JordanManual,CCCAGG,0.1812,0.1799,0.1812,CMT,1514392020,2017-12-28 10:40:43.738370,54167.0,9795.82
163,163.0,163.0,163.0,0.1802,1,JordanManual,CCCAGG,0.1809,0.1798,0.18,CMT,1514392200,2017-12-28 10:40:43.738370,252878.0,45609.31
164,164.0,164.0,164.0,0.1785,1,JordanManual,CCCAGG,0.1809,0.1785,0.1809,CMT,1514392380,2017-12-28 10:40:43.738370,143179.0,25699.38
165,165.0,165.0,165.0,0.1784,1,JordanManual,CCCAGG,0.179,0.1783,0.1787,CMT,1514392560,2017-12-28 10:40:43.738370,10614.0,1896.31
166,166.0,166.0,166.0,0.1789,1,JordanManual,CCCAGG,0.179,0.1774,0.1782,CMT,1514392740,2017-12-28 10:40:43.738370,31368.0,5592.97
167,167.0,167.0,167.0,0.1795,1,JordanManual,CCCAGG,0.1795,0.178,0.178,CMT,1514392920,2017-12-28 10:40:43.738370,14715.0,2626.43
168,168.0,168.0,168.0,0.1788,1,JordanManual,CCCAGG,0.1797,0.1784,0.1789,CMT,1514393100,2017-12-28 10:40:43.738370,54035.0,9678.79
169,169.0,169.0,169.0,0.1783,1,JordanManual,CCCAGG,0.1791,0.1783,0.1791,CMT,1514393280,2017-12-28 10:40:43.738370,48121.0,8611.82
170,170.0,170.0,170.0,0.1772,1,JordanManual,CCCAGG,0.1785,0.1772,0.1785,CMT,1514393460,2017-12-28 10:40:43.738370,6245.0,1114.66
171,171.0,171.0,171.0,0.1759,1,JordanManual,CCCAGG,0.177,0.175,0.177,CMT,1514393640,2017-12-28 10:40:43.738370,5005.0,881.33
172,172.0,172.0,172.0,0.1766,1,JordanManual,CCCAGG,0.1766,0.1762,0.1766,CMT,1514393820,2017-12-28 10:40:43.738370,20200.0,3567.32
173,173.0,173.0,173.0,0.1759,1,JordanManual,CCCAGG,0.1772,0.1755,0.1772,CMT,1514394000,2017-12-28 10:40:43.738370,34469.0,6062.74
174,174.0,174.0,174.0,0.1757,1,JordanManual,CCCAGG,0.1764,0.1751,0.1751,CMT,1514394180,2017-12-28 10:40:43.738370,15254.0,2685.51
175,175.0,175.0,175.0,0.1748,1,JordanManual,CCCAGG,0.1761,0.1746,0.1749,CMT,1514394360,2017-12-28 10:40:43.738370,47560.0,8309.79
176,176.0,176.0,176.0,0.1774,1,JordanManual,CCCAGG,0.1774,0.1749,0.1749,CMT,1514394540,2017-12-28 10:40:43.738370,55101.0,9748.72
177,177.0,177.0,177.0,0.1776,1,JordanManual,CCCAGG,0.1782,0.1776,0.1779,CMT,1514394720,2017-12-28 10:40:43.738370,203.0,36.17
178,178.0,178.0,178.0,0.1772,1,JordanManual,CCCAGG,0.1776,0.1771,0.1771,CMT,1514394900,2017-12-28 10:40:43.738370,5506.0,976.94
179,179.0,179.0,179.0,0.1758,1,JordanManual,CCCAGG,0.1776,0.1757,0.1774,CMT,1514395080,2017-12-28 10:40:43.738370,73892.0,13029.77
180,180.0,180.0,180.0,0.1764,1,JordanManual,CCCAGG,0.1768,0.1756,0.1756,CMT,1514395260,2017-12-28 10:40:43.738370,58227.0,10275.55
181,181.0,181.0,181.0,0.1762,1,JordanManual,CCCAGG,0.1767,0.176,0.1764,CMT,1514395440,2017-12-28 10:40:43.738370,28156.0,4962.4
182,182.0,182.0,182.0,0.1775,1,JordanManual,CCCAGG,0.1775,0.1767,0.1767,CMT,1514395620,2017-12-28 10:40:43.738370,22175.0,3930.25
183,183.0,183.0,183.0,0.1781,1,JordanManual,CCCAGG,0.1781,0.1769,0.1776,CMT,1514395800,2017-12-28 10:40:43.738370,5231.0,929.52
184,184.0,184.0,184.0,0.1785,1,JordanManual,CCCAGG,0.1785,0.1776,0.1785,CMT,1514395980,2017-12-28 10:40:43.738370,3856.0,685.57
185,185.0,185.0,185.0,0.1782,1,JordanManual,CCCAGG,0.1792,0.1782,0.1788,CMT,1514396160,2017-12-28 10:40:43.738370,16837.0,3006.69
186,186.0,186.0,186.0,0.1784,1,JordanManual,CCCAGG,0.1785,0.1782,0.1782,CMT,1514396340,2017-12-28 10:40:43.738370,1663.0,296.35
187,187.0,187.0,187.0,0.1771,1,JordanManual,CCCAGG,0.1784,0.1771,0.1784,CMT,1514396520,2017-12-28 10:40:43.738370,9009.0,1595.5
188,188.0,188.0,188.0,0.1772,1,JordanManual,CCCAGG,0.1775,0.1768,0.1775,CMT,1514396700,2017-12-28 10:40:43.738370,19943.0,3525.92
189,189.0,189.0,189.0,0.1807,1,JordanManual,CCCAGG,0.1807,0.1774,0.1774,CMT,1514396880,2017-12-28 10:40:43.738370,98801.0,17749.93
190,190.0,190.0,190.0,0.181,1,JordanManual,CCCAGG,0.1812,0.1778,0.181,CMT,1514397060,2017-12-28 10:40:43.738370,69748.0,12624.4
191,191.0,191.0,191.0,0.1817,1,JordanManual,CCCAGG,0.1817,0.181,0.181,CMT,1514397240,2017-12-28 10:40:43.738370,42510.0,7708.71
192,192.0,192.0,192.0,0.1802,1,JordanManual,CCCAGG,0.1814,0.1802,0.1814,CMT,1514397420,2017-12-28 10:40:43.738370,4929.0,891.03
193,193.0,193.0,193.0,0.1808,1,JordanManual,CCCAGG,0.1808,0.1803,0.1803,CMT,1514397600,2017-12-28 10:40:43.738370,59830.0,10805.4
194,194.0,194.0,194.0,0.1811,1,JordanManual,CCCAGG,0.1811,0.181,0.181,CMT,1514397780,2017-12-28 10:40:43.738370,6596.0,1194.34
195,195.0,195.0,195.0,0.183,1,JordanManual,CCCAGG,0.183,0.1812,0.1812,CMT,1514397960,2017-12-28 10:40:43.738370,300.0,54.62
196,196.0,196.0,196.0,0.1832,1,JordanManual,CCCAGG,0.1838,0.183,0.1833,CMT,1514398140,2017-12-28 10:40:43.738370,10193.0,1867.57
197,197.0,197.0,197.0,0.1832,1,JordanManual,CCCAGG,0.1838,0.183,0.183,CMT,1514398320,2017-12-28 10:40:43.738370,6461.0,1185.47
198,198.0,198.0,198.0,0.1833,1,JordanManual,CCCAGG,0.1833,0.1825,0.1828,CMT,1514398500,2017-12-28 10:40:43.738370,512.0,93.67
199,199.0,199.0,199.0,0.1832,1,JordanManual,CCCAGG,0.1837,0.1832,0.1834,CMT,1514398680,2017-12-28 10:40:43.738370,3153.0,578.65
200,200.0,200.0,200.0,0.183,1,JordanManual,CCCAGG,0.1831,0.183,0.1831,CMT,1514398860,2017-12-28 10:40:43.738370,3163.0,579.15
201,201.0,201.0,201.0,0.182,1,JordanManual,CCCAGG,0.1829,0.182,0.1829,CMT,1514399040,2017-12-28 10:40:43.738370,4732.0,864.54
202,202.0,202.0,202.0,0.1807,1,JordanManual,CCCAGG,0.1814,0.1804,0.1814,CMT,1514399220,2017-12-28 10:40:43.738370,4209.0,761.13
203,203.0,203.0,203.0,0.1801,1,JordanManual,CCCAGG,0.1808,0.1801,0.1803,CMT,1514399400,2017-12-28 10:40:43.738370,81661.0,14715.6
204,204.0,204.0,204.0,0.1784,1,JordanManual,CCCAGG,0.1797,0.1784,0.1797,CMT,1514399580,2017-12-28 10:40:43.738370,16026.0,2859.04
205,205.0,205.0,205.0,0.1803,1,JordanManual,CCCAGG,0.1803,0.1793,0.1793,CMT,1514399760,2017-12-28 10:40:43.738370,35700.0,6435.57
206,206.0,206.0,206.0,0.1801,1,JordanManual,CCCAGG,0.1801,0.1787,0.1787,CMT,1514399940,2017-12-28 10:40:43.738370,3358.0,600.72
207,207.0,207.0,207.0,0.1801,1,JordanManual,CCCAGG,0.181,0.1801,0.1806,CMT,1514400120,2017-12-28 10:40:43.738370,126.0,22.69
208,208.0,208.0,208.0,0.1792,1,JordanManual,CCCAGG,0.1799,0.1791,0.1799,CMT,1514400300,2017-12-28 10:40:43.738370,38835.0,6968.37
209,209.0,209.0,209.0,0.1793,1,JordanManual,CCCAGG,0.1811,0.1792,0.1794,CMT,1514400480,2017-12-28 10:40:43.738370,30931.0,5559.61
210,210.0,210.0,210.0,0.1793,1,JordanManual,CCCAGG,0.1794,0.1793,0.1794,CMT,1514400660,2017-12-28 10:40:43.738370,150.0,26.91
211,211.0,211.0,211.0,0.1805,1,JordanManual,CCCAGG,0.1805,0.1787,0.179,CMT,1514400840,2017-12-28 10:40:43.738370,7239.0,1306.64
212,212.0,212.0,212.0,0.181,1,JordanManual,CCCAGG,0.181,0.1805,0.1805,CMT,1514401020,2017-12-28 10:40:43.738370,907.0,164.17
213,213.0,213.0,213.0,0.182,1,JordanManual,CCCAGG,0.182,0.1799,0.1812,CMT,1514401200,2017-12-28 10:40:43.738370,4439.0,807.7
214,214.0,214.0,214.0,0.1835,1,JordanManual,CCCAGG,0.1835,0.182,0.182,CMT,1514401380,2017-12-28 10:40:43.738370,5381.22,986.36
215,215.0,215.0,215.0,0.1832,1,JordanManual,CCCAGG,0.1837,0.1832,0.1836,CMT,1514401560,2017-12-28 10:40:43.738370,215.82,39.63
216,216.0,216.0,216.0,0.1836,1,JordanManual,CCCAGG,0.1836,0.1835,0.1835,CMT,1514401740,2017-12-28 10:40:43.738370,0.0,0.0
217,217.0,217.0,217.0,0.1846,1,JordanManual,CCCAGG,0.1846,0.1832,0.1838,CMT,1514401920,2017-12-28 10:40:43.738370,2022.0,371.86
218,218.0,218.0,218.0,0.1836,1,JordanManual,CCCAGG,0.1848,0.1836,0.1848,CMT,1514402100,2017-12-28 10:40:43.738370,312.0,57.28
219,219.0,219.0,219.0,0.1842,1,JordanManual,CCCAGG,0.1843,0.1834,0.1834,CMT,1514402280,2017-12-28 10:40:43.738370,1645.0,302.68
220,220.0,220.0,220.0,0.1842,1,JordanManual,CCCAGG,0.1844,0.1839,0.1842,CMT,1514402460,2017-12-28 10:40:43.738370,1974.0,363.21
221,221.0,221.0,221.0,0.184,1,JordanManual,CCCAGG,0.1843,0.184,0.1842,CMT,1514402640,2017-12-28 10:40:43.738370,3679.87,677.54
222,222.0,222.0,222.0,0.1836,1,JordanManual,CCCAGG,0.1836,0.1833,0.1833,CMT,1514402820,2017-12-28 10:40:43.738370,283.0,51.96
223,223.0,223.0,223.0,0.1829,1,JordanManual,CCCAGG,0.1836,0.1828,0.1836,CMT,1514403000,2017-12-28 10:40:43.738370,7941.0,1451.73
224,224.0,224.0,224.0,0.1806,1,JordanManual,CCCAGG,0.1826,0.1806,0.1825,CMT,1514403180,2017-12-28 10:40:43.738370,3457.0,625.2
225,225.0,225.0,225.0,0.1812,1,JordanManual,CCCAGG,0.1812,0.1805,0.1805,CMT,1514403360,2017-12-28 10:40:43.738370,2271.0,410.6
226,226.0,226.0,226.0,0.1811,1,JordanManual,CCCAGG,0.1818,0.181,0.1813,CMT,1514403540,2017-12-28 10:40:43.738370,529.0,96.15
227,227.0,227.0,227.0,0.18,1,JordanManual,CCCAGG,0.1808,0.18,0.1808,CMT,1514403720,2017-12-28 10:40:43.738370,0.0,0.0
228,228.0,228.0,228.0,0.1794,1,JordanManual,CCCAGG,0.1795,0.1789,0.1795,CMT,1514403900,2017-12-28 10:40:43.738370,0.0,0.0
229,229.0,229.0,229.0,0.1804,1,JordanManual,CCCAGG,0.1811,0.1795,0.1795,CMT,1514404080,2017-12-28 10:40:43.738370,824.0,149.01
230,230.0,230.0,230.0,0.1783,1,JordanManual,CCCAGG,0.1799,0.1783,0.1799,CMT,1514404260,2017-12-28 10:40:43.738370,4991.0,896.38
231,231.0,231.0,231.0,0.1788,1,JordanManual,CCCAGG,0.1788,0.1782,0.1782,CMT,1514404440,2017-12-28 10:40:43.738370,0.0,0.0
232,232.0,232.0,232.0,0.1786,1,JordanManual,CCCAGG,0.1791,0.1786,0.1789,CMT,1514404620,2017-12-28 10:40:43.738370,5737.0,1024.94
233,233.0,233.0,233.0,0.1807,1,JordanManual,CCCAGG,0.1807,0.1796,0.1796,CMT,1514404800,2017-12-28 10:40:43.738370,10424.0,1874.79
234,234.0,234.0,234.0,0.1803,1,JordanManual,CCCAGG,0.1807,0.1803,0.1807,CMT,1514404980,2017-12-28 10:40:43.738370,9555.0,1722.77
235,235.0,235.0,235.0,0.1796,1,JordanManual,CCCAGG,0.1801,0.1781,0.1801,CMT,1514405160,2017-12-28 10:40:43.738370,6173.3,1108.72
236,236.0,236.0,236.0,0.1771,1,JordanManual,CCCAGG,0.1792,0.1769,0.1792,CMT,1514405340,2017-12-28 10:40:43.738370,44140.74,7836.62
237,237.0,237.0,237.0,0.1768,1,JordanManual,CCCAGG,0.1772,0.1768,0.1772,CMT,1514405520,2017-12-28 10:40:43.738370,14419.0,2552.55
238,238.0,238.0,238.0,0.1776,1,JordanManual,CCCAGG,0.1779,0.1768,0.1768,CMT,1514405700,2017-12-28 10:40:43.738370,16986.0,3011.23
239,239.0,239.0,239.0,0.1791,1,JordanManual,CCCAGG,0.1791,0.1772,0.1772,CMT,1514405880,2017-12-28 10:40:43.738370,27748.0,4947.02
240,240.0,240.0,240.0,0.1784,1,JordanManual,CCCAGG,0.1795,0.1782,0.1791,CMT,1514406060,2017-12-28 10:40:43.738370,26367.0,4698.64
241,241.0,241.0,241.0,0.1798,1,JordanManual,CCCAGG,0.1803,0.1786,0.1786,CMT,1514406240,2017-12-28 10:40:43.738370,2356.0,424.39
242,242.0,242.0,242.0,0.1784,1,JordanManual,CCCAGG,0.1791,0.1784,0.1791,CMT,1514406420,2017-12-28 10:40:43.738370,4200.0,749.91
243,243.0,243.0,243.0,0.1766,1,JordanManual,CCCAGG,0.1779,0.1758,0.1779,CMT,1514406600,2017-12-28 10:40:43.738370,6106.0,1079.54
244,244.0,244.0,244.0,0.177,1,JordanManual,CCCAGG,0.1775,0.1762,0.1775,CMT,1514406780,2017-12-28 10:40:43.738370,8987.0,1588.35
245,245.0,245.0,245.0,0.1762,1,JordanManual,CCCAGG,0.1775,0.1759,0.1774,CMT,1514406960,2017-12-28 10:40:43.738370,8554.0,1515.12
246,246.0,246.0,246.0,0.1778,1,JordanManual,CCCAGG,0.1778,0.1761,0.1761,CMT,1514407140,2017-12-28 10:40:43.738370,3100.0,550.74
247,247.0,247.0,247.0,0.1772,1,JordanManual,CCCAGG,0.1778,0.1772,0.1775,CMT,1514407320,2017-12-28 10:40:43.738370,432.0,76.69
248,248.0,248.0,248.0,0.1784,1,JordanManual,CCCAGG,0.1784,0.1772,0.1772,CMT,1514407500,2017-12-28 10:40:43.738370,31130.0,5553.59
249,249.0,249.0,249.0,0.1781,1,JordanManual,CCCAGG,0.1789,0.1781,0.1786,CMT,1514407680,2017-12-28 10:40:43.738370,16064.26,2869.06
250,250.0,250.0,250.0,0.1783,1,JordanManual,CCCAGG,0.1789,0.1781,0.1781,CMT,1514407860,2017-12-28 10:40:43.738370,1356.0,242.12
251,251.0,251.0,251.0,0.1775,1,JordanManual,CCCAGG,0.1783,0.1775,0.1783,CMT,1514408040,2017-12-28 10:40:43.738370,2965.04,527.19
252,252.0,252.0,252.0,0.1776,1,JordanManual,CCCAGG,0.1786,0.1775,0.1781,CMT,1514408220,2017-12-28 10:40:43.738370,52332.0,9294.34
253,253.0,253.0,253.0,0.1788,1,JordanManual,CCCAGG,0.179,0.1788,0.1788,CMT,1514408400,2017-12-28 10:40:43.738370,12834.0,2296.82
254,254.0,254.0,254.0,0.1804,1,JordanManual,CCCAGG,0.1804,0.1794,0.1794,CMT,1514408580,2017-12-28 10:40:43.738370,28074.0,5042.33
255,255.0,255.0,255.0,0.1818,1,JordanManual,CCCAGG,0.1818,0.181,0.181,CMT,1514408760,2017-12-28 10:40:43.738370,219.0,39.68
256,256.0,256.0,256.0,0.1822,1,JordanManual,CCCAGG,0.1829,0.1813,0.1826,CMT,1514408940,2017-12-28 10:40:43.738370,10829.0,1976.55
257,257.0,257.0,257.0,0.1827,1,JordanManual,CCCAGG,0.1827,0.1822,0.1822,CMT,1514409120,2017-12-28 10:40:43.738370,0.0,0.0
258,258.0,258.0,258.0,0.1825,1,JordanManual,CCCAGG,0.1827,0.1824,0.1827,CMT,1514409300,2017-12-28 10:40:43.738370,3262.0,595.31
259,259.0,259.0,259.0,0.1832,1,JordanManual,CCCAGG,0.1832,0.1823,0.1823,CMT,1514409480,2017-12-28 10:40:43.738370,8135.0,1490.08
260,260.0,260.0,260.0,0.185,1,JordanManual,CCCAGG,0.185,0.1838,0.1838,CMT,1514409660,2017-12-28 10:40:43.738370,3160.0,583.12
261,261.0,261.0,261.0,0.183,1,JordanManual,CCCAGG,0.1854,0.183,0.1854,CMT,1514409840,2017-12-28 10:40:43.738370,16750.0,3067.03
262,262.0,262.0,262.0,0.1844,1,JordanManual,CCCAGG,0.1844,0.1833,0.1835,CMT,1514410020,2017-12-28 10:40:43.738370,99.0,18.25
263,263.0,263.0,263.0,0.1838,1,JordanManual,CCCAGG,0.1842,0.1838,0.1842,CMT,1514410200,2017-12-28 10:40:43.738370,100.0,18.4
264,264.0,264.0,264.0,0.1838,1,JordanManual,CCCAGG,0.1838,0.1837,0.1837,CMT,1514410380,2017-12-28 10:40:43.738370,0.0,0.0
265,265.0,265.0,265.0,0.1842,1,JordanManual,CCCAGG,0.1842,0.1833,0.184,CMT,1514410560,2017-12-28 10:40:43.738370,10067.0,1854.32
266,266.0,266.0,266.0,0.1829,1,JordanManual,CCCAGG,0.184,0.1827,0.184,CMT,1514410740,2017-12-28 10:40:43.738370,6831.0,1249.5
267,267.0,267.0,267.0,0.1839,1,JordanManual,CCCAGG,0.1849,0.1825,0.1825,CMT,1514410920,2017-12-28 10:40:43.738370,19241.0,3557.66
268,268.0,268.0,268.0,0.185,1,JordanManual,CCCAGG,0.185,0.1844,0.1844,CMT,1514411100,2017-12-28 10:40:43.738370,1583.0,291.91
269,269.0,269.0,269.0,0.1848,1,JordanManual,CCCAGG,0.1848,0.1845,0.1847,CMT,1514411280,2017-12-28 10:40:43.738370,7482.0,1382.48
270,270.0,270.0,270.0,0.1826,1,JordanManual,CCCAGG,0.1827,0.1822,0.1827,CMT,1514411460,2017-12-28 10:40:43.738370,4422.0,806.59
271,271.0,271.0,271.0,0.1832,1,JordanManual,CCCAGG,0.1832,0.1823,0.1825,CMT,1514411640,2017-12-28 10:40:43.738370,983.0,180.09
272,272.0,272.0,272.0,0.1837,1,JordanManual,CCCAGG,0.1846,0.183,0.1833,CMT,1514411820,2017-12-28 10:40:43.738370,4049.0,746.33
273,273.0,273.0,273.0,0.1835,1,JordanManual,CCCAGG,0.1839,0.1835,0.1839,CMT,1514412000,2017-12-28 10:40:43.738370,0.0,0.0
274,274.0,274.0,274.0,0.1833,1,JordanManual,CCCAGG,0.1833,0.1828,0.1832,CMT,1514412180,2017-12-28 10:40:43.738370,18383.0,3364.06
275,275.0,275.0,275.0,0.1833,1,JordanManual,CCCAGG,0.1833,0.1826,0.1832,CMT,1514412360,2017-12-28 10:40:43.738370,18016.0,3301.66
276,276.0,276.0,276.0,0.1834,1,JordanManual,CCCAGG,0.1835,0.1833,0.1833,CMT,1514412540,2017-12-28 10:40:43.738370,25701.0,4716.03
277,277.0,277.0,277.0,0.1835,1,JordanManual,CCCAGG,0.1835,0.1834,0.1834,CMT,1514412720,2017-12-28 10:40:43.738370,0.0,0.0
278,278.0,278.0,278.0,0.1835,1,JordanManual,CCCAGG,0.1846,0.1835,0.1838,CMT,1514412900,2017-12-28 10:40:43.738370,2122.0,389.39
279,279.0,279.0,279.0,0.1842,1,JordanManual,CCCAGG,0.1842,0.1836,0.1836,CMT,1514413080,2017-12-28 10:40:43.738370,1053.0,193.96
280,280.0,280.0,280.0,0.1839,1,JordanManual,CCCAGG,0.184,0.1839,0.184,CMT,1514413260,2017-12-28 10:40:43.738370,7242.0,1332.48
281,281.0,281.0,281.0,0.1845,1,JordanManual,CCCAGG,0.1845,0.1843,0.1843,CMT,1514413440,2017-12-28 10:40:43.738370,0.0,0.0
282,282.0,282.0,282.0,0.1862,1,JordanManual,CCCAGG,0.1862,0.1844,0.1845,CMT,1514413620,2017-12-28 10:40:43.738370,11383.0,2109.0
283,283.0,283.0,283.0,0.1861,1,JordanManual,CCCAGG,0.1862,0.1857,0.1862,CMT,1514413800,2017-12-28 10:40:43.738370,29008.0,5387.2
284,284.0,284.0,284.0,0.1868,1,JordanManual,CCCAGG,0.1868,0.1866,0.1866,CMT,1514413980,2017-12-28 10:40:43.738370,17610.0,3289.55
285,285.0,285.0,285.0,0.1837,1,JordanManual,CCCAGG,0.1872,0.1837,0.1868,CMT,1514414160,2017-12-28 10:40:43.738370,59440.0,10992.0
286,286.0,286.0,286.0,0.1847,1,JordanManual,CCCAGG,0.185,0.1835,0.1835,CMT,1514414340,2017-12-28 10:40:43.738370,4653.0,855.44
287,287.0,287.0,287.0,0.1839,1,JordanManual,CCCAGG,0.1842,0.1839,0.1842,CMT,1514414520,2017-12-28 10:40:43.738370,4098.0,753.69
288,288.0,288.0,288.0,0.1836,1,JordanManual,CCCAGG,0.1845,0.1836,0.1841,CMT,1514414700,2017-12-28 10:40:43.738370,2464.0,452.42
289,289.0,289.0,289.0,0.1834,1,JordanManual,CCCAGG,0.1837,0.1834,0.1836,CMT,1514414880,2017-12-28 10:40:43.738370,130.0,23.88
290,290.0,290.0,290.0,0.1855,1,JordanManual,CCCAGG,0.1855,0.1833,0.1833,CMT,1514415060,2017-12-28 10:40:43.738370,146.0,27.08
291,291.0,291.0,291.0,0.1854,1,JordanManual,CCCAGG,0.1854,0.1848,0.1854,CMT,1514415240,2017-12-28 10:40:43.738370,24392.0,4522.27
292,292.0,292.0,292.0,0.1853,1,JordanManual,CCCAGG,0.1853,0.1848,0.185,CMT,1514415420,2017-12-28 10:40:43.738370,49838.0,9222.45
293,293.0,293.0,293.0,0.1861,1,JordanManual,CCCAGG,0.1863,0.186,0.186,CMT,1514415600,2017-12-28 10:40:43.738370,7895.0,1469.36
294,294.0,294.0,294.0,0.1884,1,JordanManual,CCCAGG,0.1884,0.1859,0.1859,CMT,1514415780,2017-12-28 10:40:43.738370,144545.37,26952.37
295,295.0,295.0,295.0,0.1879,1,JordanManual,CCCAGG,0.1885,0.1858,0.1885,CMT,1514415960,2017-12-28 10:40:43.738370,24361.34,4538.84
296,296.0,296.0,296.0,0.188,1,JordanManual,CCCAGG,0.1881,0.1878,0.1878,CMT,1514416140,2017-12-28 10:40:43.738370,14964.0,2810.7
297,297.0,297.0,297.0,0.1896,1,JordanManual,CCCAGG,0.1896,0.1884,0.1884,CMT,1514416320,2017-12-28 10:40:43.738370,20708.0,3908.86
298,298.0,298.0,298.0,0.1892,1,JordanManual,CCCAGG,0.1899,0.1892,0.1897,CMT,1514416500,2017-12-28 10:40:43.738370,20749.0,3935.14
299,299.0,299.0,299.0,0.1894,1,JordanManual,CCCAGG,0.1896,0.1886,0.1891,CMT,1514416680,2017-12-28 10:40:43.738370,7959.0,1507.44
300,300.0,300.0,300.0,0.1898,1,JordanManual,CCCAGG,0.1898,0.1875,0.1893,CMT,1514416860,2017-12-28 10:40:43.738370,2889.0,545.76
301,301.0,301.0,301.0,0.1889,1,JordanManual,CCCAGG,0.1898,0.1889,0.1898,CMT,1514417040,2017-12-28 10:40:43.738370,6250.0,1181.69
302,302.0,302.0,302.0,0.1888,1,JordanManual,CCCAGG,0.1888,0.1888,0.1888,CMT,1514417220,2017-12-28 10:40:43.738370,13116.0,2476.3
303,303.0,303.0,303.0,0.1866,1,JordanManual,CCCAGG,0.1887,0.1866,0.1887,CMT,1514417400,2017-12-28 10:40:43.738370,4006.0,754.98
304,304.0,304.0,304.0,0.1888,1,JordanManual,CCCAGG,0.1888,0.1867,0.1867,CMT,1514417580,2017-12-28 10:40:43.738370,19945.0,3752.19
305,305.0,305.0,305.0,0.1889,1,JordanManual,CCCAGG,0.1893,0.1883,0.1893,CMT,1514417760,2017-12-28 10:40:43.738370,9757.0,1843.32
306,306.0,306.0,306.0,0.1899,1,JordanManual,CCCAGG,0.1899,0.189,0.189,CMT,1514417940,2017-12-28 10:40:43.738370,2323.0,441.14
307,307.0,307.0,307.0,0.19,1,JordanManual,CCCAGG,0.19,0.1898,0.1898,CMT,1514418120,2017-12-28 10:40:43.738370,10000.0,1900.0
308,308.0,308.0,308.0,0.1892,1,JordanManual,CCCAGG,0.1904,0.1892,0.1904,CMT,1514418300,2017-12-28 10:40:43.738370,14064.0,2663.72
309,309.0,309.0,309.0,0.1894,1,JordanManual,CCCAGG,0.1906,0.1894,0.1906,CMT,1514418480,2017-12-28 10:40:43.738370,5207.0,986.55
310,310.0,310.0,310.0,0.1885,1,JordanManual,CCCAGG,0.1895,0.1879,0.1894,CMT,1514418660,2017-12-28 10:40:43.738370,16957.0,3194.73
311,311.0,311.0,311.0,0.1889,1,JordanManual,CCCAGG,0.1889,0.1886,0.1886,CMT,1514418840,2017-12-28 10:40:43.738370,56059.0,10586.61
312,312.0,312.0,312.0,0.1885,1,JordanManual,CCCAGG,0.1886,0.1885,0.1885,CMT,1514419020,2017-12-28 10:40:43.738370,61016.0,11501.52
313,313.0,313.0,313.0,0.1887,1,JordanManual,CCCAGG,0.1904,0.1887,0.1887,CMT,1514419200,2017-12-28 10:40:43.738370,28975.0,5468.64
314,314.0,314.0,314.0,0.1883,1,JordanManual,CCCAGG,0.1886,0.1877,0.1886,CMT,1514419380,2017-12-28 10:40:43.738370,33959.0,6394.48
315,315.0,315.0,315.0,0.1885,1,JordanManual,CCCAGG,0.1886,0.1874,0.1881,CMT,1514419560,2017-12-28 10:40:43.738370,49096.0,9237.11
316,316.0,316.0,316.0,0.1888,1,JordanManual,CCCAGG,0.1888,0.1886,0.1887,CMT,1514419740,2017-12-28 10:40:43.738370,7917.0,1493.15
317,317.0,317.0,317.0,0.1884,1,JordanManual,CCCAGG,0.1888,0.1865,0.1888,CMT,1514419920,2017-12-28 10:40:43.738370,76679.0,14390.05
318,318.0,318.0,318.0,0.1863,1,JordanManual,CCCAGG,0.1884,0.1861,0.1884,CMT,1514420100,2017-12-28 10:40:43.738370,49461.0,9282.45
319,319.0,319.0,319.0,0.1866,1,JordanManual,CCCAGG,0.1876,0.1865,0.187,CMT,1514420280,2017-12-28 10:40:43.738370,33872.0,6337.43
320,320.0,320.0,320.0,0.187,1,JordanManual,CCCAGG,0.1876,0.1861,0.1865,CMT,1514420460,2017-12-28 10:40:43.738370,32151.0,6003.61
321,321.0,321.0,321.0,0.1858,1,JordanManual,CCCAGG,0.1872,0.1857,0.187,CMT,1514420640,2017-12-28 10:40:43.738370,28942.0,5393.21
322,322.0,322.0,322.0,0.1851,1,JordanManual,CCCAGG,0.1854,0.1851,0.1854,CMT,1514420820,2017-12-28 10:40:43.738370,19571.0,3628.46
323,323.0,323.0,323.0,0.1843,1,JordanManual,CCCAGG,0.1846,0.184,0.1846,CMT,1514421000,2017-12-28 10:40:43.738370,0.0,0.0
324,324.0,324.0,324.0,0.1845,1,JordanManual,CCCAGG,0.1845,0.1831,0.1837,CMT,1514421180,2017-12-28 10:40:43.738370,26436.0,4876.89
325,325.0,325.0,325.0,0.1833,1,JordanManual,CCCAGG,0.1845,0.1833,0.1845,CMT,1514421360,2017-12-28 10:40:43.738370,15028.0,2754.72
326,326.0,326.0,326.0,0.1848,1,JordanManual,CCCAGG,0.1848,0.1842,0.1848,CMT,1514421540,2017-12-28 10:40:43.738370,2784.0,514.17
327,327.0,327.0,327.0,0.1859,1,JordanManual,CCCAGG,0.186,0.1848,0.1848,CMT,1514421720,2017-12-28 10:40:43.738370,76152.0,14156.54
328,328.0,328.0,328.0,0.1835,1,JordanManual,CCCAGG,0.186,0.1829,0.1857,CMT,1514421900,2017-12-28 10:40:43.738370,18778.0,3461.89
329,329.0,329.0,329.0,0.1842,1,JordanManual,CCCAGG,0.1842,0.1835,0.1835,CMT,1514422080,2017-12-28 10:40:43.738370,2735.0,503.37
330,330.0,330.0,330.0,0.185,1,JordanManual,CCCAGG,0.1853,0.1839,0.1839,CMT,1514422260,2017-12-28 10:40:43.738370,52546.0,9693.79
331,331.0,331.0,331.0,0.1851,1,JordanManual,CCCAGG,0.1856,0.1851,0.1853,CMT,1514422440,2017-12-28 10:40:43.738370,6406.4,1187.45
332,332.0,332.0,332.0,0.1855,1,JordanManual,CCCAGG,0.1855,0.1853,0.1853,CMT,1514422620,2017-12-28 10:40:43.738370,599.0,111.11
333,333.0,333.0,333.0,0.1859,1,JordanManual,CCCAGG,0.1863,0.1856,0.1856,CMT,1514422800,2017-12-28 10:40:43.738370,23262.0,4331.81
334,334.0,334.0,334.0,0.1867,1,JordanManual,CCCAGG,0.1867,0.186,0.186,CMT,1514422980,2017-12-28 10:40:43.738370,6070.0,1132.47
335,335.0,335.0,335.0,0.1866,1,JordanManual,CCCAGG,0.1869,0.1866,0.1866,CMT,1514423160,2017-12-28 10:40:43.738370,19013.0,3551.45
336,336.0,336.0,336.0,0.1866,1,JordanManual,CCCAGG,0.187,0.1862,0.1865,CMT,1514423340,2017-12-28 10:40:43.738370,29244.0,5453.45
337,337.0,337.0,337.0,0.1843,1,JordanManual,CCCAGG,0.1864,0.1838,0.1864,CMT,1514423520,2017-12-28 10:40:43.738370,6584.0,1217.39
338,338.0,338.0,338.0,0.1849,1,JordanManual,CCCAGG,0.1849,0.1847,0.1848,CMT,1514423700,2017-12-28 10:40:43.738370,38900.0,7189.63
339,339.0,339.0,339.0,0.186,1,JordanManual,CCCAGG,0.1868,0.185,0.1857,CMT,1514423880,2017-12-28 10:40:43.738370,85385.0,15827.37
340,340.0,340.0,340.0,0.1867,1,JordanManual,CCCAGG,0.1867,0.1863,0.1863,CMT,1514424060,2017-12-28 10:40:43.738370,20858.0,3894.19
341,341.0,341.0,341.0,0.1864,1,JordanManual,CCCAGG,0.1873,0.1864,0.1871,CMT,1514424240,2017-12-28 10:40:43.738370,42467.0,7925.17
342,342.0,342.0,342.0,0.1865,1,JordanManual,CCCAGG,0.1866,0.1851,0.1863,CMT,1514424420,2017-12-28 10:40:43.738370,85999.0,15967.34
343,343.0,343.0,343.0,0.1858,1,JordanManual,CCCAGG,0.1864,0.1854,0.1864,CMT,1514424600,2017-12-28 10:40:43.738370,47492.0,8812.39
344,344.0,344.0,344.0,0.1859,1,JordanManual,CCCAGG,0.186,0.1857,0.1857,CMT,1514424780,2017-12-28 10:40:43.738370,19746.0,3672.03
345,345.0,345.0,345.0,0.1853,1,JordanManual,CCCAGG,0.1857,0.1853,0.1857,CMT,1514424960,2017-12-28 10:40:43.738370,9401.0,1745.1
346,346.0,346.0,346.0,0.1848,1,JordanManual,CCCAGG,0.185,0.1846,0.185,CMT,1514425140,2017-12-28 10:40:43.738370,40326.0,7452.25
347,347.0,347.0,347.0,0.1849,1,JordanManual,CCCAGG,0.185,0.1849,0.1849,CMT,1514425320,2017-12-28 10:40:43.738370,3500.0,647.44
348,348.0,348.0,348.0,0.1854,1,JordanManual,CCCAGG,0.1854,0.185,0.1852,CMT,1514425500,2017-12-28 10:40:43.738370,32323.0,5992.14
349,349.0,349.0,349.0,0.185,1,JordanManual,CCCAGG,0.1853,0.185,0.1853,CMT,1514425680,2017-12-28 10:40:43.738370,1831.0,338.735
350,350.0,350.0,350.0,0.1852,1,JordanManual,CCCAGG,0.1852,0.1849,0.1849,CMT,1514425860,2017-12-28 10:40:43.738370,25770.0,4770.6
351,351.0,351.0,351.0,0.1853,1,JordanManual,CCCAGG,0.1853,0.185,0.1851,CMT,1514426040,2017-12-28 10:40:43.738370,132424.0,24501.86
352,352.0,352.0,352.0,0.1867,1,JordanManual,CCCAGG,0.187,0.1864,0.1864,CMT,1514426220,2017-12-28 10:40:43.738370,34827.0,6491.75
353,353.0,353.0,353.0,0.1876,1,JordanManual,CCCAGG,0.1876,0.1871,0.1871,CMT,1514426400,2017-12-28 10:40:43.738370,36705.0,6878.97
354,354.0,354.0,354.0,0.1862,1,JordanManual,CCCAGG,0.1868,0.1862,0.1862,CMT,1514426580,2017-12-28 10:40:43.738370,2372.0,441.71
355,355.0,355.0,355.0,0.1858,1,JordanManual,CCCAGG,0.1866,0.1858,0.1866,CMT,1514426760,2017-12-28 10:40:43.738370,50864.0,9456.84
356,356.0,356.0,356.0,0.1845,1,JordanManual,CCCAGG,0.1862,0.1845,0.1854,CMT,1514426940,2017-12-28 10:40:43.738370,133779.0,24767.79
357,357.0,357.0,357.0,0.1834,1,JordanManual,CCCAGG,0.1849,0.1834,0.1845,CMT,1514427120,2017-12-28 10:40:43.738370,89407.58,16467.07
358,358.0,358.0,358.0,0.1835,1,JordanManual,CCCAGG,0.1848,0.1833,0.1836,CMT,1514427300,2017-12-28 10:40:43.738370,70543.65,12954.91
359,359.0,359.0,359.0,0.1823,1,JordanManual,CCCAGG,0.1833,0.1823,0.1833,CMT,1514427480,2017-12-28 10:40:43.738370,111759.0,20385.84
360,360.0,360.0,360.0,0.183,1,JordanManual,CCCAGG,0.183,0.1817,0.1824,CMT,1514427660,2017-12-28 10:40:43.738370,72499.0,13237.68
361,361.0,361.0,361.0,0.1834,1,JordanManual,CCCAGG,0.1835,0.1833,0.1833,CMT,1514427840,2017-12-28 10:40:43.738370,2734.0,501.14
362,362.0,362.0,362.0,0.1824,1,JordanManual,CCCAGG,0.1832,0.1824,0.1825,CMT,1514428020,2017-12-28 10:40:43.738370,4158.0,761.51
363,363.0,363.0,363.0,0.1803,1,JordanManual,CCCAGG,0.1819,0.1803,0.1817,CMT,1514428200,2017-12-28 10:40:43.738370,21399.0,3863.08
364,364.0,364.0,364.0,0.1815,1,JordanManual,CCCAGG,0.1817,0.1806,0.1807,CMT,1514428380,2017-12-28 10:40:43.738370,9421.0,1708.35
365,365.0,365.0,365.0,0.1794,1,JordanManual,CCCAGG,0.1818,0.1794,0.1818,CMT,1514428560,2017-12-28 10:40:43.738370,31141.0,5616.43
366,366.0,366.0,366.0,0.1773,1,JordanManual,CCCAGG,0.1773,0.1766,0.177,CMT,1514428740,2017-12-28 10:40:43.738370,93926.0,16642.5
367,367.0,367.0,367.0,0.1763,1,JordanManual,CCCAGG,0.1788,0.1755,0.1766,CMT,1514428920,2017-12-28 10:40:43.738370,134434.0,23687.28
368,368.0,368.0,368.0,0.1728,1,JordanManual,CCCAGG,0.1747,0.1728,0.1746,CMT,1514429100,2017-12-28 10:40:43.738370,92373.0,16035.81
369,369.0,369.0,369.0,0.1701,1,JordanManual,CCCAGG,0.1718,0.1692,0.1718,CMT,1514429280,2017-12-28 10:40:43.738370,114653.0,19557.47
370,370.0,370.0,370.0,0.1663,1,JordanManual,CCCAGG,0.1685,0.1663,0.1682,CMT,1514429460,2017-12-28 10:40:43.738370,5749.44,960.69
371,371.0,371.0,371.0,0.1718,1,JordanManual,CCCAGG,0.1718,0.1682,0.1689,CMT,1514429640,2017-12-28 10:40:43.738370,14152.0,2411.54
372,372.0,372.0,372.0,0.1678,1,JordanManual,CCCAGG,0.1724,0.1673,0.1724,CMT,1514429820,2017-12-28 10:40:43.738370,223785.0,37945.31
373,373.0,373.0,373.0,0.1692,1,JordanManual,CCCAGG,0.1705,0.1687,0.1691,CMT,1514430000,2017-12-28 10:40:43.738370,44608.0,7546.63
374,374.0,374.0,374.0,0.1672,1,JordanManual,CCCAGG,0.1691,0.1662,0.1686,CMT,1514430180,2017-12-28 10:40:43.738370,316018.0,52845.74
375,375.0,375.0,375.0,0.1662,1,JordanManual,CCCAGG,0.1666,0.1652,0.166,CMT,1514430360,2017-12-28 10:40:43.738370,124711.0,20719.83
376,376.0,376.0,376.0,0.1656,1,JordanManual,CCCAGG,0.1672,0.1656,0.1672,CMT,1514430540,2017-12-28 10:40:43.738370,111658.0,18593.74
377,377.0,377.0,377.0,0.1716,1,JordanManual,CCCAGG,0.1716,0.1674,0.1674,CMT,1514430720,2017-12-28 10:40:43.738370,167986.0,28704.86
378,378.0,378.0,378.0,0.1701,1,JordanManual,CCCAGG,0.1724,0.1691,0.1708,CMT,1514430900,2017-12-28 10:40:43.738370,145740.0,24781.22
379,379.0,379.0,379.0,0.1711,1,JordanManual,CCCAGG,0.1711,0.1692,0.1697,CMT,1514431080,2017-12-28 10:40:43.738370,36204.0,6178.26
380,380.0,380.0,380.0,0.1703,1,JordanManual,CCCAGG,0.1717,0.1703,0.1717,CMT,1514431260,2017-12-28 10:40:43.738370,31098.0,5299.05
381,381.0,381.0,381.0,0.171,1,JordanManual,CCCAGG,0.171,0.1694,0.1694,CMT,1514431440,2017-12-28 10:40:43.738370,20479.0,3495.3
382,382.0,382.0,382.0,0.1691,1,JordanManual,CCCAGG,0.1712,0.1691,0.1706,CMT,1514431620,2017-12-28 10:40:43.738370,33395.0,5683.3
383,383.0,383.0,383.0,0.171,1,JordanManual,CCCAGG,0.1725,0.1696,0.1701,CMT,1514431800,2017-12-28 10:40:43.738370,17128.0,2944.55
384,384.0,384.0,384.0,0.1684,1,JordanManual,CCCAGG,0.1705,0.1683,0.1705,CMT,1514431980,2017-12-28 10:40:43.738370,17034.0,2882.52
385,385.0,385.0,385.0,0.167,1,JordanManual,CCCAGG,0.1678,0.1657,0.1678,CMT,1514432160,2017-12-28 10:40:43.738370,27600.0,4615.08
386,386.0,386.0,386.0,0.1701,1,JordanManual,CCCAGG,0.1701,0.1666,0.1666,CMT,1514432340,2017-12-28 10:40:43.738370,9417.0,1581.38
387,387.0,387.0,387.0,0.1698,1,JordanManual,CCCAGG,0.17,0.1685,0.1692,CMT,1514432520,2017-12-28 10:40:43.738370,87840.0,14856.25
388,388.0,388.0,388.0,0.1715,1,JordanManual,CCCAGG,0.1715,0.1701,0.1708,CMT,1514432700,2017-12-28 10:40:43.738370,23656.0,4023.896
389,389.0,389.0,389.0,0.1706,1,JordanManual,CCCAGG,0.1717,0.1706,0.1712,CMT,1514432880,2017-12-28 10:40:43.738370,17242.0,2944.8
390,390.0,390.0,390.0,0.1719,1,JordanManual,CCCAGG,0.1727,0.1711,0.1711,CMT,1514433060,2017-12-28 10:40:43.738370,19417.0,3337.78
391,391.0,391.0,391.0,0.1715,1,JordanManual,CCCAGG,0.172,0.1705,0.1719,CMT,1514433240,2017-12-28 10:40:43.738370,64410.0,11055.96
392,392.0,392.0,392.0,0.1699,1,JordanManual,CCCAGG,0.1708,0.1699,0.1706,CMT,1514433420,2017-12-28 10:40:43.738370,26410.87,4502.42
393,393.0,393.0,393.0,0.1691,1,JordanManual,CCCAGG,0.1706,0.1691,0.1706,CMT,1514433600,2017-12-28 10:40:43.738370,9730.0,1657.27
394,394.0,394.0,394.0,0.1673,1,JordanManual,CCCAGG,0.1693,0.1673,0.1693,CMT,1514433780,2017-12-28 10:40:43.738370,40842.0,6838.93
395,395.0,395.0,395.0,0.1687,1,JordanManual,CCCAGG,0.1689,0.1673,0.1673,CMT,1514433960,2017-12-28 10:40:43.738370,11142.0,1878.82
396,396.0,396.0,396.0,0.1714,1,JordanManual,CCCAGG,0.1716,0.1686,0.1686,CMT,1514434140,2017-12-28 10:40:43.738370,159982.0,27400.32
397,397.0,397.0,397.0,0.1721,1,JordanManual,CCCAGG,0.1722,0.1709,0.1712,CMT,1514434320,2017-12-28 10:40:43.738370,36839.33,6316.07
398,398.0,398.0,398.0,0.1718,1,JordanManual,CCCAGG,0.1727,0.1718,0.172,CMT,1514434500,2017-12-28 10:40:43.738370,11525.0,1981.54
399,399.0,399.0,399.0,0.1722,1,JordanManual,CCCAGG,0.1729,0.1722,0.1728,CMT,1514434680,2017-12-28 10:40:43.738370,11427.87,1968.66
400,400.0,400.0,400.0,0.1736,1,JordanManual,CCCAGG,0.1736,0.1725,0.1725,CMT,1514434860,2017-12-28 10:40:43.738370,7434.0,1287.84
401,401.0,401.0,401.0,0.1741,1,JordanManual,CCCAGG,0.1741,0.1734,0.1736,CMT,1514435040,2017-12-28 10:40:43.738370,13484.0,2347.56
402,402.0,402.0,402.0,0.1736,1,JordanManual,CCCAGG,0.1737,0.173,0.1735,CMT,1514435220,2017-12-28 10:40:43.738370,31280.0,5411.72
403,403.0,403.0,403.0,0.1741,1,JordanManual,CCCAGG,0.1749,0.1741,0.1743,CMT,1514435400,2017-12-28 10:40:43.738370,20837.0,3635.11
404,404.0,404.0,404.0,0.1733,1,JordanManual,CCCAGG,0.174,0.1733,0.174,CMT,1514435580,2017-12-28 10:40:43.738370,72355.0,12539.12
405,405.0,405.0,405.0,0.1721,1,JordanManual,CCCAGG,0.1727,0.1717,0.1717,CMT,1514435760,2017-12-28 10:40:43.738370,43264.0,7440.74
406,406.0,406.0,406.0,0.1722,1,JordanManual,CCCAGG,0.1722,0.1718,0.1722,CMT,1514435940,2017-12-28 10:40:43.738370,7194.0,1238.19
407,407.0,407.0,407.0,0.1723,1,JordanManual,CCCAGG,0.1724,0.1723,0.1724,CMT,1514436120,2017-12-28 10:40:43.738370,10914.0,1880.89
408,408.0,408.0,408.0,0.1707,1,JordanManual,CCCAGG,0.172,0.1703,0.1718,CMT,1514436300,2017-12-28 10:40:43.738370,17234.0,2945.36
409,409.0,409.0,409.0,0.1714,1,JordanManual,CCCAGG,0.1714,0.1708,0.1709,CMT,1514436480,2017-12-28 10:40:43.738370,1378.0,235.56
410,410.0,410.0,410.0,0.1701,1,JordanManual,CCCAGG,0.1715,0.1701,0.1712,CMT,1514436660,2017-12-28 10:40:43.738370,7444.0,1276.14
411,411.0,411.0,411.0,0.1701,1,JordanManual,CCCAGG,0.1704,0.1701,0.1701,CMT,1514436840,2017-12-28 10:40:43.738370,1094.0,186.42
412,412.0,412.0,412.0,0.1702,1,JordanManual,CCCAGG,0.1705,0.1693,0.1701,CMT,1514437020,2017-12-28 10:40:43.738370,17171.0,2913.3
413,413.0,413.0,413.0,0.1707,1,JordanManual,CCCAGG,0.1711,0.1705,0.1705,CMT,1514437200,2017-12-28 10:40:43.738370,3385.0,577.15
414,414.0,414.0,414.0,0.1697,1,JordanManual,CCCAGG,0.1703,0.1697,0.1701,CMT,1514437380,2017-12-28 10:40:43.738370,37894.0,6432.34
415,415.0,415.0,415.0,0.1683,1,JordanManual,CCCAGG,0.1695,0.1683,0.1695,CMT,1514437560,2017-12-28 10:40:43.738370,69316.08,11730.7
416,416.0,416.0,416.0,0.1684,1,JordanManual,CCCAGG,0.1687,0.1679,0.1687,CMT,1514437740,2017-12-28 10:40:43.738370,62233.0,10492.46
417,417.0,417.0,417.0,0.1676,1,JordanManual,CCCAGG,0.169,0.1676,0.1681,CMT,1514437920,2017-12-28 10:40:43.738370,15164.07,2546.21
418,418.0,418.0,418.0,0.1669,1,JordanManual,CCCAGG,0.168,0.1665,0.168,CMT,1514438100,2017-12-28 10:40:43.738370,21580.0,3610.16
419,419.0,419.0,419.0,0.165,1,JordanManual,CCCAGG,0.1661,0.1647,0.1661,CMT,1514438280,2017-12-28 10:40:43.738370,17343.0,2862.33
420,420.0,420.0,420.0,0.1659,1,JordanManual,CCCAGG,0.1659,0.164,0.1649,CMT,1514438460,2017-12-28 10:40:43.738370,17834.0,2937.84
421,421.0,421.0,421.0,0.1667,1,JordanManual,CCCAGG,0.1668,0.1659,0.1668,CMT,1514438640,2017-12-28 10:40:43.738370,12955.0,2160.11
422,422.0,422.0,422.0,0.1679,1,JordanManual,CCCAGG,0.1679,0.1672,0.1672,CMT,1514438820,2017-12-28 10:40:43.738370,5661.0,948.22
423,423.0,423.0,423.0,0.168,1,JordanManual,CCCAGG,0.1686,0.168,0.1686,CMT,1514439000,2017-12-28 10:40:43.738370,2520.0,424.87
424,424.0,424.0,424.0,0.1663,1,JordanManual,CCCAGG,0.1673,0.1663,0.1673,CMT,1514439180,2017-12-28 10:40:43.738370,13690.0,2280.9
425,425.0,425.0,425.0,0.1659,1,JordanManual,CCCAGG,0.1666,0.1656,0.1666,CMT,1514439360,2017-12-28 10:40:43.738370,26368.0,4366.66
426,426.0,426.0,426.0,0.1658,1,JordanManual,CCCAGG,0.1668,0.1658,0.1659,CMT,1514439540,2017-12-28 10:40:43.738370,15386.0,2565.68
427,427.0,427.0,427.0,0.1641,1,JordanManual,CCCAGG,0.1651,0.164,0.1651,CMT,1514439720,2017-12-28 10:40:43.738370,16041.0,2636.62
428,428.0,428.0,428.0,0.1646,1,JordanManual,CCCAGG,0.1646,0.1631,0.1631,CMT,1514439900,2017-12-28 10:40:43.738370,53175.0,8674.72
429,429.0,429.0,429.0,0.1651,1,JordanManual,CCCAGG,0.1651,0.1644,0.1648,CMT,1514440080,2017-12-28 10:40:43.738370,0.0,0.0
430,430.0,430.0,430.0,0.1656,1,JordanManual,CCCAGG,0.1661,0.1645,0.1661,CMT,1514440260,2017-12-28 10:40:43.738370,39264.0,6491.13
431,431.0,431.0,431.0,0.1639,1,JordanManual,CCCAGG,0.1647,0.1638,0.1647,CMT,1514440440,2017-12-28 10:40:43.738370,8070.0,1323.57
432,432.0,432.0,432.0,0.1638,1,JordanManual,CCCAGG,0.1641,0.1635,0.1635,CMT,1514440620,2017-12-28 10:40:43.738370,12286.0,2008.94
433,433.0,433.0,433.0,0.1646,1,JordanManual,CCCAGG,0.1663,0.1628,0.1636,CMT,1514440800,2017-12-28 10:40:43.738370,46574.0,7642.62
434,434.0,434.0,434.0,0.1647,1,JordanManual,CCCAGG,0.1662,0.1645,0.1645,CMT,1514440980,2017-12-28 10:40:43.738370,41286.0,6817.15
435,435.0,435.0,435.0,0.1648,1,JordanManual,CCCAGG,0.1649,0.164,0.164,CMT,1514441160,2017-12-28 10:40:43.738370,16517.0,2710.51
436,436.0,436.0,436.0,0.166,1,JordanManual,CCCAGG,0.1662,0.1649,0.1649,CMT,1514441340,2017-12-28 10:40:43.738370,0.0,0.0
437,437.0,437.0,437.0,0.1667,1,JordanManual,CCCAGG,0.1672,0.1659,0.1665,CMT,1514441520,2017-12-28 10:40:43.738370,250.0,41.63
438,438.0,438.0,438.0,0.1661,1,JordanManual,CCCAGG,0.1667,0.1659,0.1667,CMT,1514441700,2017-12-28 10:40:43.738370,13026.0,2163.9
439,439.0,439.0,439.0,0.1657,1,JordanManual,CCCAGG,0.1664,0.1657,0.1664,CMT,1514441880,2017-12-28 10:40:43.738370,28416.0,4710.42
440,440.0,440.0,440.0,0.1642,1,JordanManual,CCCAGG,0.165,0.1638,0.165,CMT,1514442060,2017-12-28 10:40:43.738370,12047.0,1984.01
441,441.0,441.0,441.0,0.1644,1,JordanManual,CCCAGG,0.1646,0.164,0.1646,CMT,1514442240,2017-12-28 10:40:43.738370,16933.0,2782.96
442,442.0,442.0,442.0,0.1651,1,JordanManual,CCCAGG,0.1651,0.1645,0.1645,CMT,1514442420,2017-12-28 10:40:43.738370,2136.0,352.65
443,443.0,443.0,443.0,0.1667,1,JordanManual,CCCAGG,0.1667,0.1652,0.1655,CMT,1514442600,2017-12-28 10:40:43.738370,20317.0,3367.25
444,444.0,444.0,444.0,0.1656,1,JordanManual,CCCAGG,0.1663,0.1656,0.1663,CMT,1514442780,2017-12-28 10:40:43.738370,101363.0,16812.81
445,445.0,445.0,445.0,0.1653,1,JordanManual,CCCAGG,0.1656,0.1649,0.1655,CMT,1514442960,2017-12-28 10:40:43.738370,9377.0,1547.33
446,446.0,446.0,446.0,0.1655,1,JordanManual,CCCAGG,0.1659,0.1652,0.1652,CMT,1514443140,2017-12-28 10:40:43.738370,35150.0,5824.52
447,447.0,447.0,447.0,0.1649,1,JordanManual,CCCAGG,0.1654,0.1649,0.1653,CMT,1514443320,2017-12-28 10:40:43.738370,29246.0,4831.74
448,448.0,448.0,448.0,0.1635,1,JordanManual,CCCAGG,0.1649,0.1631,0.164,CMT,1514443500,2017-12-28 10:40:43.738370,26972.0,4415.44
449,449.0,449.0,449.0,0.1631,1,JordanManual,CCCAGG,0.1638,0.1631,0.1632,CMT,1514443680,2017-12-28 10:40:43.738370,98903.0,16154.46
450,450.0,450.0,450.0,0.164,1,JordanManual,CCCAGG,0.164,0.1633,0.1639,CMT,1514443860,2017-12-28 10:40:43.738370,56883.0,9299.92
451,451.0,451.0,451.0,0.1636,1,JordanManual,CCCAGG,0.164,0.1636,0.164,CMT,1514444040,2017-12-28 10:40:43.738370,39596.0,6493.74
452,452.0,452.0,452.0,0.1624,1,JordanManual,CCCAGG,0.1634,0.1624,0.1634,CMT,1514444220,2017-12-28 10:40:43.738370,0.0,0.0
453,453.0,453.0,453.0,0.1641,1,JordanManual,CCCAGG,0.1641,0.1626,0.1626,CMT,1514444400,2017-12-28 10:40:43.738370,62618.0,10211.48
454,454.0,454.0,454.0,0.1642,1,JordanManual,CCCAGG,0.1643,0.1639,0.1641,CMT,1514444580,2017-12-28 10:40:43.738370,43932.0,7200.51
455,455.0,455.0,455.0,0.1635,1,JordanManual,CCCAGG,0.1646,0.1635,0.1646,CMT,1514444760,2017-12-28 10:40:43.738370,9010.0,1474.11
456,456.0,456.0,456.0,0.1641,1,JordanManual,CCCAGG,0.1641,0.1639,0.1639,CMT,1514444940,2017-12-28 10:40:43.738370,2100.0,344.59
457,457.0,457.0,457.0,0.1652,1,JordanManual,CCCAGG,0.1652,0.1641,0.1641,CMT,1514445120,2017-12-28 10:40:43.738370,6116.0,1007.92
458,458.0,458.0,458.0,0.1657,1,JordanManual,CCCAGG,0.1659,0.1657,0.1657,CMT,1514445300,2017-12-28 10:40:43.738370,0.0,0.0
459,459.0,459.0,459.0,0.1656,1,JordanManual,CCCAGG,0.1662,0.1656,0.1659,CMT,1514445480,2017-12-28 10:40:43.738370,5180.0,857.84
460,460.0,460.0,460.0,0.1658,1,JordanManual,CCCAGG,0.1658,0.1655,0.1658,CMT,1514445660,2017-12-28 10:40:43.738370,40023.0,6632.37
461,461.0,461.0,461.0,0.1653,1,JordanManual,CCCAGG,0.1663,0.1653,0.1659,CMT,1514445840,2017-12-28 10:40:43.738370,6040.0,1002.74
462,462.0,462.0,462.0,0.1654,1,JordanManual,CCCAGG,0.1654,0.1654,0.1654,CMT,1514446020,2017-12-28 10:40:43.738370,1747.0,288.95
463,463.0,463.0,463.0,0.1655,1,JordanManual,CCCAGG,0.1655,0.1654,0.1654,CMT,1514446200,2017-12-28 10:40:43.738370,10310.0,1706.31
464,464.0,464.0,464.0,0.1648,1,JordanManual,CCCAGG,0.1654,0.1648,0.1654,CMT,1514446380,2017-12-28 10:40:43.738370,9071.0,1496.3
465,465.0,465.0,465.0,0.1656,1,JordanManual,CCCAGG,0.166,0.1653,0.1653,CMT,1514446560,2017-12-28 10:40:43.738370,3477.0,574.92
466,466.0,466.0,466.0,0.1669,1,JordanManual,CCCAGG,0.167,0.1658,0.1658,CMT,1514446740,2017-12-28 10:40:43.738370,3308.0,550.04
467,467.0,467.0,467.0,0.1664,1,JordanManual,CCCAGG,0.167,0.1664,0.167,CMT,1514446920,2017-12-28 10:40:43.738370,1481.0,246.59
468,468.0,468.0,468.0,0.166,1,JordanManual,CCCAGG,0.1667,0.166,0.1667,CMT,1514447100,2017-12-28 10:40:43.738370,11985.0,1992.06
469,469.0,469.0,469.0,0.1657,1,JordanManual,CCCAGG,0.166,0.1657,0.166,CMT,1514447280,2017-12-28 10:40:43.738370,3586.0,594.84
470,470.0,470.0,470.0,0.1656,1,JordanManual,CCCAGG,0.1656,0.1652,0.1653,CMT,1514447460,2017-12-28 10:40:43.738370,5802.0,960.45
471,471.0,471.0,471.0,0.1654,1,JordanManual,CCCAGG,0.1657,0.1654,0.1656,CMT,1514447640,2017-12-28 10:40:43.738370,11633.0,1924.27
472,472.0,472.0,472.0,0.1648,1,JordanManual,CCCAGG,0.1653,0.1648,0.1652,CMT,1514447820,2017-12-28 10:40:43.738370,5653.0,934.38
473,473.0,473.0,473.0,0.165,1,JordanManual,CCCAGG,0.1656,0.1649,0.1649,CMT,1514448000,2017-12-28 10:40:43.738370,1431.0,236.48
474,474.0,474.0,474.0,0.1658,1,JordanManual,CCCAGG,0.1672,0.1651,0.1651,CMT,1514448180,2017-12-28 10:40:43.738370,19391.0,3214.89
475,475.0,475.0,475.0,0.1675,1,JordanManual,CCCAGG,0.1677,0.1659,0.1659,CMT,1514448360,2017-12-28 10:40:43.738370,19518.0,3255.71
476,476.0,476.0,476.0,0.1672,1,JordanManual,CCCAGG,0.1676,0.1672,0.1674,CMT,1514448540,2017-12-28 10:40:43.738370,14345.0,2399.78
477,477.0,477.0,477.0,0.1656,1,JordanManual,CCCAGG,0.1671,0.1656,0.1671,CMT,1514448720,2017-12-28 10:40:43.738370,11834.0,1964.19
478,478.0,478.0,478.0,0.1639,1,JordanManual,CCCAGG,0.1653,0.1639,0.1653,CMT,1514448900,2017-12-28 10:40:43.738370,7597.0,1248.19
479,479.0,479.0,479.0,0.1646,1,JordanManual,CCCAGG,0.1646,0.1643,0.1644,CMT,1514449080,2017-12-28 10:40:43.738370,1305.0,214.8
480,480.0,480.0,480.0,0.163,1,JordanManual,CCCAGG,0.1641,0.163,0.1641,CMT,1514449260,2017-12-28 10:40:43.738370,0.0,0.0
481,481.0,481.0,481.0,0.1642,1,JordanManual,CCCAGG,0.1643,0.1632,0.1632,CMT,1514449440,2017-12-28 10:40:43.738370,6069.0,997.03
482,482.0,482.0,482.0,0.1629,1,JordanManual,CCCAGG,0.1641,0.1629,0.1641,CMT,1514449620,2017-12-28 10:40:43.738370,31814.0,5212.26
483,483.0,483.0,483.0,0.1644,1,JordanManual,CCCAGG,0.1648,0.1632,0.1632,CMT,1514449800,2017-12-28 10:40:43.738370,2533.0,416.18
484,484.0,484.0,484.0,0.1647,1,JordanManual,CCCAGG,0.1653,0.1644,0.1644,CMT,1514449980,2017-12-28 10:40:43.738370,12374.0,2037.92
485,485.0,485.0,485.0,0.1647,1,JordanManual,CCCAGG,0.1653,0.1644,0.1645,CMT,1514450160,2017-12-28 10:40:43.738370,63991.0,10521.47
486,486.0,486.0,486.0,0.165,1,JordanManual,CCCAGG,0.1651,0.1647,0.1647,CMT,1514450340,2017-12-28 10:40:43.738370,15732.0,2595.15
487,487.0,487.0,487.0,0.1657,1,JordanManual,CCCAGG,0.1657,0.165,0.165,CMT,1514450520,2017-12-28 10:40:43.738370,76572.0,12687.92
488,488.0,488.0,488.0,0.1653,1,JordanManual,CCCAGG,0.1658,0.1653,0.1657,CMT,1514450700,2017-12-28 10:40:43.738370,12733.0,2109.86
489,489.0,489.0,489.0,0.1643,1,JordanManual,CCCAGG,0.1654,0.164,0.1647,CMT,1514450880,2017-12-28 10:40:43.738370,46411.0,7670.5
490,490.0,490.0,490.0,0.1656,1,JordanManual,CCCAGG,0.1656,0.1643,0.1645,CMT,1514451060,2017-12-28 10:40:43.738370,17799.0,2930.98
491,491.0,491.0,491.0,0.1659,1,JordanManual,CCCAGG,0.166,0.1651,0.1651,CMT,1514451240,2017-12-28 10:40:43.738370,46351.0,7679.59
492,492.0,492.0,492.0,0.1663,1,JordanManual,CCCAGG,0.1663,0.166,0.166,CMT,1514451420,2017-12-28 10:40:43.738370,12642.0,2098.57
493,493.0,493.0,493.0,0.1664,1,JordanManual,CCCAGG,0.1666,0.1664,0.1665,CMT,1514451600,2017-12-28 10:40:43.738370,0.0,0.0
494,494.0,494.0,494.0,0.1661,1,JordanManual,CCCAGG,0.1661,0.1661,0.1661,CMT,1514451780,2017-12-28 10:40:43.738370,954.0,158.46
495,495.0,495.0,495.0,0.1666,1,JordanManual,CCCAGG,0.1666,0.1658,0.1661,CMT,1514451960,2017-12-28 10:40:43.738370,2634.0,437.81
496,496.0,496.0,496.0,0.1664,1,JordanManual,CCCAGG,0.1666,0.1664,0.1666,CMT,1514452140,2017-12-28 10:40:43.738370,90.0,14.99
497,497.0,497.0,497.0,0.1667,1,JordanManual,CCCAGG,0.1668,0.1662,0.1663,CMT,1514452320,2017-12-28 10:40:43.738370,86551.0,14424.13
498,498.0,498.0,498.0,0.1668,1,JordanManual,CCCAGG,0.1668,0.1661,0.1667,CMT,1514452500,2017-12-28 10:40:43.738370,17707.0,2953.53
499,499.0,499.0,499.0,0.1665,1,JordanManual,CCCAGG,0.167,0.1663,0.167,CMT,1514452680,2017-12-28 10:40:43.738370,12752.0,2120.66
500,500.0,500.0,500.0,0.1664,1,JordanManual,CCCAGG,0.1666,0.1664,0.1666,CMT,1514452860,2017-12-28 10:40:43.738370,209.0,34.78
501,501.0,501.0,501.0,0.1668,1,JordanManual,CCCAGG,0.1669,0.1668,0.1668,CMT,1514453040,2017-12-28 10:40:43.738370,2000.0,333.8
502,502.0,502.0,502.0,0.1673,1,JordanManual,CCCAGG,0.1677,0.1668,0.1668,CMT,1514453220,2017-12-28 10:40:43.738370,105999.0,17729.66
503,503.0,503.0,503.0,0.1679,1,JordanManual,CCCAGG,0.1682,0.1673,0.1679,CMT,1514453400,2017-12-28 10:40:43.738370,61385.78,10305.14
504,504.0,504.0,504.0,0.169,1,JordanManual,CCCAGG,0.169,0.1679,0.1679,CMT,1514453580,2017-12-28 10:40:43.738370,385.0,65.07
505,505.0,505.0,505.0,0.1683,1,JordanManual,CCCAGG,0.1689,0.168,0.1685,CMT,1514453760,2017-12-28 10:40:43.738370,69842.79,11762.35
506,506.0,506.0,506.0,0.1682,1,JordanManual,CCCAGG,0.1682,0.1681,0.1681,CMT,1514453940,2017-12-28 10:40:43.738370,0.0,0.0
507,507.0,507.0,507.0,0.1684,1,JordanManual,CCCAGG,0.1685,0.1684,0.1684,CMT,1514454120,2017-12-28 10:40:43.738370,9426.0,1587.34
508,508.0,508.0,508.0,0.1686,1,JordanManual,CCCAGG,0.1686,0.168,0.168,CMT,1514454300,2017-12-28 10:40:43.738370,49260.56,8292.25
509,509.0,509.0,509.0,0.1686,1,JordanManual,CCCAGG,0.1686,0.1678,0.1684,CMT,1514454480,2017-12-28 10:40:43.738370,4610.26,776.38
510,510.0,510.0,510.0,0.1685,1,JordanManual,CCCAGG,0.1688,0.1682,0.1688,CMT,1514454660,2017-12-28 10:40:43.738370,4999.0,841.06
511,511.0,511.0,511.0,0.1676,1,JordanManual,CCCAGG,0.1684,0.1676,0.1684,CMT,1514454840,2017-12-28 10:40:43.738370,16755.0,2814.0
512,512.0,512.0,512.0,0.1662,1,JordanManual,CCCAGG,0.1672,0.1662,0.1672,CMT,1514455020,2017-12-28 10:40:43.738370,7820.0,1300.21
513,513.0,513.0,513.0,0.1662,1,JordanManual,CCCAGG,0.1664,0.1658,0.1664,CMT,1514455200,2017-12-28 10:40:43.738370,109945.0,18254.06
514,514.0,514.0,514.0,0.1667,1,JordanManual,CCCAGG,0.1667,0.166,0.1664,CMT,1514455380,2017-12-28 10:40:43.738370,45540.0,7588.51
515,515.0,515.0,515.0,0.1674,1,JordanManual,CCCAGG,0.1674,0.1668,0.1668,CMT,1514455560,2017-12-28 10:40:43.738370,11958.0,1995.84
516,516.0,516.0,516.0,0.1673,1,JordanManual,CCCAGG,0.1673,0.1673,0.1673,CMT,1514455740,2017-12-28 10:40:43.738370,0.0,0.0
517,517.0,517.0,517.0,0.1669,1,JordanManual,CCCAGG,0.1672,0.1669,0.1671,CMT,1514455920,2017-12-28 10:40:43.738370,44552.0,7447.99
518,518.0,518.0,518.0,0.1664,1,JordanManual,CCCAGG,0.1667,0.1662,0.1667,CMT,1514456100,2017-12-28 10:40:43.738370,4929.0,820.55
519,519.0,519.0,519.0,0.1662,1,JordanManual,CCCAGG,0.1665,0.1662,0.1665,CMT,1514456280,2017-12-28 10:40:43.738370,3453.0,574.23
520,520.0,520.0,520.0,0.166,1,JordanManual,CCCAGG,0.1662,0.1659,0.1659,CMT,1514456460,2017-12-28 10:40:43.738370,3554.0,590.21
521,521.0,521.0,521.0,0.1664,1,JordanManual,CCCAGG,0.1664,0.1659,0.1659,CMT,1514456640,2017-12-28 10:40:43.738370,18645.0,3102.53
522,522.0,522.0,522.0,0.1668,1,JordanManual,CCCAGG,0.1672,0.1668,0.1672,CMT,1514456820,2017-12-28 10:40:43.738370,18.0,3.01
523,523.0,523.0,523.0,0.1659,1,JordanManual,CCCAGG,0.1666,0.1659,0.1666,CMT,1514457000,2017-12-28 10:40:43.738370,1395.0,231.99
524,524.0,524.0,524.0,0.164,1,JordanManual,CCCAGG,0.1659,0.164,0.1659,CMT,1514457180,2017-12-28 10:40:43.738370,36767.0,6030.54
525,525.0,525.0,525.0,0.1631,1,JordanManual,CCCAGG,0.1639,0.1629,0.1639,CMT,1514457360,2017-12-28 10:40:43.738370,63598.0,10390.89
526,526.0,526.0,526.0,0.1628,1,JordanManual,CCCAGG,0.1629,0.1623,0.1623,CMT,1514457540,2017-12-28 10:40:43.738370,34607.0,5621.8
527,527.0,527.0,527.0,0.161,1,JordanManual,CCCAGG,0.1625,0.1607,0.1625,CMT,1514457720,2017-12-28 10:40:43.738370,67501.0,10873.67
528,528.0,528.0,528.0,0.1616,1,JordanManual,CCCAGG,0.1616,0.1599,0.1607,CMT,1514457900,2017-12-28 10:40:43.738370,143679.0,23093.37
529,529.0,529.0,529.0,0.1618,1,JordanManual,CCCAGG,0.1618,0.1617,0.1617,CMT,1514458080,2017-12-28 10:40:43.738370,104.0,16.83
530,530.0,530.0,530.0,0.1604,1,JordanManual,CCCAGG,0.1618,0.1604,0.1617,CMT,1514458260,2017-12-28 10:40:43.738370,2926.0,473.25
531,531.0,531.0,531.0,0.1574,1,JordanManual,CCCAGG,0.1596,0.1574,0.1596,CMT,1514458440,2017-12-28 10:40:43.738370,150963.0,23944.2
532,532.0,532.0,532.0,0.1555,1,JordanManual,CCCAGG,0.1569,0.1551,0.1568,CMT,1514458620,2017-12-28 10:40:43.738370,39820.0,6223.84
533,533.0,533.0,533.0,0.1551,1,JordanManual,CCCAGG,0.1567,0.1546,0.1555,CMT,1514458800,2017-12-28 10:40:43.738370,311630.0,48449.84
534,534.0,534.0,534.0,0.1548,1,JordanManual,CCCAGG,0.1553,0.1545,0.1553,CMT,1514458980,2017-12-28 10:40:43.738370,23112.0,3581.83
535,535.0,535.0,535.0,0.155,1,JordanManual,CCCAGG,0.1559,0.1548,0.1556,CMT,1514459160,2017-12-28 10:40:43.738370,33301.0,5167.25
536,536.0,536.0,536.0,0.1541,1,JordanManual,CCCAGG,0.1552,0.154,0.1552,CMT,1514459340,2017-12-28 10:40:43.738370,30585.0,4746.68
537,537.0,537.0,537.0,0.1547,1,JordanManual,CCCAGG,0.1556,0.1544,0.1544,CMT,1514459520,2017-12-28 10:40:43.738370,5085.0,788.11
538,538.0,538.0,538.0,0.1556,1,JordanManual,CCCAGG,0.1556,0.1548,0.155,CMT,1514459700,2017-12-28 10:40:43.738370,24470.0,3799.37
539,539.0,539.0,539.0,0.157,1,JordanManual,CCCAGG,0.1572,0.156,0.1564,CMT,1514459880,2017-12-28 10:40:43.738370,61396.0,9651.29
540,540.0,540.0,540.0,0.1559,1,JordanManual,CCCAGG,0.1567,0.1559,0.1564,CMT,1514460060,2017-12-28 10:40:43.738370,56820.0,8865.95
541,541.0,541.0,541.0,0.1563,1,JordanManual,CCCAGG,0.1573,0.1563,0.1567,CMT,1514460240,2017-12-28 10:40:43.738370,6093.0,956.21
542,542.0,542.0,542.0,0.1566,1,JordanManual,CCCAGG,0.1569,0.1566,0.1566,CMT,1514460420,2017-12-28 10:40:43.738370,1695.0,265.44
543,543.0,543.0,543.0,0.1574,1,JordanManual,CCCAGG,0.1578,0.1568,0.1568,CMT,1514460600,2017-12-28 10:40:43.738370,19113.0,3006.75
544,544.0,544.0,544.0,0.1572,1,JordanManual,CCCAGG,0.1573,0.1566,0.1573,CMT,1514460780,2017-12-28 10:40:43.738370,392.0,61.54
545,545.0,545.0,545.0,0.1558,1,JordanManual,CCCAGG,0.1567,0.1558,0.1567,CMT,1514460960,2017-12-28 10:40:43.738370,19246.0,3001.24
546,546.0,546.0,546.0,0.1579,1,JordanManual,CCCAGG,0.1579,0.156,0.156,CMT,1514461140,2017-12-28 10:40:43.738370,53956.0,8453.42
547,547.0,547.0,547.0,0.158,1,JordanManual,CCCAGG,0.158,0.1577,0.1578,CMT,1514461320,2017-12-28 10:40:43.738370,5919.0,935.16
548,548.0,548.0,548.0,0.158,1,JordanManual,CCCAGG,0.158,0.1574,0.1574,CMT,1514461500,2017-12-28 10:40:43.738370,4189.0,660.41
549,549.0,549.0,549.0,0.158,1,JordanManual,CCCAGG,0.158,0.1572,0.1578,CMT,1514461680,2017-12-28 10:40:43.738370,44864.0,7084.26
550,550.0,550.0,550.0,0.1579,1,JordanManual,CCCAGG,0.1581,0.1577,0.158,CMT,1514461860,2017-12-28 10:40:43.738370,5072.0,800.77
551,551.0,551.0,551.0,0.1591,1,JordanManual,CCCAGG,0.1591,0.158,0.158,CMT,1514462040,2017-12-28 10:40:43.738370,1760.0,278.26
552,552.0,552.0,552.0,0.159,1,JordanManual,CCCAGG,0.159,0.1588,0.1588,CMT,1514462220,2017-12-28 10:40:43.738370,0.0,0.0
553,553.0,553.0,553.0,0.1598,1,JordanManual,CCCAGG,0.16,0.1591,0.1591,CMT,1514462400,2017-12-28 10:40:43.738370,71824.0,11469.69
554,554.0,554.0,554.0,0.1592,1,JordanManual,CCCAGG,0.1596,0.1588,0.1596,CMT,1514462580,2017-12-28 10:40:43.738370,3666.0,584.79
555,555.0,555.0,555.0,0.1594,1,JordanManual,CCCAGG,0.1597,0.1589,0.1589,CMT,1514462760,2017-12-28 10:40:43.738370,8689.0,1383.53
556,556.0,556.0,556.0,0.1598,1,JordanManual,CCCAGG,0.1598,0.1595,0.1596,CMT,1514462940,2017-12-28 10:40:43.738370,1955.0,312.02
557,557.0,557.0,557.0,0.1597,1,JordanManual,CCCAGG,0.1599,0.1597,0.1598,CMT,1514463120,2017-12-28 10:40:43.738370,2170.0,346.9
558,558.0,558.0,558.0,0.158,1,JordanManual,CCCAGG,0.1595,0.158,0.1595,CMT,1514463300,2017-12-28 10:40:43.738370,1427.0,227.16
559,559.0,559.0,559.0,0.1583,1,JordanManual,CCCAGG,0.1585,0.1579,0.1579,CMT,1514463480,2017-12-28 10:40:43.738370,2836.0,448.95
560,560.0,560.0,560.0,0.1576,1,JordanManual,CCCAGG,0.1585,0.1576,0.1585,CMT,1514463660,2017-12-28 10:40:43.738370,19586.0,3087.35
561,561.0,561.0,561.0,0.1586,1,JordanManual,CCCAGG,0.1587,0.1571,0.1578,CMT,1514463840,2017-12-28 10:40:43.738370,17260.0,2719.69
562,562.0,562.0,562.0,0.1593,1,JordanManual,CCCAGG,0.1593,0.158,0.1587,CMT,1514464020,2017-12-28 10:40:43.738370,14655.0,2324.84
563,563.0,563.0,563.0,0.1589,1,JordanManual,CCCAGG,0.1595,0.1589,0.1594,CMT,1514464200,2017-12-28 10:40:43.738370,5402.0,858.92
564,564.0,564.0,564.0,0.1576,1,JordanManual,CCCAGG,0.1584,0.1573,0.1584,CMT,1514464380,2017-12-28 10:40:43.738370,19181.0,3019.11
565,565.0,565.0,565.0,0.1579,1,JordanManual,CCCAGG,0.1579,0.1579,0.1579,CMT,1514464560,2017-12-28 10:40:43.738370,100.0,15.79
566,566.0,566.0,566.0,0.1579,1,JordanManual,CCCAGG,0.1579,0.1579,0.1579,CMT,1514464740,2017-12-28 10:40:43.738370,7699.0,1215.67
567,567.0,567.0,567.0,0.1579,1,JordanManual,CCCAGG,0.1579,0.1579,0.1579,CMT,1514464920,2017-12-28 10:40:43.738370,0.0,0.0
568,568.0,568.0,568.0,0.1613,1,JordanManual,CCCAGG,0.1616,0.1579,0.1579,CMT,1514465100,2017-12-28 10:40:43.738370,7954.0,1282.98
569,569.0,569.0,569.0,0.161,1,JordanManual,CCCAGG,0.1615,0.1609,0.1615,CMT,1514465280,2017-12-28 10:40:43.738370,13711.0,2207.17
570,570.0,570.0,570.0,0.1617,1,JordanManual,CCCAGG,0.1617,0.1611,0.1611,CMT,1514465460,2017-12-28 10:40:43.738370,1500.0,242.55
571,571.0,571.0,571.0,0.1614,1,JordanManual,CCCAGG,0.1617,0.161,0.1617,CMT,1514465640,2017-12-28 10:40:43.738370,30747.0,4963.67
572,572.0,572.0,572.0,0.1621,1,JordanManual,CCCAGG,0.1621,0.161,0.161,CMT,1514465820,2017-12-28 10:40:43.738370,12642.0,2044.4
573,573.0,573.0,573.0,0.1623,1,JordanManual,CCCAGG,0.1623,0.1616,0.1619,CMT,1514466000,2017-12-28 10:40:43.738370,38856.0,6301.1
574,574.0,574.0,574.0,0.163,1,JordanManual,CCCAGG,0.164,0.1626,0.1626,CMT,1514466180,2017-12-28 10:40:43.738370,36446.0,5942.22
575,575.0,575.0,575.0,0.1644,1,JordanManual,CCCAGG,0.1644,0.163,0.163,CMT,1514466360,2017-12-28 10:40:43.738370,60045.0,9852.02
576,576.0,576.0,576.0,0.1645,1,JordanManual,CCCAGG,0.1645,0.1638,0.1644,CMT,1514466540,2017-12-28 10:40:43.738370,112761.0,18530.91
577,577.0,577.0,577.0,0.1648,1,JordanManual,CCCAGG,0.1648,0.1645,0.1645,CMT,1514466720,2017-12-28 10:40:43.738370,17124.0,2818.16
578,578.0,578.0,578.0,0.1653,1,JordanManual,CCCAGG,0.1655,0.1649,0.1649,CMT,1514466900,2017-12-28 10:40:43.738370,42547.0,7033.61
579,579.0,579.0,579.0,0.166,1,JordanManual,CCCAGG,0.166,0.1639,0.1656,CMT,1514467080,2017-12-28 10:40:43.738370,16143.0,2654.28
580,580.0,580.0,580.0,0.1651,1,JordanManual,CCCAGG,0.1657,0.1648,0.1657,CMT,1514467260,2017-12-28 10:40:43.738370,31249.0,5170.55
581,581.0,581.0,581.0,0.1641,1,JordanManual,CCCAGG,0.1653,0.1641,0.165,CMT,1514467440,2017-12-28 10:40:43.738370,26432.0,4357.64
582,582.0,582.0,582.0,0.1642,1,JordanManual,CCCAGG,0.1644,0.1641,0.1643,CMT,1514467620,2017-12-28 10:40:43.738370,30718.0,5045.14
583,583.0,583.0,583.0,0.164,1,JordanManual,CCCAGG,0.1645,0.1638,0.1645,CMT,1514467800,2017-12-28 10:40:43.738370,28880.0,4744.89
584,584.0,584.0,584.0,0.1624,1,JordanManual,CCCAGG,0.1636,0.1623,0.1636,CMT,1514467980,2017-12-28 10:40:43.738370,55857.0,9087.39
585,585.0,585.0,585.0,0.1628,1,JordanManual,CCCAGG,0.163,0.1624,0.1624,CMT,1514468160,2017-12-28 10:40:43.738370,13247.0,2156.34
586,586.0,586.0,586.0,0.163,1,JordanManual,CCCAGG,0.1633,0.1629,0.1631,CMT,1514468340,2017-12-28 10:40:43.738370,13151.0,2144.59
587,587.0,587.0,587.0,0.1637,1,JordanManual,CCCAGG,0.1637,0.1631,0.1631,CMT,1514468520,2017-12-28 10:40:43.738370,3715.0,606.04
588,588.0,588.0,588.0,0.1641,1,JordanManual,CCCAGG,0.1641,0.1637,0.1637,CMT,1514468700,2017-12-28 10:40:43.738370,81547.0,13361.64
589,589.0,589.0,589.0,0.1638,1,JordanManual,CCCAGG,0.1641,0.1638,0.1639,CMT,1514468880,2017-12-28 10:40:43.738370,3898.0,639.27
590,590.0,590.0,590.0,0.1636,1,JordanManual,CCCAGG,0.1638,0.1636,0.1637,CMT,1514469060,2017-12-28 10:40:43.738370,36612.0,5995.02
591,591.0,591.0,591.0,0.1639,1,JordanManual,CCCAGG,0.1649,0.1639,0.1639,CMT,1514469240,2017-12-28 10:40:43.738370,2917.0,478.89
592,592.0,592.0,592.0,0.1642,1,JordanManual,CCCAGG,0.1647,0.1639,0.1639,CMT,1514469420,2017-12-28 10:40:43.738370,3118.0,512.86
593,593.0,593.0,593.0,0.1643,1,JordanManual,CCCAGG,0.1646,0.164,0.164,CMT,1514469600,2017-12-28 10:40:43.738370,10902.0,1791.75
594,594.0,594.0,594.0,0.1633,1,JordanManual,CCCAGG,0.1639,0.1633,0.1638,CMT,1514469780,2017-12-28 10:40:43.738370,110093.0,17989.2
595,595.0,595.0,595.0,0.1629,1,JordanManual,CCCAGG,0.1633,0.1626,0.1633,CMT,1514469960,2017-12-28 10:40:43.738370,5778.0,941.65
596,596.0,596.0,596.0,0.1618,1,JordanManual,CCCAGG,0.1621,0.1618,0.1621,CMT,1514470140,2017-12-28 10:40:43.738370,7333.0,1187.98
597,597.0,597.0,597.0,0.1621,1,JordanManual,CCCAGG,0.1626,0.1619,0.162,CMT,1514470320,2017-12-28 10:40:43.738370,747.0,121.09
598,598.0,598.0,598.0,0.1632,1,JordanManual,CCCAGG,0.1632,0.1621,0.1621,CMT,1514470500,2017-12-28 10:40:43.738370,121254.0,19776.87
599,599.0,599.0,599.0,0.1654,1,JordanManual,CCCAGG,0.1654,0.1649,0.1649,CMT,1514470680,2017-12-28 10:40:43.738370,40506.0,6691.44
600,600.0,600.0,600.0,0.1661,1,JordanManual,CCCAGG,0.1661,0.1656,0.1656,CMT,1514470860,2017-12-28 10:40:43.738370,262842.0,43657.91
601,601.0,601.0,601.0,0.1718,1,JordanManual,CCCAGG,0.1725,0.1664,0.1664,CMT,1514471040,2017-12-28 10:40:43.738370,456409.0,78086.54
602,602.0,602.0,602.0,0.1733,1,JordanManual,CCCAGG,0.1733,0.1718,0.1718,CMT,1514471220,2017-12-28 10:40:43.738370,13486.0,2329.52
603,603.0,603.0,603.0,0.1699,1,JordanManual,CCCAGG,0.1762,0.1681,0.1728,CMT,1514471400,2017-12-28 10:40:43.738370,479811.0,81536.46
604,604.0,604.0,604.0,0.1763,1,JordanManual,CCCAGG,0.1766,0.1721,0.1759,CMT,1514471580,2017-12-28 10:40:43.738370,124048.0,21582.96
605,605.0,605.0,605.0,0.1762,1,JordanManual,CCCAGG,0.1763,0.1736,0.1763,CMT,1514471760,2017-12-28 10:40:43.738370,136526.0,23985.61
606,606.0,606.0,606.0,0.1787,1,JordanManual,CCCAGG,0.1795,0.176,0.176,CMT,1514471940,2017-12-28 10:40:43.738370,315099.0,56006.52
607,607.0,607.0,607.0,0.184,1,JordanManual,CCCAGG,0.184,0.179,0.1792,CMT,1514472120,2017-12-28 10:40:43.738370,673877.0,123620.53
608,608.0,608.0,608.0,0.1939,1,JordanManual,CCCAGG,0.2033,0.1854,0.1854,CMT,1514472300,2017-12-28 10:40:43.738370,1266735.0,243795.02
609,609.0,609.0,609.0,0.1981,1,JordanManual,CCCAGG,0.1981,0.1894,0.1894,CMT,1514472480,2017-12-28 10:40:43.738370,371881.0,72807.12
610,610.0,610.0,610.0,0.1974,1,JordanManual,CCCAGG,0.2063,0.1967,0.1987,CMT,1514472660,2017-12-28 10:40:43.738370,751241.29,150923.34
611,611.0,611.0,611.0,0.2026,1,JordanManual,CCCAGG,0.2036,0.1996,0.1996,CMT,1514472840,2017-12-28 10:40:43.738370,462215.0,93257.33
612,612.0,612.0,612.0,0.1954,1,JordanManual,CCCAGG,0.2013,0.1897,0.1978,CMT,1514473020,2017-12-28 10:40:43.738370,476943.0,92315.38
613,613.0,613.0,613.0,0.1991,1,JordanManual,CCCAGG,0.2024,0.1941,0.1965,CMT,1514473200,2017-12-28 10:40:43.738370,632516.0,126090.46
614,614.0,614.0,614.0,0.1913,1,JordanManual,CCCAGG,0.1999,0.1884,0.1999,CMT,1514473380,2017-12-28 10:40:43.738370,720497.0,139584.37
615,615.0,615.0,615.0,0.1953,1,JordanManual,CCCAGG,0.1955,0.1899,0.1904,CMT,1514473560,2017-12-28 10:40:43.738370,480221.0,92305.34
616,616.0,616.0,616.0,0.1921,1,JordanManual,CCCAGG,0.1958,0.191,0.1951,CMT,1514473740,2017-12-28 10:40:43.738370,361356.0,69652.74
617,617.0,617.0,617.0,0.1922,1,JordanManual,CCCAGG,0.1925,0.1906,0.1919,CMT,1514473920,2017-12-28 10:40:43.738370,164841.0,31518.58
618,618.0,618.0,618.0,0.1931,1,JordanManual,CCCAGG,0.1931,0.1912,0.1912,CMT,1514474100,2017-12-28 10:40:43.738370,63011.0,12131.7
619,619.0,619.0,619.0,0.192,1,JordanManual,CCCAGG,0.1935,0.1912,0.1934,CMT,1514474280,2017-12-28 10:40:43.738370,180018.0,34626.6
620,620.0,620.0,620.0,0.1958,1,JordanManual,CCCAGG,0.1986,0.191,0.1915,CMT,1514474460,2017-12-28 10:40:43.738370,292625.0,56757.31
621,621.0,621.0,621.0,0.197,1,JordanManual,CCCAGG,0.1986,0.1958,0.1958,CMT,1514474640,2017-12-28 10:40:43.738370,373241.0,73676.02
622,622.0,622.0,622.0,0.1969,1,JordanManual,CCCAGG,0.1975,0.1947,0.1975,CMT,1514474820,2017-12-28 10:40:43.738370,378745.0,74516.32
623,623.0,623.0,623.0,0.1931,1,JordanManual,CCCAGG,0.1975,0.1928,0.1975,CMT,1514475000,2017-12-28 10:40:43.738370,318815.0,61961.87
624,624.0,624.0,624.0,0.1914,1,JordanManual,CCCAGG,0.1929,0.1912,0.1929,CMT,1514475180,2017-12-28 10:40:43.738370,128631.0,24691.47
625,625.0,625.0,625.0,0.1887,1,JordanManual,CCCAGG,0.1917,0.1887,0.1914,CMT,1514475360,2017-12-28 10:40:43.738370,236739.0,45023.08
626,626.0,626.0,626.0,0.1927,1,JordanManual,CCCAGG,0.1927,0.1888,0.189,CMT,1514475540,2017-12-28 10:40:43.738370,342257.0,65259.49
627,627.0,627.0,627.0,0.1932,1,JordanManual,CCCAGG,0.1932,0.1917,0.1921,CMT,1514475720,2017-12-28 10:40:43.738370,155008.0,29883.0
628,628.0,628.0,628.0,0.195,1,JordanManual,CCCAGG,0.1983,0.1928,0.1929,CMT,1514475900,2017-12-28 10:40:43.738370,824366.99,161605.23
629,629.0,629.0,629.0,0.2094,1,JordanManual,CCCAGG,0.2101,0.1975,0.1977,CMT,1514476080,2017-12-28 10:40:43.738370,1604108.0,329070.02
630,630.0,630.0,630.0,0.2072,1,JordanManual,CCCAGG,0.2105,0.204,0.2098,CMT,1514476260,2017-12-28 10:40:43.738370,603800.38,125807.67
631,631.0,631.0,631.0,0.2058,1,JordanManual,CCCAGG,0.2073,0.2046,0.2073,CMT,1514476440,2017-12-28 10:40:43.738370,736870.4,151523.86
632,632.0,632.0,632.0,0.2044,1,JordanManual,CCCAGG,0.2066,0.2042,0.2047,CMT,1514476620,2017-12-28 10:40:43.738370,317325.0,65010.44
633,633.0,633.0,633.0,0.2045,1,JordanManual,CCCAGG,0.2052,0.2037,0.205,CMT,1514476800,2017-12-28 10:40:43.738370,225925.0,46262.14
634,634.0,634.0,634.0,0.2025,1,JordanManual,CCCAGG,0.205,0.201,0.2045,CMT,1514476980,2017-12-28 10:40:43.738370,236007.0,48019.03
635,635.0,635.0,635.0,0.2013,1,JordanManual,CCCAGG,0.2023,0.199,0.2003,CMT,1514477160,2017-12-28 10:40:43.738370,376745.0,75838.77
636,636.0,636.0,636.0,0.2005,1,JordanManual,CCCAGG,0.2017,0.2005,0.2013,CMT,1514477340,2017-12-28 10:40:43.738370,100554.0,20237.36
637,637.0,637.0,637.0,0.2004,1,JordanManual,CCCAGG,0.2011,0.1997,0.1998,CMT,1514477520,2017-12-28 10:40:43.738370,124430.0,24902.87
638,638.0,638.0,638.0,0.2003,1,JordanManual,CCCAGG,0.2011,0.2003,0.2011,CMT,1514477700,2017-12-28 10:40:43.738370,133470.0,26780.26
639,639.0,639.0,639.0,0.1976,1,JordanManual,CCCAGG,0.2009,0.1966,0.2005,CMT,1514477880,2017-12-28 10:40:43.738370,268072.0,53138.04
640,640.0,640.0,640.0,0.1949,1,JordanManual,CCCAGG,0.1973,0.1937,0.1951,CMT,1514478060,2017-12-28 10:40:43.738370,345182.0,67162.36
641,641.0,641.0,641.0,0.1988,1,JordanManual,CCCAGG,0.2,0.1953,0.1958,CMT,1514478240,2017-12-28 10:40:43.738370,221758.0,43948.96
642,642.0,642.0,642.0,0.1973,1,JordanManual,CCCAGG,0.198,0.1969,0.1979,CMT,1514478420,2017-12-28 10:40:43.738370,184102.0,36332.03
643,643.0,643.0,643.0,0.1983,1,JordanManual,CCCAGG,0.1991,0.1968,0.1975,CMT,1514478600,2017-12-28 10:40:43.738370,132304.0,26155.16
644,644.0,644.0,644.0,0.2003,1,JordanManual,CCCAGG,0.2003,0.198,0.198,CMT,1514478780,2017-12-28 10:40:43.738370,227179.0,45443.85
645,645.0,645.0,645.0,0.2002,1,JordanManual,CCCAGG,0.2008,0.1995,0.1997,CMT,1514478960,2017-12-28 10:40:43.738370,109740.43,21997.67
646,646.0,646.0,646.0,0.1998,1,JordanManual,CCCAGG,0.2011,0.1998,0.2004,CMT,1514479140,2017-12-28 10:40:43.738370,101373.0,20348.57
647,647.0,647.0,647.0,0.199,1,JordanManual,CCCAGG,0.2003,0.199,0.2003,CMT,1514479320,2017-12-28 10:40:43.738370,184826.0,36953.68
648,648.0,648.0,648.0,0.1975,1,JordanManual,CCCAGG,0.1986,0.196,0.1983,CMT,1514479500,2017-12-28 10:40:43.738370,87628.0,17282.19
649,649.0,649.0,649.0,0.1971,1,JordanManual,CCCAGG,0.1978,0.1958,0.1974,CMT,1514479680,2017-12-28 10:40:43.738370,205364.0,40542.85
650,650.0,650.0,650.0,0.1947,1,JordanManual,CCCAGG,0.197,0.1947,0.197,CMT,1514479860,2017-12-28 10:40:43.738370,294715.0,57586.47
651,651.0,651.0,651.0,0.1922,1,JordanManual,CCCAGG,0.194,0.1915,0.194,CMT,1514480040,2017-12-28 10:40:43.738370,164732.0,31627.07
652,652.0,652.0,652.0,0.1908,1,JordanManual,CCCAGG,0.1916,0.1904,0.1905,CMT,1514480220,2017-12-28 10:40:43.738370,506271.0,96780.43
653,653.0,653.0,653.0,0.1926,1,JordanManual,CCCAGG,0.1928,0.1907,0.1914,CMT,1514480400,2017-12-28 10:40:43.738370,252532.0,48504.06
654,654.0,654.0,654.0,0.1918,1,JordanManual,CCCAGG,0.1936,0.1915,0.1915,CMT,1514480580,2017-12-28 10:40:43.738370,335711.76,64391.83
655,655.0,655.0,655.0,0.1924,1,JordanManual,CCCAGG,0.1934,0.1922,0.1923,CMT,1514480760,2017-12-28 10:40:43.738370,123780.32,23814.44
656,656.0,656.0,656.0,0.1934,1,JordanManual,CCCAGG,0.1938,0.1929,0.1929,CMT,1514480940,2017-12-28 10:40:43.738370,44677.0,8651.35
657,657.0,657.0,657.0,0.1937,1,JordanManual,CCCAGG,0.1937,0.1931,0.1934,CMT,1514481120,2017-12-28 10:40:43.738370,40272.0,7787.59
658,658.0,658.0,658.0,0.1924,1,JordanManual,CCCAGG,0.1938,0.1924,0.1938,CMT,1514481300,2017-12-28 10:40:43.738370,31587.0,6080.95
659,659.0,659.0,659.0,0.1904,1,JordanManual,CCCAGG,0.1925,0.1904,0.1922,CMT,1514481480,2017-12-28 10:40:43.738370,60451.91,11582.83
660,660.0,660.0,660.0,0.1902,1,JordanManual,CCCAGG,0.1911,0.19,0.19,CMT,1514481660,2017-12-28 10:40:43.738370,112094.0,21391.85
661,661.0,661.0,661.0,0.1907,1,JordanManual,CCCAGG,0.1909,0.1903,0.1903,CMT,1514481840,2017-12-28 10:40:43.738370,84279.0,16057.74
662,662.0,662.0,662.0,0.1903,1,JordanManual,CCCAGG,0.1911,0.1901,0.1911,CMT,1514482020,2017-12-28 10:40:43.738370,131469.0,25060.07
663,663.0,663.0,663.0,0.1906,1,JordanManual,CCCAGG,0.1927,0.1901,0.1904,CMT,1514482200,2017-12-28 10:40:43.738370,377587.0,71802.83
664,664.0,664.0,664.0,0.1922,1,JordanManual,CCCAGG,0.195,0.1906,0.1908,CMT,1514482380,2017-12-28 10:40:43.738370,535217.0,102897.27
665,665.0,665.0,665.0,0.1949,1,JordanManual,CCCAGG,0.1953,0.1936,0.1944,CMT,1514482560,2017-12-28 10:40:43.738370,150296.0,29261.92
666,666.0,666.0,666.0,0.1973,1,JordanManual,CCCAGG,0.1971,0.1955,0.1971,CMT,1514482740,2017-12-28 10:40:43.738370,27901.0,5454.65
667,667.0,667.0,,0.1949,1,JordanManual,CCCAGG,0.1953,0.1949,0.1953,CMT,1514482920,2017-12-28 10:50:27.816457,47537.0,9268.11
668,668.0,668.0,,0.1943,1,JordanManual,CCCAGG,0.1947,0.1934,0.1947,CMT,1514483100,2017-12-28 10:50:27.816457,8258.0,1602.39
669,669.0,669.0,,0.1945,1,JordanManual,CCCAGG,0.1943,0.1936,0.1943,CMT,1514483280,2017-12-28 10:50:27.816457,15078.0,2919.1
670,670.0,,,0.196,1,JordanManual,CCCAGG,0.196,0.1949,0.1956,CMT,1514483460,2017-12-28 11:07:54.567806,48575.0,9493.0
671,671.0,,,0.1951,1,JordanManual,CCCAGG,0.1964,0.1951,0.1962,CMT,1514483640,2017-12-28 11:07:54.567806,8175.0,1598.72
672,672.0,,,0.1946,1,JordanManual,CCCAGG,0.1953,0.1945,0.1953,CMT,1514483820,2017-12-28 11:07:54.567806,42376.0,8265.5
673,673.0,,,0.1939,1,JordanManual,CCCAGG,0.1946,0.1932,0.1942,CMT,1514484000,2017-12-28 11:07:54.567806,143712.0,27793.53
674,674.0,,,0.192,1,JordanManual,CCCAGG,0.1939,0.192,0.1939,CMT,1514484180,2017-12-28 11:07:54.567806,75287.0,14545.27
675,675.0,,,0.1931,1,JordanManual,CCCAGG,0.1939,0.1918,0.1929,CMT,1514484360,2017-12-28 11:07:54.567806,53502.0,10282.57
676,,,,0.1921,1,JordanManual,CCCAGG,0.1921,0.1907,0.1915,CMT,1514484540,2017-12-28 11:13:52.237343,123164.0,23627.91
677,,,,0.1945,1,JordanManual,CCCAGG,0.1948,0.1925,0.1925,CMT,1514484720,2017-12-28 11:13:52.237343,103121.0,20057.34
