Id,Id,Id.1,Id.1.1,Id.1.1.1,Id.1.1.1.1,Id.1.1.1.1.1,close,coin_units,computer_name,exchange,high,low,open,symbol,time,timestamp_api_call,volumefrom,volumeto
0,0.0,0.0,0.0,0.0,0.0,0.0,0.0955,1,JordanManual,CCCAGG,0.09551,0.0955,0.0955,MRV,1514357280,2017-12-28 09:08:14.030665,0.0,0.0
1,1.0,1.0,1.0,1.0,1.0,1.0,0.09546,1,JordanManual,CCCAGG,0.09553,0.09546,0.09553,MRV,1514357460,2017-12-28 09:08:14.030665,0.0,0.0
2,2.0,2.0,2.0,2.0,2.0,2.0,0.09088,1,JordanManual,CCCAGG,0.09549,0.09088,0.09549,MRV,1514357640,2017-12-28 09:08:14.030665,0.32,0.029076
3,3.0,3.0,3.0,3.0,3.0,3.0,0.09107,1,JordanManual,CCCAGG,0.09107,0.0908,0.0908,MRV,1514357820,2017-12-28 09:08:14.030665,0.0,0.0
4,4.0,4.0,4.0,4.0,4.0,4.0,0.09118,1,JordanManual,CCCAGG,0.09118,0.0911,0.0911,MRV,1514358000,2017-12-28 09:08:14.030665,0.0,0.0
5,5.0,5.0,5.0,5.0,5.0,5.0,0.09576,1,JordanManual,CCCAGG,0.09576,0.09116,0.09117,MRV,1514358180,2017-12-28 09:08:14.030665,0.53,0.0483676
6,6.0,6.0,6.0,6.0,6.0,6.0,0.09581,1,JordanManual,CCCAGG,0.09581,0.09578,0.09578,MRV,1514358360,2017-12-28 09:08:14.030665,0.0,0.0
7,7.0,7.0,7.0,7.0,7.0,7.0,0.09577,1,JordanManual,CCCAGG,0.0958,0.09577,0.0958,MRV,1514358540,2017-12-28 09:08:14.030665,0.0,0.0
8,8.0,8.0,8.0,8.0,8.0,8.0,0.09571,1,JordanManual,CCCAGG,0.09576,0.09571,0.09576,MRV,1514358720,2017-12-28 09:08:14.030665,0.0,0.0
9,9.0,9.0,9.0,9.0,9.0,9.0,0.09565,1,JordanManual,CCCAGG,0.09571,0.09562,0.09571,MRV,1514358900,2017-12-28 09:08:14.030665,0.0,0.0
10,10.0,10.0,10.0,10.0,10.0,10.0,0.09562,1,JordanManual,CCCAGG,0.09562,0.09562,0.09562,MRV,1514359080,2017-12-28 09:08:14.030665,0.0,0.0
11,11.0,11.0,11.0,11.0,11.0,11.0,0.09569,1,JordanManual,CCCAGG,0.09569,0.09564,0.09564,MRV,1514359260,2017-12-28 09:08:14.030665,0.0,0.0
12,12.0,12.0,12.0,12.0,12.0,12.0,0.09574,1,JordanManual,CCCAGG,0.09575,0.0957,0.0957,MRV,1514359440,2017-12-28 09:08:14.030665,0.0,0.0
13,13.0,13.0,13.0,13.0,13.0,13.0,0.09567,1,JordanManual,CCCAGG,0.09574,0.09567,0.09574,MRV,1514359620,2017-12-28 09:08:14.030665,0.0,0.0
14,14.0,14.0,14.0,14.0,14.0,14.0,0.09558,1,JordanManual,CCCAGG,0.09575,0.09557,0.09575,MRV,1514359800,2017-12-28 09:08:14.030665,0.0,0.0
15,15.0,15.0,15.0,15.0,15.0,15.0,0.09565,1,JordanManual,CCCAGG,0.09565,0.09557,0.09557,MRV,1514359980,2017-12-28 09:08:14.030665,0.0,0.0
16,16.0,16.0,16.0,16.0,16.0,16.0,0.09566,1,JordanManual,CCCAGG,0.09566,0.09564,0.09564,MRV,1514360160,2017-12-28 09:08:14.030665,0.0,0.0
17,17.0,17.0,17.0,17.0,17.0,17.0,0.09559,1,JordanManual,CCCAGG,0.09566,0.09559,0.09566,MRV,1514360340,2017-12-28 09:08:14.030665,0.0,0.0
18,18.0,18.0,18.0,18.0,18.0,18.0,0.09563,1,JordanManual,CCCAGG,0.09563,0.09562,0.09562,MRV,1514360520,2017-12-28 09:08:14.030665,0.0,0.0
19,19.0,19.0,19.0,19.0,19.0,19.0,0.09545,1,JordanManual,CCCAGG,0.0956,0.09545,0.09559,MRV,1514360700,2017-12-28 09:08:14.030665,0.0,0.0
20,20.0,20.0,20.0,20.0,20.0,20.0,0.09561,1,JordanManual,CCCAGG,0.09561,0.09551,0.09551,MRV,1514360880,2017-12-28 09:08:14.030665,0.0,0.0
21,21.0,21.0,21.0,21.0,21.0,21.0,0.09565,1,JordanManual,CCCAGG,0.09565,0.09562,0.09563,MRV,1514361060,2017-12-28 09:08:14.030665,0.0,0.0
22,22.0,22.0,22.0,22.0,22.0,22.0,0.0957,1,JordanManual,CCCAGG,0.0957,0.09567,0.09567,MRV,1514361240,2017-12-28 09:08:14.030665,0.0,0.0
23,23.0,23.0,23.0,23.0,23.0,23.0,0.09571,1,JordanManual,CCCAGG,0.09571,0.09569,0.0957,MRV,1514361420,2017-12-28 09:08:14.030665,0.0,0.0
24,24.0,24.0,24.0,24.0,24.0,24.0,0.09569,1,JordanManual,CCCAGG,0.09572,0.09569,0.09572,MRV,1514361600,2017-12-28 09:08:14.030665,0.0,0.0
25,25.0,25.0,25.0,25.0,25.0,25.0,0.09556,1,JordanManual,CCCAGG,0.09574,0.09556,0.09574,MRV,1514361780,2017-12-28 09:08:14.030665,0.0,0.0
26,26.0,26.0,26.0,26.0,26.0,26.0,0.09547,1,JordanManual,CCCAGG,0.09553,0.09545,0.09553,MRV,1514361960,2017-12-28 09:08:14.030665,0.0,0.0
27,27.0,27.0,27.0,27.0,27.0,27.0,0.0953,1,JordanManual,CCCAGG,0.09552,0.0953,0.09552,MRV,1514362140,2017-12-28 09:08:14.030665,0.0,0.0
28,28.0,28.0,28.0,28.0,28.0,28.0,0.09522,1,JordanManual,CCCAGG,0.09536,0.09522,0.09536,MRV,1514362320,2017-12-28 09:08:14.030665,0.0,0.0
29,29.0,29.0,29.0,29.0,29.0,29.0,0.09528,1,JordanManual,CCCAGG,0.09529,0.09523,0.09523,MRV,1514362500,2017-12-28 09:08:14.030665,0.0,0.0
30,30.0,30.0,30.0,30.0,30.0,30.0,0.09525,1,JordanManual,CCCAGG,0.09525,0.09522,0.09522,MRV,1514362680,2017-12-28 09:08:14.030665,0.0,0.0
31,31.0,31.0,31.0,31.0,31.0,31.0,0.09515,1,JordanManual,CCCAGG,0.09523,0.09515,0.09523,MRV,1514362860,2017-12-28 09:08:14.030665,0.0,0.0
32,32.0,32.0,32.0,32.0,32.0,32.0,0.09528,1,JordanManual,CCCAGG,0.09528,0.0952,0.0952,MRV,1514363040,2017-12-28 09:08:14.030665,0.0,0.0
33,33.0,33.0,33.0,33.0,33.0,33.0,0.09529,1,JordanManual,CCCAGG,0.09532,0.09527,0.09527,MRV,1514363220,2017-12-28 09:08:14.030665,0.0,0.0
34,34.0,34.0,34.0,34.0,34.0,34.0,0.0953,1,JordanManual,CCCAGG,0.0953,0.09525,0.09529,MRV,1514363400,2017-12-28 09:08:14.030665,0.0,0.0
35,35.0,35.0,35.0,35.0,35.0,35.0,0.09527,1,JordanManual,CCCAGG,0.09531,0.09523,0.09531,MRV,1514363580,2017-12-28 09:08:14.030665,0.0,0.0
36,36.0,36.0,36.0,36.0,36.0,36.0,0.09534,1,JordanManual,CCCAGG,0.09534,0.09529,0.09529,MRV,1514363760,2017-12-28 09:08:14.030665,0.0,0.0
37,37.0,37.0,37.0,37.0,37.0,37.0,0.09539,1,JordanManual,CCCAGG,0.09539,0.09531,0.09535,MRV,1514363940,2017-12-28 09:08:14.030665,0.0,0.0
38,38.0,38.0,38.0,38.0,38.0,38.0,0.09545,1,JordanManual,CCCAGG,0.09547,0.09542,0.09542,MRV,1514364120,2017-12-28 09:08:14.030665,0.0,0.0
39,39.0,39.0,39.0,39.0,39.0,39.0,0.09551,1,JordanManual,CCCAGG,0.09551,0.09548,0.09548,MRV,1514364300,2017-12-28 09:08:14.030665,0.0,0.0
40,40.0,40.0,40.0,40.0,40.0,40.0,0.09556,1,JordanManual,CCCAGG,0.09556,0.09551,0.09551,MRV,1514364480,2017-12-28 09:08:14.030665,0.0,0.0
41,41.0,41.0,41.0,41.0,41.0,41.0,0.09559,1,JordanManual,CCCAGG,0.09561,0.09559,0.09561,MRV,1514364660,2017-12-28 09:08:14.030665,0.0,0.0
42,42.0,42.0,42.0,42.0,42.0,42.0,0.09552,1,JordanManual,CCCAGG,0.09561,0.09552,0.09561,MRV,1514364840,2017-12-28 09:08:14.030665,0.16,0.01528
43,43.0,43.0,43.0,43.0,43.0,43.0,0.09533,1,JordanManual,CCCAGG,0.09545,0.09533,0.09544,MRV,1514365020,2017-12-28 09:08:14.030665,0.0,0.0
44,44.0,44.0,44.0,44.0,44.0,44.0,0.09536,1,JordanManual,CCCAGG,0.09536,0.09533,0.09533,MRV,1514365200,2017-12-28 09:08:14.030665,0.0,0.0
45,45.0,45.0,45.0,45.0,45.0,45.0,0.09546,1,JordanManual,CCCAGG,0.09546,0.09546,0.09546,MRV,1514365380,2017-12-28 09:08:14.030665,0.0,0.0
46,46.0,46.0,46.0,46.0,46.0,46.0,0.09527,1,JordanManual,CCCAGG,0.09536,0.09527,0.09536,MRV,1514365560,2017-12-28 09:08:14.030665,0.0,0.0
47,47.0,47.0,47.0,47.0,47.0,47.0,0.09535,1,JordanManual,CCCAGG,0.09535,0.09524,0.09529,MRV,1514365740,2017-12-28 09:08:14.030665,0.0,0.0
48,48.0,48.0,48.0,48.0,48.0,48.0,0.09549,1,JordanManual,CCCAGG,0.09549,0.09537,0.09537,MRV,1514365920,2017-12-28 09:08:14.030665,0.0,0.0
49,49.0,49.0,49.0,49.0,49.0,49.0,0.09477,1,JordanManual,CCCAGG,0.09558,0.09477,0.09554,MRV,1514366100,2017-12-28 09:08:14.030665,0.21,0.01991
50,50.0,50.0,50.0,50.0,50.0,50.0,0.0948,1,JordanManual,CCCAGG,0.0948,0.09474,0.09474,MRV,1514366280,2017-12-28 09:08:14.030665,0.0,0.0
51,51.0,51.0,51.0,51.0,51.0,51.0,0.09476,1,JordanManual,CCCAGG,0.09483,0.09476,0.09481,MRV,1514366460,2017-12-28 09:08:14.030665,0.0,0.0
52,52.0,52.0,52.0,52.0,52.0,52.0,0.09447,1,JordanManual,CCCAGG,0.0947,0.09447,0.0947,MRV,1514366640,2017-12-28 09:08:14.030665,0.0,0.0
53,53.0,53.0,53.0,53.0,53.0,53.0,0.09426,1,JordanManual,CCCAGG,0.09447,0.09426,0.09447,MRV,1514366820,2017-12-28 09:08:14.030665,0.0,0.0
54,54.0,54.0,54.0,54.0,54.0,54.0,0.09408,1,JordanManual,CCCAGG,0.09421,0.09408,0.09421,MRV,1514367000,2017-12-28 09:08:14.030665,0.0,0.0
55,55.0,55.0,55.0,55.0,55.0,55.0,0.09401,1,JordanManual,CCCAGG,0.09404,0.09398,0.09404,MRV,1514367180,2017-12-28 09:08:14.030665,0.0,0.0
56,56.0,56.0,56.0,56.0,56.0,56.0,0.0937,1,JordanManual,CCCAGG,0.094,0.0937,0.094,MRV,1514367360,2017-12-28 09:08:14.030665,0.0,0.0
57,57.0,57.0,57.0,57.0,57.0,57.0,0.09385,1,JordanManual,CCCAGG,0.09392,0.09385,0.0939,MRV,1514367540,2017-12-28 09:08:14.030665,100.0,9.39
58,58.0,58.0,58.0,58.0,58.0,58.0,0.09352,1,JordanManual,CCCAGG,0.09381,0.09352,0.09381,MRV,1514367720,2017-12-28 09:08:14.030665,0.0,0.0
59,59.0,59.0,59.0,59.0,59.0,59.0,0.09336,1,JordanManual,CCCAGG,0.09339,0.09336,0.09339,MRV,1514367900,2017-12-28 09:08:14.030665,0.0,0.0
60,60.0,60.0,60.0,60.0,60.0,60.0,0.09327,1,JordanManual,CCCAGG,0.09327,0.09322,0.09324,MRV,1514368080,2017-12-28 09:08:14.030665,0.0,0.0
61,61.0,61.0,61.0,61.0,61.0,61.0,0.0934,1,JordanManual,CCCAGG,0.0934,0.09321,0.09326,MRV,1514368260,2017-12-28 09:08:14.030665,0.0,0.0
62,62.0,62.0,62.0,62.0,62.0,62.0,0.09351,1,JordanManual,CCCAGG,0.09351,0.09347,0.09347,MRV,1514368440,2017-12-28 09:08:14.030665,0.0,0.0
63,63.0,63.0,63.0,63.0,63.0,63.0,0.09331,1,JordanManual,CCCAGG,0.09348,0.09331,0.09348,MRV,1514368620,2017-12-28 09:08:14.030665,0.0,0.0
64,64.0,64.0,64.0,64.0,64.0,64.0,0.09348,1,JordanManual,CCCAGG,0.09348,0.09335,0.09335,MRV,1514368800,2017-12-28 09:08:14.030665,0.0,0.0
65,65.0,65.0,65.0,65.0,65.0,65.0,0.09352,1,JordanManual,CCCAGG,0.09352,0.09346,0.09347,MRV,1514368980,2017-12-28 09:08:14.030665,0.0,0.0
66,66.0,66.0,66.0,66.0,66.0,66.0,0.09359,1,JordanManual,CCCAGG,0.09359,0.0935,0.09354,MRV,1514369160,2017-12-28 09:08:14.030665,0.0,0.0
67,67.0,67.0,67.0,67.0,67.0,67.0,0.09422,1,JordanManual,CCCAGG,0.09436,0.09422,0.09436,MRV,1514369340,2017-12-28 09:08:14.030665,2.02,0.1906
68,68.0,68.0,68.0,68.0,68.0,68.0,0.0941,1,JordanManual,CCCAGG,0.0941,0.09405,0.09409,MRV,1514369520,2017-12-28 09:08:14.030665,0.0,0.0
69,69.0,69.0,69.0,69.0,69.0,69.0,0.09408,1,JordanManual,CCCAGG,0.09408,0.09397,0.09401,MRV,1514369700,2017-12-28 09:08:14.030665,0.0,0.0
70,70.0,70.0,70.0,70.0,70.0,70.0,0.09385,1,JordanManual,CCCAGG,0.09403,0.09385,0.09397,MRV,1514369880,2017-12-28 09:08:14.030665,0.0,0.0
71,71.0,71.0,71.0,71.0,71.0,71.0,0.09317,1,JordanManual,CCCAGG,0.0937,0.09317,0.0937,MRV,1514370060,2017-12-28 09:08:14.030665,0.0,0.0
72,72.0,72.0,72.0,72.0,72.0,72.0,0.09284,1,JordanManual,CCCAGG,0.09309,0.09284,0.09309,MRV,1514370240,2017-12-28 09:08:14.030665,0.0,0.0
73,73.0,73.0,73.0,73.0,73.0,73.0,0.09237,1,JordanManual,CCCAGG,0.0928,0.09237,0.0928,MRV,1514370420,2017-12-28 09:08:14.030665,0.0,0.0
74,74.0,74.0,74.0,74.0,74.0,74.0,0.09237,1,JordanManual,CCCAGG,0.09237,0.09219,0.09219,MRV,1514370600,2017-12-28 09:08:14.030665,0.0,0.0
75,75.0,75.0,75.0,75.0,75.0,75.0,0.09249,1,JordanManual,CCCAGG,0.09249,0.09225,0.09236,MRV,1514370780,2017-12-28 09:08:14.030665,0.0,0.0
76,76.0,76.0,76.0,76.0,76.0,76.0,0.09268,1,JordanManual,CCCAGG,0.0928,0.09265,0.09265,MRV,1514370960,2017-12-28 09:08:14.030665,0.0,0.0
77,77.0,77.0,77.0,77.0,77.0,77.0,0.09282,1,JordanManual,CCCAGG,0.09282,0.09268,0.09268,MRV,1514371140,2017-12-28 09:08:14.030665,0.0,0.0
78,78.0,78.0,78.0,78.0,78.0,78.0,0.09276,1,JordanManual,CCCAGG,0.09282,0.09272,0.09282,MRV,1514371320,2017-12-28 09:08:14.030665,0.0,0.0
79,79.0,79.0,79.0,79.0,79.0,79.0,0.09283,1,JordanManual,CCCAGG,0.09286,0.09278,0.09278,MRV,1514371500,2017-12-28 09:08:14.030665,0.0,0.0
80,80.0,80.0,80.0,80.0,80.0,80.0,0.09242,1,JordanManual,CCCAGG,0.09276,0.09242,0.09276,MRV,1514371680,2017-12-28 09:08:14.030665,0.0,0.0
81,81.0,81.0,81.0,81.0,81.0,81.0,0.09261,1,JordanManual,CCCAGG,0.09261,0.0925,0.0925,MRV,1514371860,2017-12-28 09:08:14.030665,0.0,0.0
82,82.0,82.0,82.0,82.0,82.0,82.0,0.09264,1,JordanManual,CCCAGG,0.09267,0.09264,0.09264,MRV,1514372040,2017-12-28 09:08:14.030665,0.0,0.0
83,83.0,83.0,83.0,83.0,83.0,83.0,0.09294,1,JordanManual,CCCAGG,0.09294,0.09267,0.09267,MRV,1514372220,2017-12-28 09:08:14.030665,0.0,0.0
84,84.0,84.0,84.0,84.0,84.0,84.0,0.09352,1,JordanManual,CCCAGG,0.09352,0.09318,0.09318,MRV,1514372400,2017-12-28 09:08:14.030665,0.0,0.0
85,85.0,85.0,85.0,85.0,85.0,85.0,0.09361,1,JordanManual,CCCAGG,0.09363,0.09354,0.09354,MRV,1514372580,2017-12-28 09:08:14.030665,0.0,0.0
86,86.0,86.0,86.0,86.0,86.0,86.0,0.09339,1,JordanManual,CCCAGG,0.09356,0.09339,0.09356,MRV,1514372760,2017-12-28 09:08:14.030665,0.0,0.0
87,87.0,87.0,87.0,87.0,87.0,87.0,0.09321,1,JordanManual,CCCAGG,0.09339,0.09321,0.09339,MRV,1514372940,2017-12-28 09:08:14.030665,0.0,0.0
88,88.0,88.0,88.0,88.0,88.0,88.0,0.09338,1,JordanManual,CCCAGG,0.09338,0.09331,0.09331,MRV,1514373120,2017-12-28 09:08:14.030665,0.0,0.0
89,89.0,89.0,89.0,89.0,89.0,89.0,0.09351,1,JordanManual,CCCAGG,0.09351,0.0934,0.0934,MRV,1514373300,2017-12-28 09:08:14.030665,0.0,0.0
90,90.0,90.0,90.0,90.0,90.0,90.0,0.09347,1,JordanManual,CCCAGG,0.09351,0.09347,0.09351,MRV,1514373480,2017-12-28 09:08:14.030665,0.0,0.0
91,91.0,91.0,91.0,91.0,91.0,91.0,0.09337,1,JordanManual,CCCAGG,0.09342,0.09337,0.09342,MRV,1514373660,2017-12-28 09:08:14.030665,0.0,0.0
92,92.0,92.0,92.0,92.0,92.0,92.0,0.09334,1,JordanManual,CCCAGG,0.09343,0.09334,0.09343,MRV,1514373840,2017-12-28 09:08:14.030665,0.0,0.0
93,93.0,93.0,93.0,93.0,93.0,93.0,0.09319,1,JordanManual,CCCAGG,0.09328,0.09319,0.09328,MRV,1514374020,2017-12-28 09:08:14.030665,0.0,0.0
94,94.0,94.0,94.0,94.0,94.0,94.0,0.09337,1,JordanManual,CCCAGG,0.09337,0.09318,0.09318,MRV,1514374200,2017-12-28 09:08:14.030665,0.0,0.0
95,95.0,95.0,95.0,95.0,95.0,95.0,0.09342,1,JordanManual,CCCAGG,0.09342,0.09341,0.09341,MRV,1514374380,2017-12-28 09:08:14.030665,0.0,0.0
96,96.0,96.0,96.0,96.0,96.0,96.0,0.09353,1,JordanManual,CCCAGG,0.09353,0.09342,0.09342,MRV,1514374560,2017-12-28 09:08:14.030665,0.0,0.0
97,97.0,97.0,97.0,97.0,97.0,97.0,0.09358,1,JordanManual,CCCAGG,0.09363,0.09358,0.09361,MRV,1514374740,2017-12-28 09:08:14.030665,0.0,0.0
98,98.0,98.0,98.0,98.0,98.0,98.0,0.0937,1,JordanManual,CCCAGG,0.0937,0.09364,0.09364,MRV,1514374920,2017-12-28 09:08:14.030665,0.0,0.0
99,99.0,99.0,99.0,99.0,99.0,99.0,0.0938,1,JordanManual,CCCAGG,0.0938,0.0937,0.0937,MRV,1514375100,2017-12-28 09:08:14.030665,0.0,0.0
100,100.0,100.0,100.0,100.0,100.0,100.0,0.0939,1,JordanManual,CCCAGG,0.0939,0.09384,0.09384,MRV,1514375280,2017-12-28 09:08:14.030665,0.0,0.0
101,101.0,101.0,101.0,101.0,101.0,101.0,0.09387,1,JordanManual,CCCAGG,0.0939,0.09386,0.09386,MRV,1514375460,2017-12-28 09:08:14.030665,0.0,0.0
102,102.0,102.0,102.0,102.0,102.0,102.0,0.09388,1,JordanManual,CCCAGG,0.09388,0.09384,0.09388,MRV,1514375640,2017-12-28 09:08:14.030665,0.0,0.0
103,103.0,103.0,103.0,103.0,103.0,103.0,0.09385,1,JordanManual,CCCAGG,0.0939,0.09385,0.0939,MRV,1514375820,2017-12-28 09:08:14.030665,0.0,0.0
104,104.0,104.0,104.0,104.0,104.0,104.0,0.09398,1,JordanManual,CCCAGG,0.09398,0.09398,0.09398,MRV,1514376000,2017-12-28 09:08:14.030665,0.0,0.0
105,105.0,105.0,105.0,105.0,105.0,105.0,0.09397,1,JordanManual,CCCAGG,0.094,0.09397,0.09398,MRV,1514376180,2017-12-28 09:08:14.030665,0.0,0.0
106,106.0,106.0,106.0,106.0,106.0,106.0,0.09414,1,JordanManual,CCCAGG,0.09414,0.09403,0.09403,MRV,1514376360,2017-12-28 09:08:14.030665,0.0,0.0
107,107.0,107.0,107.0,107.0,107.0,107.0,0.09438,1,JordanManual,CCCAGG,0.09438,0.09423,0.09423,MRV,1514376540,2017-12-28 09:08:14.030665,0.0,0.0
108,108.0,108.0,108.0,108.0,108.0,108.0,0.09438,1,JordanManual,CCCAGG,0.0944,0.09436,0.0944,MRV,1514376720,2017-12-28 09:08:14.030665,12.88,1.2175
109,109.0,109.0,109.0,109.0,109.0,109.0,0.09429,1,JordanManual,CCCAGG,0.09441,0.09429,0.09441,MRV,1514376900,2017-12-28 09:08:14.030665,0.0,0.0
110,110.0,110.0,110.0,110.0,110.0,110.0,0.0943,1,JordanManual,CCCAGG,0.09431,0.09427,0.09427,MRV,1514377080,2017-12-28 09:08:14.030665,0.0,0.0
111,111.0,111.0,111.0,111.0,111.0,111.0,0.09426,1,JordanManual,CCCAGG,0.09429,0.09424,0.09424,MRV,1514377260,2017-12-28 09:08:14.030665,0.0,0.0
112,112.0,112.0,112.0,112.0,112.0,112.0,0.09422,1,JordanManual,CCCAGG,0.09422,0.0942,0.09421,MRV,1514377440,2017-12-28 09:08:14.030665,0.0,0.0
113,113.0,113.0,113.0,113.0,113.0,113.0,0.09429,1,JordanManual,CCCAGG,0.09429,0.0942,0.09423,MRV,1514377620,2017-12-28 09:08:14.030665,0.0,0.0
114,114.0,114.0,114.0,114.0,114.0,114.0,0.09426,1,JordanManual,CCCAGG,0.09426,0.09426,0.09426,MRV,1514377800,2017-12-28 09:08:14.030665,0.0,0.0
115,115.0,115.0,115.0,115.0,115.0,115.0,0.09443,1,JordanManual,CCCAGG,0.09443,0.09433,0.09433,MRV,1514377980,2017-12-28 09:08:14.030665,0.0,0.0
116,116.0,116.0,116.0,116.0,116.0,116.0,0.09424,1,JordanManual,CCCAGG,0.09442,0.09424,0.09442,MRV,1514378160,2017-12-28 09:08:14.030665,0.0,0.0
117,117.0,117.0,117.0,117.0,117.0,117.0,0.09427,1,JordanManual,CCCAGG,0.09427,0.09427,0.09427,MRV,1514378340,2017-12-28 09:08:14.030665,0.0,0.0
118,118.0,118.0,118.0,118.0,118.0,118.0,0.09424,1,JordanManual,CCCAGG,0.09426,0.09424,0.09426,MRV,1514378520,2017-12-28 09:08:14.030665,0.0,0.0
119,119.0,119.0,119.0,119.0,119.0,119.0,0.09433,1,JordanManual,CCCAGG,0.09438,0.09433,0.09438,MRV,1514378700,2017-12-28 09:08:14.030665,0.0,0.0
120,120.0,120.0,120.0,120.0,120.0,120.0,0.09437,1,JordanManual,CCCAGG,0.09439,0.09437,0.09437,MRV,1514378880,2017-12-28 09:08:14.030665,0.0,0.0
121,121.0,121.0,121.0,121.0,121.0,121.0,0.09436,1,JordanManual,CCCAGG,0.0944,0.09436,0.09436,MRV,1514379060,2017-12-28 09:08:14.030665,0.0,0.0
122,122.0,122.0,122.0,122.0,122.0,122.0,0.09442,1,JordanManual,CCCAGG,0.09442,0.09437,0.09437,MRV,1514379240,2017-12-28 09:08:14.030665,0.0,0.0
123,123.0,123.0,123.0,123.0,123.0,123.0,0.09447,1,JordanManual,CCCAGG,0.09447,0.09444,0.09444,MRV,1514379420,2017-12-28 09:08:14.030665,0.0,0.0
124,124.0,124.0,124.0,124.0,124.0,124.0,0.09446,1,JordanManual,CCCAGG,0.09448,0.09444,0.09448,MRV,1514379600,2017-12-28 09:08:14.030665,0.0,0.0
125,125.0,125.0,125.0,125.0,125.0,125.0,0.09444,1,JordanManual,CCCAGG,0.09448,0.09444,0.09448,MRV,1514379780,2017-12-28 09:08:14.030665,0.0,0.0
126,126.0,126.0,126.0,126.0,126.0,126.0,0.09417,1,JordanManual,CCCAGG,0.09443,0.09417,0.09443,MRV,1514379960,2017-12-28 09:08:14.030665,0.0,0.0
127,127.0,127.0,127.0,127.0,127.0,127.0,0.09391,1,JordanManual,CCCAGG,0.09408,0.09381,0.09408,MRV,1514380140,2017-12-28 09:08:14.030665,0.0,0.0
128,128.0,128.0,128.0,128.0,128.0,128.0,0.09394,1,JordanManual,CCCAGG,0.094,0.09389,0.094,MRV,1514380320,2017-12-28 09:08:14.030665,0.0,0.0
129,129.0,129.0,129.0,129.0,129.0,129.0,0.09373,1,JordanManual,CCCAGG,0.09399,0.09373,0.09399,MRV,1514380500,2017-12-28 09:08:14.030665,0.0,0.0
130,130.0,130.0,130.0,130.0,130.0,130.0,0.09359,1,JordanManual,CCCAGG,0.09375,0.09359,0.09375,MRV,1514380680,2017-12-28 09:08:14.030665,0.0,0.0
131,131.0,131.0,131.0,131.0,131.0,131.0,0.09382,1,JordanManual,CCCAGG,0.09382,0.09364,0.09364,MRV,1514380860,2017-12-28 09:08:14.030665,0.0,0.0
132,132.0,132.0,132.0,132.0,132.0,132.0,0.09393,1,JordanManual,CCCAGG,0.09394,0.09388,0.09388,MRV,1514381040,2017-12-28 09:08:14.030665,0.0,0.0
133,133.0,133.0,133.0,133.0,133.0,133.0,0.094,1,JordanManual,CCCAGG,0.09401,0.09394,0.09394,MRV,1514381220,2017-12-28 09:08:14.030665,0.0,0.0
134,134.0,134.0,134.0,134.0,134.0,134.0,0.09418,1,JordanManual,CCCAGG,0.09418,0.09403,0.09403,MRV,1514381400,2017-12-28 09:08:14.030665,0.0,0.0
135,135.0,135.0,135.0,135.0,135.0,135.0,0.09413,1,JordanManual,CCCAGG,0.09414,0.0941,0.09414,MRV,1514381580,2017-12-28 09:08:14.030665,0.0,0.0
136,136.0,136.0,136.0,136.0,136.0,136.0,0.09412,1,JordanManual,CCCAGG,0.09419,0.09412,0.09419,MRV,1514381760,2017-12-28 09:08:14.030665,0.0,0.0
137,137.0,137.0,137.0,137.0,137.0,137.0,0.08958,1,JordanManual,CCCAGG,0.08958,0.08956,0.08957,MRV,1514381940,2017-12-28 09:08:14.030665,0.22,0.01971
138,138.0,138.0,138.0,138.0,138.0,138.0,0.08952,1,JordanManual,CCCAGG,0.08953,0.08951,0.08953,MRV,1514382120,2017-12-28 09:08:14.030665,0.0,0.0
139,139.0,139.0,139.0,139.0,139.0,139.0,0.08977,1,JordanManual,CCCAGG,0.08977,0.08962,0.08962,MRV,1514382300,2017-12-28 09:08:14.030665,0.0,0.0
140,140.0,140.0,140.0,140.0,140.0,140.0,0.08989,1,JordanManual,CCCAGG,0.08989,0.08979,0.08979,MRV,1514382480,2017-12-28 09:08:14.030665,0.0,0.0
141,141.0,141.0,141.0,141.0,141.0,141.0,0.09007,1,JordanManual,CCCAGG,0.09007,0.08995,0.08995,MRV,1514382660,2017-12-28 09:08:14.030665,0.0,0.0
142,142.0,142.0,142.0,142.0,142.0,142.0,0.09008,1,JordanManual,CCCAGG,0.09008,0.09004,0.09004,MRV,1514382840,2017-12-28 09:08:14.030665,0.0,0.0
143,143.0,143.0,143.0,143.0,143.0,143.0,0.09011,1,JordanManual,CCCAGG,0.09012,0.09009,0.09009,MRV,1514383020,2017-12-28 09:08:14.030665,0.0,0.0
144,144.0,144.0,144.0,144.0,144.0,144.0,0.09013,1,JordanManual,CCCAGG,0.09013,0.0901,0.0901,MRV,1514383200,2017-12-28 09:08:14.030665,0.0,0.0
145,145.0,145.0,145.0,145.0,145.0,145.0,0.08998,1,JordanManual,CCCAGG,0.09002,0.08998,0.09002,MRV,1514383380,2017-12-28 09:08:14.030665,0.0,0.0
146,146.0,146.0,146.0,146.0,146.0,146.0,0.08976,1,JordanManual,CCCAGG,0.08995,0.08976,0.08995,MRV,1514383560,2017-12-28 09:08:14.030665,0.0,0.0
147,147.0,147.0,147.0,147.0,147.0,147.0,0.08973,1,JordanManual,CCCAGG,0.08976,0.08973,0.08976,MRV,1514383740,2017-12-28 09:08:14.030665,0.0,0.0
148,148.0,148.0,148.0,148.0,148.0,148.0,0.08964,1,JordanManual,CCCAGG,0.08969,0.08961,0.08969,MRV,1514383920,2017-12-28 09:08:14.030665,0.0,0.0
149,149.0,149.0,149.0,149.0,149.0,149.0,0.08971,1,JordanManual,CCCAGG,0.08971,0.08969,0.08969,MRV,1514384100,2017-12-28 09:08:14.030665,0.0,0.0
150,150.0,150.0,150.0,150.0,150.0,150.0,0.08977,1,JordanManual,CCCAGG,0.08983,0.08975,0.08975,MRV,1514384280,2017-12-28 09:08:14.030665,0.0,0.0
151,151.0,151.0,151.0,151.0,151.0,151.0,0.08974,1,JordanManual,CCCAGG,0.08979,0.08974,0.08979,MRV,1514384460,2017-12-28 09:08:14.030665,0.0,0.0
152,152.0,152.0,152.0,152.0,152.0,152.0,0.08971,1,JordanManual,CCCAGG,0.08971,0.0897,0.0897,MRV,1514384640,2017-12-28 09:08:14.030665,0.0,0.0
153,153.0,153.0,153.0,153.0,153.0,153.0,0.09427,1,JordanManual,CCCAGG,0.09427,0.08969,0.08969,MRV,1514384820,2017-12-28 09:08:14.030665,1.39,0.1309
154,154.0,154.0,154.0,154.0,154.0,154.0,0.09411,1,JordanManual,CCCAGG,0.09421,0.09411,0.09421,MRV,1514385000,2017-12-28 09:08:14.030665,3.95,0.3717
155,155.0,155.0,155.0,155.0,155.0,155.0,0.1038,1,JordanManual,CCCAGG,0.1039,0.1038,0.1039,MRV,1514385180,2017-12-28 09:08:14.030665,0.37,0.03844
156,156.0,156.0,156.0,156.0,156.0,156.0,0.1035,1,JordanManual,CCCAGG,0.1037,0.1035,0.1037,MRV,1514385360,2017-12-28 09:08:14.030665,0.0,0.0
157,157.0,157.0,157.0,157.0,157.0,157.0,0.1027,1,JordanManual,CCCAGG,0.103,0.1027,0.103,MRV,1514385540,2017-12-28 09:08:14.030665,0.0,0.0
158,158.0,158.0,158.0,158.0,158.0,158.0,0.1025,1,JordanManual,CCCAGG,0.1028,0.1025,0.1028,MRV,1514385720,2017-12-28 09:08:14.030665,0.0,0.0
159,159.0,159.0,159.0,159.0,159.0,159.0,0.1021,1,JordanManual,CCCAGG,0.1024,0.102,0.1024,MRV,1514385900,2017-12-28 09:08:14.030665,0.0,0.0
160,160.0,160.0,160.0,160.0,160.0,160.0,0.1023,1,JordanManual,CCCAGG,0.1023,0.102,0.102,MRV,1514386080,2017-12-28 09:08:14.030665,0.0,0.0
161,161.0,161.0,161.0,161.0,161.0,161.0,0.1019,1,JordanManual,CCCAGG,0.1022,0.1019,0.1022,MRV,1514386260,2017-12-28 09:08:14.030665,0.0,0.0
162,162.0,162.0,162.0,162.0,162.0,162.0,0.1016,1,JordanManual,CCCAGG,0.102,0.1016,0.102,MRV,1514386440,2017-12-28 09:08:14.030665,0.0,0.0
163,163.0,163.0,163.0,163.0,163.0,163.0,0.1016,1,JordanManual,CCCAGG,0.1017,0.1016,0.1017,MRV,1514386620,2017-12-28 09:08:14.030665,0.0,0.0
164,164.0,164.0,164.0,164.0,164.0,164.0,0.1011,1,JordanManual,CCCAGG,0.1015,0.1011,0.1015,MRV,1514386800,2017-12-28 09:08:14.030665,0.0,0.0
165,165.0,165.0,165.0,165.0,165.0,165.0,0.1004,1,JordanManual,CCCAGG,0.1009,0.1004,0.1009,MRV,1514386980,2017-12-28 09:08:14.030665,0.0,0.0
166,166.0,166.0,166.0,166.0,166.0,166.0,0.101,1,JordanManual,CCCAGG,0.101,0.1005,0.1005,MRV,1514387160,2017-12-28 09:08:14.030665,0.0,0.0
167,167.0,167.0,167.0,167.0,167.0,167.0,0.101,1,JordanManual,CCCAGG,0.101,0.1009,0.1009,MRV,1514387340,2017-12-28 09:08:14.030665,0.0,0.0
168,168.0,168.0,168.0,168.0,168.0,168.0,0.08773,1,JordanManual,CCCAGG,0.1009,0.08773,0.1009,MRV,1514387520,2017-12-28 09:08:14.030665,1.05,0.09214
169,169.0,169.0,169.0,169.0,169.0,169.0,0.08806,1,JordanManual,CCCAGG,0.08806,0.08781,0.08781,MRV,1514387700,2017-12-28 09:08:14.030665,0.0,0.0
170,170.0,170.0,170.0,170.0,170.0,170.0,0.08801,1,JordanManual,CCCAGG,0.08801,0.08793,0.08793,MRV,1514387880,2017-12-28 09:08:14.030665,0.0,0.0
171,171.0,171.0,171.0,171.0,171.0,171.0,0.08811,1,JordanManual,CCCAGG,0.08817,0.08809,0.08809,MRV,1514388060,2017-12-28 09:08:14.030665,0.0,0.0
172,172.0,172.0,172.0,172.0,172.0,172.0,0.08842,1,JordanManual,CCCAGG,0.08842,0.08816,0.08816,MRV,1514388240,2017-12-28 09:08:14.030665,0.0,0.0
173,173.0,173.0,173.0,173.0,173.0,173.0,0.08881,1,JordanManual,CCCAGG,0.08881,0.08863,0.08863,MRV,1514388420,2017-12-28 09:08:14.030665,0.0,0.0
174,174.0,174.0,174.0,174.0,174.0,174.0,0.08847,1,JordanManual,CCCAGG,0.08847,0.08846,0.08846,MRV,1514388600,2017-12-28 09:08:14.030665,0.0,0.0
175,175.0,175.0,175.0,175.0,175.0,175.0,0.08871,1,JordanManual,CCCAGG,0.08878,0.08862,0.08862,MRV,1514388780,2017-12-28 09:08:14.030665,0.0,0.0
176,176.0,176.0,176.0,176.0,176.0,176.0,0.08842,1,JordanManual,CCCAGG,0.08864,0.08842,0.08864,MRV,1514388960,2017-12-28 09:08:14.030665,0.0,0.0
177,177.0,177.0,177.0,177.0,177.0,177.0,0.0885,1,JordanManual,CCCAGG,0.0885,0.08841,0.08843,MRV,1514389140,2017-12-28 09:08:14.030665,0.0,0.0
178,178.0,178.0,178.0,178.0,178.0,178.0,0.08829,1,JordanManual,CCCAGG,0.08832,0.08824,0.08832,MRV,1514389320,2017-12-28 09:08:14.030665,0.0,0.0
179,179.0,179.0,179.0,179.0,179.0,179.0,0.08842,1,JordanManual,CCCAGG,0.08842,0.08828,0.08832,MRV,1514389500,2017-12-28 09:08:14.030665,0.0,0.0
180,180.0,180.0,180.0,180.0,180.0,180.0,0.08858,1,JordanManual,CCCAGG,0.08858,0.08849,0.08849,MRV,1514389680,2017-12-28 09:08:14.030665,0.0,0.0
181,181.0,181.0,181.0,181.0,181.0,181.0,0.08865,1,JordanManual,CCCAGG,0.08865,0.0886,0.08864,MRV,1514389860,2017-12-28 09:08:14.030665,0.0,0.0
182,182.0,182.0,182.0,182.0,182.0,182.0,0.08858,1,JordanManual,CCCAGG,0.08861,0.08858,0.08861,MRV,1514390040,2017-12-28 09:08:14.030665,0.0,0.0
183,183.0,183.0,183.0,183.0,183.0,183.0,0.08866,1,JordanManual,CCCAGG,0.08866,0.08859,0.0886,MRV,1514390220,2017-12-28 09:08:14.030665,0.0,0.0
184,184.0,184.0,184.0,184.0,184.0,184.0,0.08877,1,JordanManual,CCCAGG,0.08877,0.08867,0.08867,MRV,1514390400,2017-12-28 09:08:14.030665,0.0,0.0
185,185.0,185.0,185.0,185.0,185.0,185.0,0.08903,1,JordanManual,CCCAGG,0.08903,0.08885,0.08885,MRV,1514390580,2017-12-28 09:08:14.030665,0.0,0.0
186,186.0,186.0,186.0,186.0,186.0,186.0,0.08892,1,JordanManual,CCCAGG,0.08908,0.08892,0.08908,MRV,1514390760,2017-12-28 09:08:14.030665,0.0,0.0
187,187.0,187.0,187.0,187.0,187.0,187.0,0.08889,1,JordanManual,CCCAGG,0.08895,0.08889,0.08895,MRV,1514390940,2017-12-28 09:08:14.030665,0.0,0.0
188,188.0,188.0,188.0,188.0,188.0,188.0,0.08897,1,JordanManual,CCCAGG,0.08901,0.08894,0.08894,MRV,1514391120,2017-12-28 09:08:14.030665,0.0,0.0
189,189.0,189.0,189.0,189.0,189.0,189.0,0.0889,1,JordanManual,CCCAGG,0.08896,0.0889,0.08896,MRV,1514391300,2017-12-28 09:08:14.030665,0.0,0.0
190,190.0,190.0,190.0,190.0,190.0,190.0,0.08871,1,JordanManual,CCCAGG,0.08884,0.08871,0.08884,MRV,1514391480,2017-12-28 09:08:14.030665,0.0,0.0
191,191.0,191.0,191.0,191.0,191.0,191.0,0.08861,1,JordanManual,CCCAGG,0.08868,0.08861,0.08868,MRV,1514391660,2017-12-28 09:08:14.030665,0.0,0.0
192,192.0,192.0,192.0,192.0,192.0,192.0,0.08877,1,JordanManual,CCCAGG,0.08877,0.08867,0.08867,MRV,1514391840,2017-12-28 09:08:14.030665,0.0,0.0
193,193.0,193.0,193.0,193.0,193.0,193.0,0.08834,1,JordanManual,CCCAGG,0.08864,0.08834,0.08864,MRV,1514392020,2017-12-28 09:08:14.030665,0.0,0.0
194,194.0,194.0,194.0,194.0,194.0,194.0,0.08761,1,JordanManual,CCCAGG,0.0881,0.08761,0.0881,MRV,1514392200,2017-12-28 09:08:14.030665,0.0,0.0
195,195.0,195.0,195.0,195.0,195.0,195.0,0.08672,1,JordanManual,CCCAGG,0.08746,0.08672,0.08746,MRV,1514392380,2017-12-28 09:08:14.030665,0.0,0.0
196,196.0,196.0,196.0,196.0,196.0,196.0,0.0864,1,JordanManual,CCCAGG,0.08664,0.0864,0.08659,MRV,1514392560,2017-12-28 09:08:14.030665,0.0,0.0
197,197.0,197.0,197.0,197.0,197.0,197.0,0.08647,1,JordanManual,CCCAGG,0.08647,0.08615,0.08615,MRV,1514392740,2017-12-28 09:08:14.030665,0.0,0.0
198,198.0,198.0,198.0,198.0,198.0,198.0,0.08637,1,JordanManual,CCCAGG,0.08637,0.08618,0.08621,MRV,1514392920,2017-12-28 09:08:14.030665,0.0,0.0
199,199.0,199.0,199.0,199.0,199.0,199.0,0.08617,1,JordanManual,CCCAGG,0.08627,0.08616,0.08627,MRV,1514393100,2017-12-28 09:08:14.030665,0.0,0.0
200,200.0,200.0,200.0,200.0,200.0,200.0,0.09643,1,JordanManual,CCCAGG,0.09643,0.08633,0.08633,MRV,1514393280,2017-12-28 09:08:14.030665,0.1,0.009641
201,201.0,201.0,201.0,201.0,201.0,201.0,0.09623,1,JordanManual,CCCAGG,0.09642,0.09623,0.09642,MRV,1514393460,2017-12-28 09:08:14.030665,0.0,0.0
202,202.0,202.0,202.0,202.0,202.0,202.0,0.0957,1,JordanManual,CCCAGG,0.09612,0.0957,0.09612,MRV,1514393640,2017-12-28 09:08:14.030665,0.0,0.0
203,203.0,203.0,203.0,203.0,203.0,203.0,0.09576,1,JordanManual,CCCAGG,0.09591,0.09559,0.09591,MRV,1514393820,2017-12-28 09:08:14.030665,0.0,0.0
204,204.0,204.0,204.0,204.0,204.0,204.0,0.09531,1,JordanManual,CCCAGG,0.09571,0.09531,0.09571,MRV,1514394000,2017-12-28 09:08:14.030665,0.0,0.0
205,205.0,205.0,205.0,205.0,205.0,205.0,0.09506,1,JordanManual,CCCAGG,0.09524,0.09506,0.09512,MRV,1514394180,2017-12-28 09:08:14.030665,0.0,0.0
206,206.0,206.0,206.0,206.0,206.0,206.0,0.09533,1,JordanManual,CCCAGG,0.09533,0.09483,0.09483,MRV,1514394360,2017-12-28 09:08:14.030665,0.0,0.0
207,207.0,207.0,207.0,207.0,207.0,207.0,0.0962,1,JordanManual,CCCAGG,0.0962,0.09545,0.09545,MRV,1514394540,2017-12-28 09:08:14.030665,0.0,0.0
208,208.0,208.0,208.0,208.0,208.0,208.0,0.09609,1,JordanManual,CCCAGG,0.09631,0.09609,0.09631,MRV,1514394720,2017-12-28 09:08:14.030665,0.0,0.0
209,209.0,209.0,209.0,209.0,209.0,209.0,0.09578,1,JordanManual,CCCAGG,0.09598,0.09578,0.09582,MRV,1514394900,2017-12-28 09:08:14.030665,0.0,0.0
210,210.0,210.0,210.0,210.0,210.0,210.0,0.09612,1,JordanManual,CCCAGG,0.09612,0.0959,0.0959,MRV,1514395080,2017-12-28 09:08:14.030665,0.0,0.0
211,211.0,211.0,211.0,211.0,211.0,211.0,0.09625,1,JordanManual,CCCAGG,0.09625,0.09611,0.09611,MRV,1514395260,2017-12-28 09:08:14.030665,0.0,0.0
212,212.0,212.0,212.0,212.0,212.0,212.0,0.09658,1,JordanManual,CCCAGG,0.09658,0.09634,0.09634,MRV,1514395440,2017-12-28 09:08:14.030665,0.0,0.0
213,213.0,213.0,213.0,213.0,213.0,213.0,0.09725,1,JordanManual,CCCAGG,0.09725,0.09666,0.09666,MRV,1514395620,2017-12-28 09:08:14.030665,0.0,0.0
214,214.0,214.0,214.0,214.0,214.0,214.0,0.09685,1,JordanManual,CCCAGG,0.09709,0.09669,0.09709,MRV,1514395800,2017-12-28 09:08:14.030665,0.0,0.0
215,215.0,215.0,215.0,215.0,215.0,215.0,0.09712,1,JordanManual,CCCAGG,0.09712,0.09692,0.09705,MRV,1514395980,2017-12-28 09:08:14.030665,0.0,0.0
216,216.0,216.0,216.0,216.0,216.0,216.0,0.0973,1,JordanManual,CCCAGG,0.09733,0.09716,0.09716,MRV,1514396160,2017-12-28 09:08:14.030665,0.0,0.0
217,217.0,217.0,217.0,217.0,217.0,217.0,0.09731,1,JordanManual,CCCAGG,0.09731,0.09725,0.09725,MRV,1514396340,2017-12-28 09:08:14.030665,0.0,0.0
218,218.0,218.0,218.0,218.0,218.0,218.0,0.0967,1,JordanManual,CCCAGG,0.09736,0.0967,0.09736,MRV,1514396520,2017-12-28 09:08:14.030665,0.0,0.0
219,219.0,219.0,219.0,219.0,219.0,219.0,0.09682,1,JordanManual,CCCAGG,0.09682,0.09647,0.09647,MRV,1514396700,2017-12-28 09:08:14.030665,0.0,0.0
220,220.0,220.0,220.0,220.0,220.0,220.0,0.09719,1,JordanManual,CCCAGG,0.09719,0.097,0.097,MRV,1514396880,2017-12-28 09:08:14.030665,0.0,0.0
221,221.0,221.0,221.0,221.0,221.0,221.0,0.09731,1,JordanManual,CCCAGG,0.09731,0.09726,0.09728,MRV,1514397060,2017-12-28 09:08:14.030665,0.0,0.0
222,222.0,222.0,222.0,222.0,222.0,222.0,0.09749,1,JordanManual,CCCAGG,0.09749,0.0973,0.0973,MRV,1514397240,2017-12-28 09:08:14.030665,0.0,0.0
223,223.0,223.0,223.0,223.0,223.0,223.0,0.09748,1,JordanManual,CCCAGG,0.09765,0.09748,0.09759,MRV,1514397420,2017-12-28 09:08:14.030665,0.0,0.0
224,224.0,224.0,224.0,224.0,224.0,224.0,0.09752,1,JordanManual,CCCAGG,0.09752,0.09734,0.09734,MRV,1514397600,2017-12-28 09:08:14.030665,0.0,0.0
225,225.0,225.0,225.0,225.0,225.0,225.0,0.09764,1,JordanManual,CCCAGG,0.09764,0.09762,0.09764,MRV,1514397780,2017-12-28 09:08:14.030665,0.0,0.0
226,226.0,226.0,226.0,226.0,226.0,226.0,0.09814,1,JordanManual,CCCAGG,0.09814,0.09768,0.09768,MRV,1514397960,2017-12-28 09:08:14.030665,0.0,0.0
227,227.0,227.0,227.0,227.0,227.0,227.0,0.09842,1,JordanManual,CCCAGG,0.09842,0.09825,0.09825,MRV,1514398140,2017-12-28 09:08:14.030665,0.0,0.0
228,228.0,228.0,228.0,228.0,228.0,228.0,0.09842,1,JordanManual,CCCAGG,0.09858,0.09829,0.09829,MRV,1514398320,2017-12-28 09:08:14.030665,0.0,0.0
229,229.0,229.0,229.0,229.0,229.0,229.0,0.09841,1,JordanManual,CCCAGG,0.09848,0.09837,0.09848,MRV,1514398500,2017-12-28 09:08:14.030665,0.0,0.0
230,230.0,230.0,230.0,230.0,230.0,230.0,0.09852,1,JordanManual,CCCAGG,0.09852,0.09846,0.09846,MRV,1514398680,2017-12-28 09:08:14.030665,0.0,0.0
231,231.0,231.0,231.0,231.0,231.0,231.0,0.09838,1,JordanManual,CCCAGG,0.09846,0.09837,0.09846,MRV,1514398860,2017-12-28 09:08:14.030665,0.0,0.0
232,232.0,232.0,232.0,232.0,232.0,232.0,0.09791,1,JordanManual,CCCAGG,0.09838,0.09791,0.09838,MRV,1514399040,2017-12-28 09:08:14.030665,0.0,0.0
233,233.0,233.0,233.0,233.0,233.0,233.0,0.09736,1,JordanManual,CCCAGG,0.09744,0.09712,0.09744,MRV,1514399220,2017-12-28 09:08:14.030665,0.0,0.0
234,234.0,234.0,234.0,234.0,234.0,234.0,0.09694,1,JordanManual,CCCAGG,0.09716,0.09694,0.09705,MRV,1514399400,2017-12-28 09:08:14.030665,0.0,0.0
235,235.0,235.0,235.0,235.0,235.0,235.0,0.08744,1,JordanManual,CCCAGG,0.09702,0.08744,0.09702,MRV,1514399580,2017-12-28 09:08:14.030665,1.75,0.1533
236,236.0,236.0,236.0,236.0,236.0,236.0,0.08772,1,JordanManual,CCCAGG,0.08776,0.08772,0.08776,MRV,1514399760,2017-12-28 09:08:14.030665,0.35,0.03072
237,237.0,237.0,237.0,237.0,237.0,237.0,0.08825,1,JordanManual,CCCAGG,0.08825,0.08782,0.08782,MRV,1514399940,2017-12-28 09:08:14.030665,0.0,0.0
238,238.0,238.0,238.0,238.0,238.0,238.0,0.08866,1,JordanManual,CCCAGG,0.08866,0.08853,0.08853,MRV,1514400120,2017-12-28 09:08:14.030665,0.0,0.0
239,239.0,239.0,239.0,239.0,239.0,239.0,0.08848,1,JordanManual,CCCAGG,0.08853,0.08848,0.08853,MRV,1514400300,2017-12-28 09:08:14.030665,0.0,0.0
240,240.0,240.0,240.0,240.0,240.0,240.0,0.08848,1,JordanManual,CCCAGG,0.08856,0.08848,0.0885,MRV,1514400480,2017-12-28 09:08:14.030665,0.0,0.0
241,241.0,241.0,241.0,241.0,241.0,241.0,0.08848,1,JordanManual,CCCAGG,0.08854,0.08848,0.08854,MRV,1514400660,2017-12-28 09:08:14.030665,0.0,0.0
242,242.0,242.0,242.0,242.0,242.0,242.0,0.08825,1,JordanManual,CCCAGG,0.08846,0.08825,0.08846,MRV,1514400840,2017-12-28 09:08:14.030665,0.0,0.0
243,243.0,243.0,243.0,243.0,243.0,243.0,0.08843,1,JordanManual,CCCAGG,0.08843,0.08823,0.08823,MRV,1514401020,2017-12-28 09:08:14.030665,0.0,0.0
244,244.0,244.0,244.0,244.0,244.0,244.0,0.08859,1,JordanManual,CCCAGG,0.08859,0.08844,0.08844,MRV,1514401200,2017-12-28 09:08:14.030665,0.0,0.0
245,245.0,245.0,245.0,245.0,245.0,245.0,0.08928,1,JordanManual,CCCAGG,0.08928,0.08875,0.08875,MRV,1514401380,2017-12-28 09:08:14.030665,0.09,0.008035
246,246.0,246.0,246.0,246.0,246.0,246.0,0.08901,1,JordanManual,CCCAGG,0.08932,0.08901,0.08932,MRV,1514401560,2017-12-28 09:08:14.030665,0.0,0.0
247,247.0,247.0,247.0,247.0,247.0,247.0,0.08921,1,JordanManual,CCCAGG,0.08921,0.089,0.089,MRV,1514401740,2017-12-28 09:08:14.030665,0.0,0.0
248,248.0,248.0,248.0,248.0,248.0,248.0,0.08942,1,JordanManual,CCCAGG,0.08942,0.08925,0.08925,MRV,1514401920,2017-12-28 09:08:14.030665,0.0,0.0
249,249.0,249.0,249.0,249.0,249.0,249.0,0.0894,1,JordanManual,CCCAGG,0.08946,0.0894,0.08946,MRV,1514402100,2017-12-28 09:08:14.030665,0.0,0.0
250,250.0,250.0,250.0,250.0,250.0,250.0,0.08943,1,JordanManual,CCCAGG,0.0895,0.08938,0.08938,MRV,1514402280,2017-12-28 09:08:14.030665,0.0,0.0
251,251.0,251.0,251.0,251.0,251.0,251.0,0.08945,1,JordanManual,CCCAGG,0.0895,0.08945,0.08945,MRV,1514402460,2017-12-28 09:08:14.030665,0.0,0.0
252,252.0,252.0,252.0,252.0,252.0,252.0,0.08935,1,JordanManual,CCCAGG,0.08937,0.08935,0.08937,MRV,1514402640,2017-12-28 09:08:14.030665,0.0,0.0
253,253.0,253.0,253.0,253.0,253.0,253.0,0.08926,1,JordanManual,CCCAGG,0.08926,0.08903,0.08915,MRV,1514402820,2017-12-28 09:08:14.030665,0.0,0.0
254,254.0,254.0,254.0,254.0,254.0,254.0,0.08897,1,JordanManual,CCCAGG,0.08931,0.08897,0.08931,MRV,1514403000,2017-12-28 09:08:14.030665,0.0,0.0
255,255.0,255.0,255.0,255.0,255.0,255.0,0.08876,1,JordanManual,CCCAGG,0.08879,0.08875,0.08879,MRV,1514403180,2017-12-28 09:08:14.030665,0.0,0.0
256,256.0,256.0,256.0,256.0,256.0,256.0,0.08891,1,JordanManual,CCCAGG,0.08891,0.0888,0.08881,MRV,1514403360,2017-12-28 09:08:14.030665,0.0,0.0
257,257.0,257.0,257.0,257.0,257.0,257.0,0.08897,1,JordanManual,CCCAGG,0.08901,0.08897,0.08898,MRV,1514403540,2017-12-28 09:08:14.030665,0.0,0.0
258,258.0,258.0,258.0,258.0,258.0,258.0,0.08861,1,JordanManual,CCCAGG,0.08892,0.08861,0.08892,MRV,1514403720,2017-12-28 09:08:14.030665,0.0,0.0
259,259.0,259.0,259.0,259.0,259.0,259.0,0.08817,1,JordanManual,CCCAGG,0.08842,0.0881,0.08842,MRV,1514403900,2017-12-28 09:08:14.030665,0.0,0.0
260,260.0,260.0,260.0,260.0,260.0,260.0,0.08812,1,JordanManual,CCCAGG,0.08813,0.08812,0.08813,MRV,1514404080,2017-12-28 09:08:14.030665,0.0,0.0
261,261.0,261.0,261.0,261.0,261.0,261.0,0.08752,1,JordanManual,CCCAGG,0.08814,0.08752,0.08814,MRV,1514404260,2017-12-28 09:08:14.030665,0.0,0.0
262,262.0,262.0,262.0,262.0,262.0,262.0,0.08754,1,JordanManual,CCCAGG,0.08755,0.08737,0.08737,MRV,1514404440,2017-12-28 09:08:14.030665,0.0,0.0
263,263.0,263.0,263.0,263.0,263.0,263.0,0.08744,1,JordanManual,CCCAGG,0.08744,0.08727,0.08736,MRV,1514404620,2017-12-28 09:08:14.030665,0.0,0.0
264,264.0,264.0,264.0,264.0,264.0,264.0,0.0881,1,JordanManual,CCCAGG,0.0881,0.08778,0.08778,MRV,1514404800,2017-12-28 09:08:14.030665,0.0,0.0
265,265.0,265.0,265.0,265.0,265.0,265.0,0.08805,1,JordanManual,CCCAGG,0.08809,0.08805,0.08809,MRV,1514404980,2017-12-28 09:08:14.030665,0.0,0.0
266,266.0,266.0,266.0,266.0,266.0,266.0,0.09733,1,JordanManual,CCCAGG,0.09733,0.08778,0.08801,MRV,1514405160,2017-12-28 09:08:14.030665,20.09,1.96
267,267.0,267.0,267.0,267.0,267.0,267.0,0.09702,1,JordanManual,CCCAGG,0.09736,0.09702,0.09736,MRV,1514405340,2017-12-28 09:08:14.030665,0.0,0.0
268,268.0,268.0,268.0,268.0,268.0,268.0,0.09683,1,JordanManual,CCCAGG,0.09711,0.09683,0.09711,MRV,1514405520,2017-12-28 09:08:14.030665,0.0,0.0
269,269.0,269.0,269.0,269.0,269.0,269.0,0.09694,1,JordanManual,CCCAGG,0.09694,0.09658,0.09658,MRV,1514405700,2017-12-28 09:08:14.030665,0.0,0.0
270,270.0,270.0,270.0,270.0,270.0,270.0,0.09694,1,JordanManual,CCCAGG,0.09694,0.09689,0.09693,MRV,1514405880,2017-12-28 09:08:14.030665,0.0,0.0
271,271.0,271.0,271.0,271.0,271.0,271.0,0.09723,1,JordanManual,CCCAGG,0.09723,0.09689,0.09689,MRV,1514406060,2017-12-28 09:08:14.030665,0.0,0.0
272,272.0,272.0,272.0,272.0,272.0,272.0,0.09735,1,JordanManual,CCCAGG,0.09755,0.09735,0.09745,MRV,1514406240,2017-12-28 09:08:14.030665,0.0,0.0
273,273.0,273.0,273.0,273.0,273.0,273.0,0.09689,1,JordanManual,CCCAGG,0.0971,0.09689,0.0971,MRV,1514406420,2017-12-28 09:08:14.030665,0.0,0.0
274,274.0,274.0,274.0,274.0,274.0,274.0,0.09586,1,JordanManual,CCCAGG,0.09679,0.09586,0.09679,MRV,1514406600,2017-12-28 09:08:14.030665,0.0,0.0
275,275.0,275.0,275.0,275.0,275.0,275.0,0.09606,1,JordanManual,CCCAGG,0.09643,0.0958,0.09643,MRV,1514406780,2017-12-28 09:08:14.030665,0.0,0.0
276,276.0,276.0,276.0,276.0,276.0,276.0,0.09621,1,JordanManual,CCCAGG,0.09621,0.09606,0.09617,MRV,1514406960,2017-12-28 09:08:14.030665,0.0,0.0
277,277.0,277.0,277.0,277.0,277.0,277.0,0.0965,1,JordanManual,CCCAGG,0.09664,0.09622,0.09622,MRV,1514407140,2017-12-28 09:08:14.030665,0.0,0.0
278,278.0,278.0,278.0,278.0,278.0,278.0,0.0965,1,JordanManual,CCCAGG,0.0965,0.09647,0.09649,MRV,1514407320,2017-12-28 09:08:14.030665,0.0,0.0
279,279.0,279.0,279.0,279.0,279.0,279.0,0.09972,1,JordanManual,CCCAGG,0.09972,0.0995,0.0995,MRV,1514407500,2017-12-28 09:08:14.030665,0.58,0.057716
280,280.0,280.0,280.0,280.0,280.0,280.0,0.1,1,JordanManual,CCCAGG,0.1,0.09984,0.09984,MRV,1514407680,2017-12-28 09:08:14.030665,0.0,0.0
281,281.0,281.0,281.0,281.0,281.0,281.0,0.09993,1,JordanManual,CCCAGG,0.09999,0.09993,0.09999,MRV,1514407860,2017-12-28 09:08:14.030665,0.0,0.0
282,282.0,282.0,282.0,282.0,282.0,282.0,0.09983,1,JordanManual,CCCAGG,0.1001,0.09983,0.09993,MRV,1514408040,2017-12-28 09:08:14.030665,0.0,0.0
283,283.0,283.0,283.0,283.0,283.0,283.0,0.09986,1,JordanManual,CCCAGG,0.0999,0.09968,0.09968,MRV,1514408220,2017-12-28 09:08:14.030665,0.0,0.0
284,284.0,284.0,284.0,284.0,284.0,284.0,0.09937,1,JordanManual,CCCAGG,0.09958,0.09936,0.09958,MRV,1514408400,2017-12-28 09:08:14.030665,0.0,0.0
285,285.0,285.0,285.0,285.0,285.0,285.0,0.09989,1,JordanManual,CCCAGG,0.09989,0.09965,0.09967,MRV,1514408580,2017-12-28 09:08:14.030665,0.0,0.0
286,286.0,286.0,286.0,286.0,286.0,286.0,0.1003,1,JordanManual,CCCAGG,0.1003,0.1,0.1001,MRV,1514408760,2017-12-28 09:08:14.030665,0.0,0.0
287,287.0,287.0,287.0,287.0,287.0,287.0,0.1008,1,JordanManual,CCCAGG,0.1011,0.1008,0.1008,MRV,1514408940,2017-12-28 09:08:14.030665,0.0,0.0
288,288.0,288.0,288.0,288.0,288.0,288.0,0.101,1,JordanManual,CCCAGG,0.101,0.1008,0.1008,MRV,1514409120,2017-12-28 09:08:14.030665,0.0,0.0
289,289.0,289.0,289.0,289.0,289.0,289.0,0.101,1,JordanManual,CCCAGG,0.1011,0.101,0.1011,MRV,1514409300,2017-12-28 09:08:14.030665,3.03,0.3063
290,290.0,290.0,290.0,290.0,290.0,290.0,0.1009,1,JordanManual,CCCAGG,0.1009,0.1008,0.1008,MRV,1514409480,2017-12-28 09:08:14.030665,0.0,0.0
291,291.0,291.0,291.0,291.0,291.0,291.0,0.09858,1,JordanManual,CCCAGG,0.1014,0.09843,0.1011,MRV,1514409660,2017-12-28 09:08:14.030665,3.03,0.2982
292,292.0,292.0,292.0,292.0,292.0,292.0,0.09834,1,JordanManual,CCCAGG,0.09858,0.09834,0.09856,MRV,1514409840,2017-12-28 09:08:14.030665,0.0,0.0
293,293.0,293.0,293.0,293.0,293.0,293.0,0.09836,1,JordanManual,CCCAGG,0.09843,0.09832,0.09843,MRV,1514410020,2017-12-28 09:08:14.030665,14.88,1.46
294,294.0,294.0,294.0,294.0,294.0,294.0,0.09833,1,JordanManual,CCCAGG,0.09836,0.09833,0.09836,MRV,1514410200,2017-12-28 09:08:14.030665,0.0,0.0
295,295.0,295.0,295.0,295.0,295.0,295.0,0.09829,1,JordanManual,CCCAGG,0.09833,0.09829,0.09829,MRV,1514410380,2017-12-28 09:08:14.030665,0.0,0.0
296,296.0,296.0,296.0,296.0,296.0,296.0,0.0983,1,JordanManual,CCCAGG,0.09833,0.0983,0.09831,MRV,1514410560,2017-12-28 09:08:14.030665,0.0,0.0
297,297.0,297.0,297.0,297.0,297.0,297.0,0.09837,1,JordanManual,CCCAGG,0.09837,0.09822,0.09822,MRV,1514410740,2017-12-28 09:08:14.030665,0.0,0.0
298,298.0,298.0,298.0,298.0,298.0,298.0,0.09783,1,JordanManual,CCCAGG,0.09837,0.09783,0.09837,MRV,1514410920,2017-12-28 09:08:14.030665,0.0,0.0
299,299.0,299.0,299.0,299.0,299.0,299.0,0.09823,1,JordanManual,CCCAGG,0.09823,0.09806,0.09806,MRV,1514411100,2017-12-28 09:08:14.030665,0.0,0.0
300,300.0,300.0,300.0,300.0,300.0,300.0,0.0981,1,JordanManual,CCCAGG,0.0981,0.09803,0.09809,MRV,1514411280,2017-12-28 09:08:14.030665,0.0,0.0
301,301.0,301.0,301.0,301.0,301.0,301.0,0.08861,1,JordanManual,CCCAGG,0.09815,0.08861,0.09808,MRV,1514411460,2017-12-28 09:08:14.030665,0.67,0.05937
302,302.0,302.0,302.0,302.0,302.0,302.0,0.08856,1,JordanManual,CCCAGG,0.0886,0.08856,0.0886,MRV,1514411640,2017-12-28 09:08:14.030665,0.0,0.0
303,303.0,303.0,303.0,303.0,303.0,303.0,0.08859,1,JordanManual,CCCAGG,0.08859,0.08846,0.08846,MRV,1514411820,2017-12-28 09:08:14.030665,0.0,0.0
304,304.0,304.0,304.0,304.0,304.0,304.0,0.08847,1,JordanManual,CCCAGG,0.08863,0.08847,0.08863,MRV,1514412000,2017-12-28 09:08:14.030665,0.0,0.0
305,305.0,305.0,305.0,305.0,305.0,305.0,0.08834,1,JordanManual,CCCAGG,0.08839,0.08834,0.08839,MRV,1514412180,2017-12-28 09:08:14.030665,0.0,0.0
306,306.0,306.0,306.0,306.0,306.0,306.0,0.09781,1,JordanManual,CCCAGG,0.09781,0.08832,0.08841,MRV,1514412360,2017-12-28 09:08:14.030665,1.38,0.135
307,307.0,307.0,307.0,307.0,307.0,307.0,0.09758,1,JordanManual,CCCAGG,0.09773,0.09758,0.09773,MRV,1514412540,2017-12-28 09:08:14.030665,0.0,0.0
308,308.0,308.0,308.0,308.0,308.0,308.0,0.1042,1,JordanManual,CCCAGG,0.1042,0.09751,0.09751,MRV,1514412720,2017-12-28 09:08:14.030665,116.64,12.15
309,309.0,309.0,309.0,309.0,309.0,309.0,0.1046,1,JordanManual,CCCAGG,0.1046,0.1043,0.1043,MRV,1514412900,2017-12-28 09:08:14.030665,0.0,0.0
310,310.0,310.0,310.0,310.0,310.0,310.0,0.1048,1,JordanManual,CCCAGG,0.1048,0.1046,0.1046,MRV,1514413080,2017-12-28 09:08:14.030665,0.0,0.0
311,311.0,311.0,311.0,311.0,311.0,311.0,0.08939,1,JordanManual,CCCAGG,0.1047,0.08939,0.1047,MRV,1514413260,2017-12-28 09:08:14.030665,118.02,10.55
312,312.0,312.0,312.0,312.0,312.0,312.0,0.1043,1,JordanManual,CCCAGG,0.1043,0.08947,0.08947,MRV,1514413440,2017-12-28 09:08:14.030665,32.18,3.35
313,313.0,313.0,313.0,313.0,313.0,313.0,0.1043,1,JordanManual,CCCAGG,0.1043,0.1043,0.1043,MRV,1514413620,2017-12-28 09:08:14.030665,0.0,0.0
314,314.0,314.0,314.0,314.0,314.0,314.0,0.1045,1,JordanManual,CCCAGG,0.1045,0.1044,0.1044,MRV,1514413800,2017-12-28 09:08:14.030665,0.0,0.0
315,315.0,315.0,315.0,315.0,315.0,315.0,0.1048,1,JordanManual,CCCAGG,0.1048,0.1045,0.1045,MRV,1514413980,2017-12-28 09:08:14.030665,0.0,0.0
316,316.0,316.0,316.0,316.0,316.0,316.0,0.1047,1,JordanManual,CCCAGG,0.1048,0.1047,0.1047,MRV,1514414160,2017-12-28 09:08:14.030665,0.0,0.0
317,317.0,317.0,317.0,317.0,317.0,317.0,0.1046,1,JordanManual,CCCAGG,0.1046,0.1046,0.1046,MRV,1514414340,2017-12-28 09:08:14.030665,0.0,0.0
318,318.0,318.0,318.0,318.0,318.0,318.0,0.1044,1,JordanManual,CCCAGG,0.1044,0.1043,0.1044,MRV,1514414520,2017-12-28 09:08:14.030665,0.0,0.0
319,319.0,319.0,319.0,319.0,319.0,319.0,0.1047,1,JordanManual,CCCAGG,0.1047,0.1045,0.1045,MRV,1514414700,2017-12-28 09:08:14.030665,0.0,0.0
320,320.0,320.0,320.0,320.0,320.0,320.0,0.1046,1,JordanManual,CCCAGG,0.1047,0.1046,0.1046,MRV,1514414880,2017-12-28 09:08:14.030665,0.0,0.0
321,321.0,321.0,321.0,321.0,321.0,321.0,0.1047,1,JordanManual,CCCAGG,0.1047,0.1046,0.1046,MRV,1514415060,2017-12-28 09:08:14.030665,0.0,0.0
322,322.0,322.0,322.0,322.0,322.0,322.0,0.1048,1,JordanManual,CCCAGG,0.1048,0.1047,0.1047,MRV,1514415240,2017-12-28 09:08:14.030665,0.0,0.0
323,323.0,323.0,323.0,323.0,323.0,323.0,0.1046,1,JordanManual,CCCAGG,0.1046,0.1046,0.1046,MRV,1514415420,2017-12-28 09:08:14.030665,0.0,0.0
324,324.0,324.0,324.0,324.0,324.0,324.0,0.1049,1,JordanManual,CCCAGG,0.1049,0.1048,0.1048,MRV,1514415600,2017-12-28 09:08:14.030665,0.0,0.0
325,325.0,325.0,325.0,325.0,325.0,325.0,0.1047,1,JordanManual,CCCAGG,0.1048,0.1047,0.1048,MRV,1514415780,2017-12-28 09:08:14.030665,0.0,0.0
326,326.0,326.0,326.0,326.0,326.0,326.0,0.1047,1,JordanManual,CCCAGG,0.1047,0.1046,0.1047,MRV,1514415960,2017-12-28 09:08:14.030665,0.0,0.0
327,327.0,327.0,327.0,327.0,327.0,327.0,0.1047,1,JordanManual,CCCAGG,0.1047,0.1046,0.1047,MRV,1514416140,2017-12-28 09:08:14.030665,0.0,0.0
328,328.0,328.0,328.0,328.0,328.0,328.0,0.1049,1,JordanManual,CCCAGG,0.1049,0.1047,0.1047,MRV,1514416320,2017-12-28 09:08:14.030665,0.0,0.0
329,329.0,329.0,329.0,329.0,329.0,329.0,0.1048,1,JordanManual,CCCAGG,0.105,0.1048,0.105,MRV,1514416500,2017-12-28 09:08:14.030665,0.0,0.0
330,330.0,330.0,330.0,330.0,330.0,330.0,0.1047,1,JordanManual,CCCAGG,0.1048,0.1047,0.1048,MRV,1514416680,2017-12-28 09:08:14.030665,0.0,0.0
331,331.0,331.0,331.0,331.0,331.0,331.0,0.1049,1,JordanManual,CCCAGG,0.1049,0.1046,0.1046,MRV,1514416860,2017-12-28 09:08:14.030665,0.0,0.0
332,332.0,332.0,332.0,332.0,332.0,332.0,0.105,1,JordanManual,CCCAGG,0.105,0.1049,0.1049,MRV,1514417040,2017-12-28 09:08:14.030665,0.0,0.0
333,333.0,333.0,333.0,333.0,333.0,333.0,0.105,1,JordanManual,CCCAGG,0.105,0.1049,0.1049,MRV,1514417220,2017-12-28 09:08:14.030665,0.0,0.0
334,334.0,334.0,334.0,334.0,334.0,334.0,0.1051,1,JordanManual,CCCAGG,0.1051,0.105,0.105,MRV,1514417400,2017-12-28 09:08:14.030665,0.0,0.0
335,335.0,335.0,335.0,335.0,335.0,335.0,0.1045,1,JordanManual,CCCAGG,0.1052,0.1044,0.1052,MRV,1514417580,2017-12-28 09:08:14.030665,3.6,0.3758
336,336.0,336.0,336.0,336.0,336.0,336.0,0.1045,1,JordanManual,CCCAGG,0.1046,0.1045,0.1046,MRV,1514417760,2017-12-28 09:08:14.030665,0.0,0.0
337,337.0,337.0,337.0,337.0,337.0,337.0,0.1046,1,JordanManual,CCCAGG,0.1046,0.1046,0.1046,MRV,1514417940,2017-12-28 09:08:14.030665,0.0,0.0
338,338.0,338.0,338.0,338.0,338.0,338.0,0.1047,1,JordanManual,CCCAGG,0.1047,0.1046,0.1046,MRV,1514418120,2017-12-28 09:08:14.030665,0.0,0.0
339,339.0,339.0,339.0,339.0,339.0,339.0,0.1046,1,JordanManual,CCCAGG,0.1047,0.1046,0.1047,MRV,1514418300,2017-12-28 09:08:14.030665,0.0,0.0
340,340.0,340.0,340.0,340.0,340.0,340.0,0.1045,1,JordanManual,CCCAGG,0.1046,0.1045,0.1046,MRV,1514418480,2017-12-28 09:08:14.030665,0.0,0.0
341,341.0,341.0,341.0,341.0,341.0,341.0,0.1044,1,JordanManual,CCCAGG,0.1045,0.1044,0.1045,MRV,1514418660,2017-12-28 09:08:14.030665,0.0,0.0
342,342.0,342.0,342.0,342.0,342.0,342.0,0.1044,1,JordanManual,CCCAGG,0.1044,0.1044,0.1044,MRV,1514418840,2017-12-28 09:08:14.030665,0.0,0.0
343,343.0,343.0,343.0,343.0,343.0,343.0,0.1043,1,JordanManual,CCCAGG,0.1043,0.1043,0.1043,MRV,1514419020,2017-12-28 09:08:14.030665,0.0,0.0
344,344.0,344.0,344.0,344.0,344.0,344.0,0.1044,1,JordanManual,CCCAGG,0.1044,0.1044,0.1044,MRV,1514419200,2017-12-28 09:08:14.030665,0.0,0.0
345,345.0,345.0,345.0,345.0,345.0,345.0,0.1045,1,JordanManual,CCCAGG,0.1045,0.1045,0.1045,MRV,1514419380,2017-12-28 09:08:14.030665,0.0,0.0
346,346.0,346.0,346.0,346.0,346.0,346.0,0.08961,1,JordanManual,CCCAGG,0.1045,0.08961,0.1044,MRV,1514419560,2017-12-28 09:08:14.030665,738.67,66.19
347,347.0,347.0,347.0,347.0,347.0,347.0,0.08969,1,JordanManual,CCCAGG,0.08969,0.08894,0.08965,MRV,1514419740,2017-12-28 09:08:14.030665,56.93,5.0714
348,348.0,348.0,348.0,348.0,348.0,348.0,0.07851,1,JordanManual,CCCAGG,0.08958,0.07851,0.08958,MRV,1514419920,2017-12-28 09:08:14.030665,197.12,17.0426
349,349.0,349.0,349.0,349.0,349.0,349.0,0.07849,1,JordanManual,CCCAGG,0.07851,0.07849,0.07849,MRV,1514420100,2017-12-28 09:08:14.030665,0.0,0.0
350,350.0,350.0,350.0,350.0,350.0,350.0,0.07845,1,JordanManual,CCCAGG,0.07849,0.07845,0.07849,MRV,1514420280,2017-12-28 09:08:14.030665,0.0,0.0
351,351.0,351.0,351.0,351.0,351.0,351.0,0.07847,1,JordanManual,CCCAGG,0.07847,0.07842,0.07842,MRV,1514420460,2017-12-28 09:08:14.030665,0.0,0.0
352,352.0,352.0,352.0,352.0,352.0,352.0,0.0783,1,JordanManual,CCCAGG,0.07842,0.0783,0.07842,MRV,1514420640,2017-12-28 09:08:14.030665,0.0,0.0
353,353.0,353.0,353.0,353.0,353.0,353.0,0.07795,1,JordanManual,CCCAGG,0.07827,0.07795,0.07827,MRV,1514420820,2017-12-28 09:08:14.030665,0.0,0.0
354,354.0,354.0,354.0,354.0,354.0,354.0,0.08875,1,JordanManual,CCCAGG,0.08876,0.07776,0.07776,MRV,1514421000,2017-12-28 09:08:14.030665,1.26,0.1118
355,355.0,355.0,355.0,355.0,355.0,355.0,0.08885,1,JordanManual,CCCAGG,0.08886,0.08877,0.08877,MRV,1514421180,2017-12-28 09:08:14.030665,0.0,0.0
356,356.0,356.0,356.0,356.0,356.0,356.0,0.08879,1,JordanManual,CCCAGG,0.08887,0.08877,0.08887,MRV,1514421360,2017-12-28 09:08:14.030665,0.0,0.0
357,357.0,357.0,357.0,357.0,357.0,357.0,0.08904,1,JordanManual,CCCAGG,0.08904,0.08888,0.08888,MRV,1514421540,2017-12-28 09:08:14.030665,0.0,0.0
358,358.0,358.0,358.0,358.0,358.0,358.0,0.08903,1,JordanManual,CCCAGG,0.08908,0.08903,0.08908,MRV,1514421720,2017-12-28 09:08:14.030665,0.0,0.0
359,359.0,359.0,359.0,359.0,359.0,359.0,0.0883,1,JordanManual,CCCAGG,0.08883,0.0883,0.08883,MRV,1514421900,2017-12-28 09:08:14.030665,0.0,0.0
360,360.0,360.0,360.0,360.0,360.0,360.0,0.08831,1,JordanManual,CCCAGG,0.08843,0.08826,0.08826,MRV,1514422080,2017-12-28 09:08:14.030665,75.41,6.66
361,361.0,361.0,361.0,361.0,361.0,361.0,0.08825,1,JordanManual,CCCAGG,0.08825,0.08819,0.08824,MRV,1514422260,2017-12-28 09:08:14.030665,0.0,0.0
362,362.0,362.0,362.0,362.0,362.0,362.0,0.08863,1,JordanManual,CCCAGG,0.08863,0.08838,0.08838,MRV,1514422440,2017-12-28 09:08:14.030665,0.0,0.0
363,363.0,363.0,363.0,363.0,363.0,363.0,0.08895,1,JordanManual,CCCAGG,0.08895,0.08879,0.08879,MRV,1514422620,2017-12-28 09:08:14.030665,0.0,0.0
364,364.0,364.0,364.0,364.0,364.0,364.0,0.08893,1,JordanManual,CCCAGG,0.08896,0.08889,0.08889,MRV,1514422800,2017-12-28 09:08:14.030665,0.0,0.0
365,365.0,365.0,365.0,365.0,365.0,365.0,0.08899,1,JordanManual,CCCAGG,0.08899,0.08892,0.08892,MRV,1514422980,2017-12-28 09:08:14.030665,0.0,0.0
366,366.0,366.0,366.0,366.0,366.0,366.0,0.08901,1,JordanManual,CCCAGG,0.08901,0.08898,0.08898,MRV,1514423160,2017-12-28 09:08:14.030665,0.0,0.0
367,367.0,367.0,367.0,367.0,367.0,367.0,0.08893,1,JordanManual,CCCAGG,0.08903,0.08891,0.08903,MRV,1514423340,2017-12-28 09:08:14.030665,0.0,0.0
368,368.0,368.0,368.0,368.0,368.0,368.0,0.08876,1,JordanManual,CCCAGG,0.08883,0.08876,0.08883,MRV,1514423520,2017-12-28 09:08:14.030665,0.0,0.0
369,369.0,369.0,369.0,369.0,369.0,369.0,0.08865,1,JordanManual,CCCAGG,0.0888,0.08865,0.0888,MRV,1514423700,2017-12-28 09:08:14.030665,0.0,0.0
370,370.0,370.0,370.0,370.0,370.0,370.0,0.08857,1,JordanManual,CCCAGG,0.08863,0.08857,0.08859,MRV,1514423880,2017-12-28 09:08:14.030665,0.0,0.0
371,371.0,371.0,371.0,371.0,371.0,371.0,0.08881,1,JordanManual,CCCAGG,0.08881,0.08869,0.08869,MRV,1514424060,2017-12-28 09:08:14.030665,0.0,0.0
372,372.0,372.0,372.0,372.0,372.0,372.0,0.0888,1,JordanManual,CCCAGG,0.08902,0.0888,0.08894,MRV,1514424240,2017-12-28 09:08:14.030665,0.0,0.0
373,373.0,373.0,373.0,373.0,373.0,373.0,0.0889,1,JordanManual,CCCAGG,0.0889,0.08877,0.08877,MRV,1514424420,2017-12-28 09:08:14.030665,0.0,0.0
374,374.0,374.0,374.0,374.0,374.0,374.0,0.08905,1,JordanManual,CCCAGG,0.08905,0.08901,0.08904,MRV,1514424600,2017-12-28 09:08:14.030665,0.0,0.0
375,375.0,375.0,375.0,375.0,375.0,375.0,0.08916,1,JordanManual,CCCAGG,0.08916,0.0891,0.08911,MRV,1514424780,2017-12-28 09:08:14.030665,0.0,0.0
376,376.0,376.0,376.0,376.0,376.0,376.0,0.0891,1,JordanManual,CCCAGG,0.08912,0.0891,0.08912,MRV,1514424960,2017-12-28 09:08:14.030665,0.0,0.0
377,377.0,377.0,377.0,377.0,377.0,377.0,0.08905,1,JordanManual,CCCAGG,0.08911,0.08905,0.0891,MRV,1514425140,2017-12-28 09:08:14.030665,0.0,0.0
378,378.0,378.0,378.0,378.0,378.0,378.0,0.08876,1,JordanManual,CCCAGG,0.08895,0.08876,0.08895,MRV,1514425320,2017-12-28 09:08:14.030665,0.0,0.0
379,379.0,379.0,379.0,379.0,379.0,379.0,0.08894,1,JordanManual,CCCAGG,0.08897,0.08891,0.08891,MRV,1514425500,2017-12-28 09:08:14.030665,0.0,0.0
380,380.0,380.0,380.0,380.0,380.0,380.0,0.08891,1,JordanManual,CCCAGG,0.08891,0.08888,0.08891,MRV,1514425680,2017-12-28 09:08:14.030665,0.0,0.0
381,381.0,381.0,381.0,381.0,381.0,381.0,0.08898,1,JordanManual,CCCAGG,0.08898,0.08893,0.08893,MRV,1514425860,2017-12-28 09:08:14.030665,0.0,0.0
382,382.0,382.0,382.0,382.0,382.0,382.0,0.08901,1,JordanManual,CCCAGG,0.08901,0.08894,0.089,MRV,1514426040,2017-12-28 09:08:14.030665,0.0,0.0
383,383.0,383.0,383.0,383.0,383.0,383.0,0.08921,1,JordanManual,CCCAGG,0.08921,0.08912,0.08912,MRV,1514426220,2017-12-28 09:08:14.030665,0.0,0.0
384,384.0,384.0,384.0,384.0,384.0,384.0,0.08947,1,JordanManual,CCCAGG,0.08947,0.08937,0.08937,MRV,1514426400,2017-12-28 09:08:14.030665,0.0,0.0
385,385.0,385.0,385.0,385.0,385.0,385.0,0.08944,1,JordanManual,CCCAGG,0.08952,0.08944,0.08952,MRV,1514426580,2017-12-28 09:08:14.030665,0.0,0.0
386,386.0,386.0,386.0,386.0,386.0,386.0,0.08941,1,JordanManual,CCCAGG,0.08951,0.08941,0.08945,MRV,1514426760,2017-12-28 09:08:14.030665,0.0,0.0
387,387.0,387.0,387.0,387.0,387.0,387.0,0.08929,1,JordanManual,CCCAGG,0.08942,0.08929,0.08942,MRV,1514426940,2017-12-28 09:08:14.030665,0.0,0.0
388,388.0,388.0,388.0,388.0,388.0,388.0,0.08886,1,JordanManual,CCCAGG,0.08918,0.08886,0.08918,MRV,1514427120,2017-12-28 09:08:14.030665,0.0,0.0
389,389.0,389.0,389.0,389.0,389.0,389.0,0.08879,1,JordanManual,CCCAGG,0.08888,0.08868,0.08868,MRV,1514427300,2017-12-28 09:08:14.030665,0.0,0.0
390,390.0,390.0,390.0,390.0,390.0,390.0,0.08848,1,JordanManual,CCCAGG,0.08851,0.08843,0.08851,MRV,1514427480,2017-12-28 09:08:14.030665,0.0,0.0
391,391.0,391.0,391.0,391.0,391.0,391.0,0.08844,1,JordanManual,CCCAGG,0.08848,0.08844,0.08848,MRV,1514427660,2017-12-28 09:08:14.030665,0.0,0.0
392,392.0,392.0,392.0,392.0,392.0,392.0,0.08859,1,JordanManual,CCCAGG,0.08859,0.08841,0.08841,MRV,1514427840,2017-12-28 09:08:14.030665,0.0,0.0
393,393.0,393.0,393.0,393.0,393.0,393.0,0.08866,1,JordanManual,CCCAGG,0.0887,0.08864,0.0887,MRV,1514428020,2017-12-28 09:08:14.030665,0.0,0.0
394,394.0,394.0,394.0,394.0,394.0,394.0,0.08806,1,JordanManual,CCCAGG,0.08858,0.08806,0.08858,MRV,1514428200,2017-12-28 09:08:14.030665,0.0,0.0
395,395.0,395.0,395.0,395.0,395.0,395.0,0.08804,1,JordanManual,CCCAGG,0.08818,0.08804,0.08818,MRV,1514428380,2017-12-28 09:08:14.030665,0.0,0.0
396,396.0,396.0,396.0,396.0,396.0,396.0,0.08749,1,JordanManual,CCCAGG,0.088,0.08749,0.088,MRV,1514428560,2017-12-28 09:08:14.030665,0.0,0.0
397,397.0,397.0,397.0,397.0,397.0,397.0,0.08707,1,JordanManual,CCCAGG,0.08723,0.08692,0.08723,MRV,1514428740,2017-12-28 09:08:14.030665,0.0,0.0
398,398.0,398.0,398.0,398.0,398.0,398.0,0.08584,1,JordanManual,CCCAGG,0.08688,0.08584,0.08688,MRV,1514428920,2017-12-28 09:08:14.030665,0.0,0.0
399,399.0,399.0,399.0,399.0,399.0,399.0,0.08485,1,JordanManual,CCCAGG,0.08551,0.08485,0.08551,MRV,1514429100,2017-12-28 09:08:14.030665,0.0,0.0
400,400.0,400.0,400.0,400.0,400.0,400.0,0.08391,1,JordanManual,CCCAGG,0.08446,0.08391,0.08446,MRV,1514429280,2017-12-28 09:08:14.030665,0.0,0.0
401,401.0,401.0,401.0,401.0,401.0,401.0,0.08276,1,JordanManual,CCCAGG,0.08348,0.08276,0.08348,MRV,1514429460,2017-12-28 09:08:14.030665,0.0,0.0
402,402.0,402.0,402.0,402.0,402.0,402.0,0.08422,1,JordanManual,CCCAGG,0.08422,0.08395,0.08395,MRV,1514429640,2017-12-28 09:08:14.030665,0.0,0.0
403,403.0,403.0,403.0,403.0,403.0,403.0,0.0838,1,JordanManual,CCCAGG,0.08456,0.0838,0.08456,MRV,1514429820,2017-12-28 09:08:14.030665,0.0,0.0
404,404.0,404.0,404.0,404.0,404.0,404.0,0.08467,1,JordanManual,CCCAGG,0.08467,0.08355,0.08355,MRV,1514430000,2017-12-28 09:08:14.030665,0.0,0.0
405,405.0,405.0,405.0,405.0,405.0,405.0,0.08432,1,JordanManual,CCCAGG,0.08451,0.08419,0.08419,MRV,1514430180,2017-12-28 09:08:14.030665,0.0,0.0
406,406.0,406.0,406.0,406.0,406.0,406.0,0.08372,1,JordanManual,CCCAGG,0.08375,0.08341,0.08375,MRV,1514430360,2017-12-28 09:08:14.030665,0.0,0.0
407,407.0,407.0,407.0,407.0,407.0,407.0,0.08417,1,JordanManual,CCCAGG,0.08417,0.08388,0.08388,MRV,1514430540,2017-12-28 09:08:14.030665,0.0,0.0
408,408.0,408.0,408.0,408.0,408.0,408.0,0.08514,1,JordanManual,CCCAGG,0.08514,0.08442,0.08442,MRV,1514430720,2017-12-28 09:08:14.030665,0.0,0.0
409,409.0,409.0,409.0,409.0,409.0,409.0,0.08541,1,JordanManual,CCCAGG,0.08543,0.08526,0.08526,MRV,1514430900,2017-12-28 09:08:14.030665,0.0,0.0
410,410.0,410.0,410.0,410.0,410.0,410.0,0.08565,1,JordanManual,CCCAGG,0.08565,0.0854,0.0854,MRV,1514431080,2017-12-28 09:08:14.030665,0.0,0.0
411,411.0,411.0,411.0,411.0,411.0,411.0,0.08598,1,JordanManual,CCCAGG,0.08599,0.08582,0.08582,MRV,1514431260,2017-12-28 09:08:14.030665,0.0,0.0
412,412.0,412.0,412.0,412.0,412.0,412.0,0.0858,1,JordanManual,CCCAGG,0.0858,0.08565,0.08576,MRV,1514431440,2017-12-28 09:08:14.030665,0.0,0.0
413,413.0,413.0,413.0,413.0,413.0,413.0,0.08466,1,JordanManual,CCCAGG,0.08576,0.08466,0.08576,MRV,1514431620,2017-12-28 09:08:14.030665,0.0,0.0
414,414.0,414.0,414.0,414.0,414.0,414.0,0.0853,1,JordanManual,CCCAGG,0.0853,0.0851,0.0851,MRV,1514431800,2017-12-28 09:08:14.030665,0.0,0.0
415,415.0,415.0,415.0,415.0,415.0,415.0,0.08435,1,JordanManual,CCCAGG,0.08498,0.08435,0.08498,MRV,1514431980,2017-12-28 09:08:14.030665,0.0,0.0
416,416.0,416.0,416.0,416.0,416.0,416.0,0.08358,1,JordanManual,CCCAGG,0.08416,0.08358,0.08416,MRV,1514432160,2017-12-28 09:08:14.030665,0.0,0.0
417,417.0,417.0,417.0,417.0,417.0,417.0,0.08474,1,JordanManual,CCCAGG,0.08474,0.08339,0.08339,MRV,1514432340,2017-12-28 09:08:14.030665,0.0,0.0
418,418.0,418.0,418.0,418.0,418.0,418.0,0.08488,1,JordanManual,CCCAGG,0.08488,0.08434,0.08434,MRV,1514432520,2017-12-28 09:08:14.030665,0.0,0.0
419,419.0,419.0,419.0,419.0,419.0,419.0,0.08496,1,JordanManual,CCCAGG,0.08516,0.08486,0.08516,MRV,1514432700,2017-12-28 09:08:14.030665,0.0,0.0
420,420.0,420.0,420.0,420.0,420.0,420.0,0.08498,1,JordanManual,CCCAGG,0.08506,0.08494,0.08494,MRV,1514432880,2017-12-28 09:08:14.030665,0.0,0.0
421,421.0,421.0,421.0,421.0,421.0,421.0,0.08535,1,JordanManual,CCCAGG,0.08538,0.08508,0.08508,MRV,1514433060,2017-12-28 09:08:14.030665,0.0,0.0
422,422.0,422.0,422.0,422.0,422.0,422.0,0.08561,1,JordanManual,CCCAGG,0.08561,0.08543,0.08543,MRV,1514433240,2017-12-28 09:08:14.030665,0.0,0.0
423,423.0,423.0,423.0,423.0,423.0,423.0,0.08548,1,JordanManual,CCCAGG,0.08548,0.08523,0.08523,MRV,1514433420,2017-12-28 09:08:14.030665,0.0,0.0
424,424.0,424.0,424.0,424.0,424.0,424.0,0.08522,1,JordanManual,CCCAGG,0.08565,0.08522,0.08565,MRV,1514433600,2017-12-28 09:08:14.030665,0.0,0.0
425,425.0,425.0,425.0,425.0,425.0,425.0,0.08468,1,JordanManual,CCCAGG,0.08512,0.08468,0.08509,MRV,1514433780,2017-12-28 09:08:14.030665,0.0,0.0
426,426.0,426.0,426.0,426.0,426.0,426.0,0.08487,1,JordanManual,CCCAGG,0.08494,0.08467,0.08467,MRV,1514433960,2017-12-28 09:08:14.030665,0.0,0.0
427,427.0,427.0,427.0,427.0,427.0,427.0,0.08541,1,JordanManual,CCCAGG,0.08552,0.08494,0.08494,MRV,1514434140,2017-12-28 09:08:14.030665,0.0,0.0
428,428.0,428.0,428.0,428.0,428.0,428.0,0.08559,1,JordanManual,CCCAGG,0.08559,0.08553,0.08553,MRV,1514434320,2017-12-28 09:08:14.030665,0.0,0.0
429,429.0,429.0,429.0,429.0,429.0,429.0,0.08576,1,JordanManual,CCCAGG,0.08576,0.08558,0.08558,MRV,1514434500,2017-12-28 09:08:14.030665,0.0,0.0
430,430.0,430.0,430.0,430.0,430.0,430.0,0.08589,1,JordanManual,CCCAGG,0.08607,0.08589,0.08595,MRV,1514434680,2017-12-28 09:08:14.030665,0.0,0.0
431,431.0,431.0,431.0,431.0,431.0,431.0,0.08632,1,JordanManual,CCCAGG,0.08632,0.08595,0.08595,MRV,1514434860,2017-12-28 09:08:14.030665,0.0,0.0
432,432.0,432.0,432.0,432.0,432.0,432.0,0.08629,1,JordanManual,CCCAGG,0.08633,0.08629,0.08629,MRV,1514435040,2017-12-28 09:08:14.030665,0.0,0.0
433,433.0,433.0,433.0,433.0,433.0,433.0,0.0862,1,JordanManual,CCCAGG,0.0862,0.08595,0.08614,MRV,1514435220,2017-12-28 09:08:14.030665,0.0,0.0
434,434.0,434.0,434.0,434.0,434.0,434.0,0.08668,1,JordanManual,CCCAGG,0.08671,0.08645,0.08645,MRV,1514435400,2017-12-28 09:08:14.030665,0.0,0.0
435,435.0,435.0,435.0,435.0,435.0,435.0,0.0868,1,JordanManual,CCCAGG,0.0868,0.08672,0.08672,MRV,1514435580,2017-12-28 09:08:14.030665,0.0,0.0
436,436.0,436.0,436.0,436.0,436.0,436.0,0.08666,1,JordanManual,CCCAGG,0.08666,0.08655,0.08656,MRV,1514435760,2017-12-28 09:08:14.030665,0.0,0.0
437,437.0,437.0,437.0,437.0,437.0,437.0,0.08656,1,JordanManual,CCCAGG,0.08665,0.08656,0.08665,MRV,1514435940,2017-12-28 09:08:14.030665,0.0,0.0
438,438.0,438.0,438.0,438.0,438.0,438.0,0.08648,1,JordanManual,CCCAGG,0.08653,0.08644,0.08653,MRV,1514436120,2017-12-28 09:08:14.030665,0.0,0.0
439,439.0,439.0,439.0,439.0,439.0,439.0,0.08581,1,JordanManual,CCCAGG,0.08636,0.08576,0.08636,MRV,1514436300,2017-12-28 09:08:14.030665,0.0,0.0
440,440.0,440.0,440.0,440.0,440.0,440.0,0.08585,1,JordanManual,CCCAGG,0.08585,0.08581,0.08583,MRV,1514436480,2017-12-28 09:08:14.030665,0.0,0.0
441,441.0,441.0,441.0,441.0,441.0,441.0,0.08545,1,JordanManual,CCCAGG,0.08587,0.08545,0.08587,MRV,1514436660,2017-12-28 09:08:14.030665,0.0,0.0
442,442.0,442.0,442.0,442.0,442.0,442.0,0.08527,1,JordanManual,CCCAGG,0.08549,0.08527,0.08542,MRV,1514436840,2017-12-28 09:08:14.030665,0.0,0.0
443,443.0,443.0,443.0,443.0,443.0,443.0,0.08553,1,JordanManual,CCCAGG,0.08553,0.08535,0.08539,MRV,1514437020,2017-12-28 09:08:14.030665,0.0,0.0
444,444.0,444.0,444.0,444.0,444.0,444.0,0.08547,1,JordanManual,CCCAGG,0.0856,0.08547,0.08557,MRV,1514437200,2017-12-28 09:08:14.030665,0.0,0.0
445,445.0,445.0,445.0,445.0,445.0,445.0,0.08529,1,JordanManual,CCCAGG,0.0853,0.08529,0.0853,MRV,1514437380,2017-12-28 09:08:14.030665,0.0,0.0
446,446.0,446.0,446.0,446.0,446.0,446.0,0.08473,1,JordanManual,CCCAGG,0.08507,0.08473,0.08507,MRV,1514437560,2017-12-28 09:08:14.030665,0.0,0.0
447,447.0,447.0,447.0,447.0,447.0,447.0,0.08449,1,JordanManual,CCCAGG,0.08476,0.08449,0.08476,MRV,1514437740,2017-12-28 09:08:14.030665,0.0,0.0
448,448.0,448.0,448.0,448.0,448.0,448.0,0.08419,1,JordanManual,CCCAGG,0.08449,0.08419,0.08449,MRV,1514437920,2017-12-28 09:08:14.030665,0.0,0.0
449,449.0,449.0,449.0,449.0,449.0,449.0,0.08403,1,JordanManual,CCCAGG,0.08436,0.08403,0.08429,MRV,1514438100,2017-12-28 09:08:14.030665,0.0,0.0
450,450.0,450.0,450.0,450.0,450.0,450.0,0.0833,1,JordanManual,CCCAGG,0.08386,0.0833,0.08386,MRV,1514438280,2017-12-28 09:08:14.030665,0.0,0.0
451,451.0,451.0,451.0,451.0,451.0,451.0,0.08363,1,JordanManual,CCCAGG,0.08363,0.08306,0.08309,MRV,1514438460,2017-12-28 09:08:14.030665,0.0,0.0
452,452.0,452.0,452.0,452.0,452.0,452.0,0.08402,1,JordanManual,CCCAGG,0.08402,0.08383,0.08395,MRV,1514438640,2017-12-28 09:08:14.030665,0.0,0.0
453,453.0,453.0,453.0,453.0,453.0,453.0,0.08447,1,JordanManual,CCCAGG,0.08447,0.08405,0.08405,MRV,1514438820,2017-12-28 09:08:14.030665,0.0,0.0
454,454.0,454.0,454.0,454.0,454.0,454.0,0.08473,1,JordanManual,CCCAGG,0.0848,0.08473,0.08477,MRV,1514439000,2017-12-28 09:08:14.030665,0.0,0.0
455,455.0,455.0,455.0,455.0,455.0,455.0,0.08412,1,JordanManual,CCCAGG,0.08443,0.08412,0.08443,MRV,1514439180,2017-12-28 09:08:14.030665,0.0,0.0
456,456.0,456.0,456.0,456.0,456.0,456.0,0.08431,1,JordanManual,CCCAGG,0.08431,0.08423,0.08427,MRV,1514439360,2017-12-28 09:08:14.030665,0.0,0.0
457,457.0,457.0,457.0,457.0,457.0,457.0,0.08391,1,JordanManual,CCCAGG,0.08428,0.08391,0.08428,MRV,1514439540,2017-12-28 09:08:14.030665,0.0,0.0
458,458.0,458.0,458.0,458.0,458.0,458.0,0.08315,1,JordanManual,CCCAGG,0.08353,0.08315,0.08353,MRV,1514439720,2017-12-28 09:08:14.030665,0.0,0.0
459,459.0,459.0,459.0,459.0,459.0,459.0,0.08318,1,JordanManual,CCCAGG,0.08318,0.08286,0.08292,MRV,1514439900,2017-12-28 09:08:14.030665,0.0,0.0
460,460.0,460.0,460.0,460.0,460.0,460.0,0.0834,1,JordanManual,CCCAGG,0.0834,0.08312,0.08335,MRV,1514440080,2017-12-28 09:08:14.030665,0.0,0.0
461,461.0,461.0,461.0,461.0,461.0,461.0,0.08371,1,JordanManual,CCCAGG,0.08371,0.08358,0.08366,MRV,1514440260,2017-12-28 09:08:14.030665,0.0,0.0
462,462.0,462.0,462.0,462.0,462.0,462.0,0.08301,1,JordanManual,CCCAGG,0.08364,0.08301,0.08364,MRV,1514440440,2017-12-28 09:08:14.030665,0.0,0.0
463,463.0,463.0,463.0,463.0,463.0,463.0,0.08325,1,JordanManual,CCCAGG,0.08325,0.08301,0.08301,MRV,1514440620,2017-12-28 09:08:14.030665,0.0,0.0
464,464.0,464.0,464.0,464.0,464.0,464.0,0.08349,1,JordanManual,CCCAGG,0.08349,0.08311,0.08311,MRV,1514440800,2017-12-28 09:08:14.030665,0.0,0.0
465,465.0,465.0,465.0,465.0,465.0,465.0,0.08328,1,JordanManual,CCCAGG,0.08345,0.08328,0.08345,MRV,1514440980,2017-12-28 09:08:14.030665,0.0,0.0
466,466.0,466.0,466.0,466.0,466.0,466.0,0.08803,1,JordanManual,CCCAGG,0.0881,0.08796,0.08796,MRV,1514441160,2017-12-28 09:08:14.030665,1.49,0.1311
467,467.0,467.0,467.0,467.0,467.0,467.0,0.0885,1,JordanManual,CCCAGG,0.08857,0.08803,0.08803,MRV,1514441340,2017-12-28 09:08:14.030665,0.0,0.0
468,468.0,468.0,468.0,468.0,468.0,468.0,0.0886,1,JordanManual,CCCAGG,0.08872,0.08857,0.08857,MRV,1514441520,2017-12-28 09:08:14.030665,0.0,0.0
469,469.0,469.0,469.0,469.0,469.0,469.0,0.08876,1,JordanManual,CCCAGG,0.08877,0.08875,0.08877,MRV,1514441700,2017-12-28 09:08:14.030665,0.0,0.0
470,470.0,470.0,470.0,470.0,470.0,470.0,0.08881,1,JordanManual,CCCAGG,0.08884,0.08881,0.08884,MRV,1514441880,2017-12-28 09:08:14.030665,0.0,0.0
471,471.0,471.0,471.0,471.0,471.0,471.0,0.0883,1,JordanManual,CCCAGG,0.0887,0.08828,0.0887,MRV,1514442060,2017-12-28 09:08:14.030665,0.0,0.0
472,472.0,472.0,472.0,472.0,472.0,472.0,0.0883,1,JordanManual,CCCAGG,0.08834,0.08825,0.08834,MRV,1514442240,2017-12-28 09:08:14.030665,0.0,0.0
473,473.0,473.0,473.0,473.0,473.0,473.0,0.08856,1,JordanManual,CCCAGG,0.08856,0.08831,0.08831,MRV,1514442420,2017-12-28 09:08:14.030665,0.0,0.0
474,474.0,474.0,474.0,474.0,474.0,474.0,0.08885,1,JordanManual,CCCAGG,0.08885,0.08855,0.08855,MRV,1514442600,2017-12-28 09:08:14.030665,0.0,0.0
475,475.0,475.0,475.0,475.0,475.0,475.0,0.08479,1,JordanManual,CCCAGG,0.08892,0.08479,0.08892,MRV,1514442780,2017-12-28 09:08:14.030665,57.35,4.86
476,476.0,476.0,476.0,476.0,476.0,476.0,0.08471,1,JordanManual,CCCAGG,0.08471,0.08462,0.08466,MRV,1514442960,2017-12-28 09:08:14.030665,0.0,0.0
477,477.0,477.0,477.0,477.0,477.0,477.0,0.08468,1,JordanManual,CCCAGG,0.08469,0.08467,0.08469,MRV,1514443140,2017-12-28 09:08:14.030665,0.0,0.0
478,478.0,478.0,478.0,478.0,478.0,478.0,0.08457,1,JordanManual,CCCAGG,0.08459,0.08457,0.08459,MRV,1514443320,2017-12-28 09:08:14.030665,0.0,0.0
479,479.0,479.0,479.0,479.0,479.0,479.0,0.08418,1,JordanManual,CCCAGG,0.08435,0.08406,0.08435,MRV,1514443500,2017-12-28 09:08:14.030665,0.0,0.0
480,480.0,480.0,480.0,480.0,480.0,480.0,0.07517,1,JordanManual,CCCAGG,0.08408,0.07517,0.08402,MRV,1514443680,2017-12-28 09:08:14.030665,1.29,0.09697
481,481.0,481.0,481.0,481.0,481.0,481.0,0.07527,1,JordanManual,CCCAGG,0.07527,0.07522,0.07525,MRV,1514443860,2017-12-28 09:08:14.030665,0.0,0.0
482,482.0,482.0,482.0,482.0,482.0,482.0,0.07534,1,JordanManual,CCCAGG,0.07541,0.07532,0.07532,MRV,1514444040,2017-12-28 09:08:14.030665,0.0,0.0
483,483.0,483.0,483.0,483.0,483.0,483.0,0.07534,1,JordanManual,CCCAGG,0.07538,0.07534,0.07538,MRV,1514444220,2017-12-28 09:08:14.030665,0.0,0.0
484,484.0,484.0,484.0,484.0,484.0,484.0,0.07528,1,JordanManual,CCCAGG,0.07532,0.07518,0.07532,MRV,1514444400,2017-12-28 09:08:14.030665,0.0,0.0
485,485.0,485.0,485.0,485.0,485.0,485.0,0.07538,1,JordanManual,CCCAGG,0.07538,0.0753,0.07532,MRV,1514444580,2017-12-28 09:08:14.030665,0.0,0.0
486,486.0,486.0,486.0,486.0,486.0,486.0,0.07555,1,JordanManual,CCCAGG,0.07555,0.07543,0.07543,MRV,1514444760,2017-12-28 09:08:14.030665,0.0,0.0
487,487.0,487.0,487.0,487.0,487.0,487.0,0.07564,1,JordanManual,CCCAGG,0.07564,0.07553,0.07553,MRV,1514444940,2017-12-28 09:08:14.030665,0.0,0.0
488,488.0,488.0,488.0,488.0,488.0,488.0,0.07588,1,JordanManual,CCCAGG,0.07588,0.07577,0.07577,MRV,1514445120,2017-12-28 09:08:14.030665,0.0,0.0
489,489.0,489.0,489.0,489.0,489.0,489.0,0.07614,1,JordanManual,CCCAGG,0.07626,0.07614,0.07614,MRV,1514445300,2017-12-28 09:08:14.030665,0.0,0.0
490,490.0,490.0,490.0,490.0,490.0,490.0,0.07633,1,JordanManual,CCCAGG,0.07633,0.0762,0.0762,MRV,1514445480,2017-12-28 09:08:14.030665,0.02,0.001527
491,491.0,491.0,491.0,491.0,491.0,491.0,0.07647,1,JordanManual,CCCAGG,0.07647,0.07638,0.0764,MRV,1514445660,2017-12-28 09:08:14.030665,0.0,0.0
492,492.0,492.0,492.0,492.0,492.0,492.0,0.07616,1,JordanManual,CCCAGG,0.0765,0.07616,0.0765,MRV,1514445840,2017-12-28 09:08:14.030665,0.0,0.0
493,493.0,493.0,493.0,493.0,493.0,493.0,0.07612,1,JordanManual,CCCAGG,0.07615,0.07611,0.07615,MRV,1514446020,2017-12-28 09:08:14.030665,2.51,0.191
494,494.0,494.0,494.0,494.0,494.0,494.0,0.07613,1,JordanManual,CCCAGG,0.07618,0.07613,0.07618,MRV,1514446200,2017-12-28 09:08:14.030665,0.0,0.0
495,495.0,495.0,495.0,495.0,495.0,495.0,0.07584,1,JordanManual,CCCAGG,0.07611,0.07584,0.07611,MRV,1514446380,2017-12-28 09:08:14.030665,0.0,0.0
496,496.0,496.0,496.0,496.0,496.0,496.0,0.07612,1,JordanManual,CCCAGG,0.07612,0.07597,0.07597,MRV,1514446560,2017-12-28 09:08:14.030665,0.0,0.0
497,497.0,497.0,497.0,497.0,497.0,497.0,0.0764,1,JordanManual,CCCAGG,0.0764,0.07616,0.07616,MRV,1514446740,2017-12-28 09:08:14.030665,0.0,0.0
498,498.0,498.0,498.0,498.0,498.0,498.0,0.07642,1,JordanManual,CCCAGG,0.07644,0.07642,0.07642,MRV,1514446920,2017-12-28 09:08:14.030665,0.0,0.0
499,499.0,499.0,499.0,499.0,499.0,499.0,0.07631,1,JordanManual,CCCAGG,0.07641,0.07631,0.07641,MRV,1514447100,2017-12-28 09:08:14.030665,0.0,0.0
500,500.0,500.0,500.0,500.0,500.0,500.0,0.07621,1,JordanManual,CCCAGG,0.07628,0.07621,0.07628,MRV,1514447280,2017-12-28 09:08:14.030665,0.0,0.0
501,501.0,501.0,501.0,501.0,501.0,501.0,0.07603,1,JordanManual,CCCAGG,0.07615,0.07603,0.07615,MRV,1514447460,2017-12-28 09:08:14.030665,0.0,0.0
502,502.0,502.0,502.0,502.0,502.0,502.0,0.07611,1,JordanManual,CCCAGG,0.07612,0.07611,0.07611,MRV,1514447640,2017-12-28 09:08:14.030665,0.0,0.0
503,503.0,503.0,503.0,503.0,503.0,503.0,0.07605,1,JordanManual,CCCAGG,0.0761,0.07605,0.07605,MRV,1514447820,2017-12-28 09:08:14.030665,0.0,0.0
504,504.0,504.0,504.0,504.0,504.0,504.0,0.07595,1,JordanManual,CCCAGG,0.076,0.07595,0.076,MRV,1514448000,2017-12-28 09:08:14.030665,2.91,0.2211
505,505.0,505.0,505.0,505.0,505.0,505.0,0.07598,1,JordanManual,CCCAGG,0.07598,0.07597,0.07597,MRV,1514448180,2017-12-28 09:08:14.030665,0.0,0.0
506,506.0,506.0,506.0,506.0,506.0,506.0,0.07614,1,JordanManual,CCCAGG,0.07614,0.076,0.076,MRV,1514448360,2017-12-28 09:08:14.030665,0.0,0.0
507,507.0,507.0,507.0,507.0,507.0,507.0,0.07622,1,JordanManual,CCCAGG,0.07622,0.07614,0.07614,MRV,1514448540,2017-12-28 09:08:14.030665,0.0,0.0
508,508.0,508.0,508.0,508.0,508.0,508.0,0.07601,1,JordanManual,CCCAGG,0.07619,0.07601,0.07619,MRV,1514448720,2017-12-28 09:08:14.030665,0.0,0.0
509,509.0,509.0,509.0,509.0,509.0,509.0,0.07543,1,JordanManual,CCCAGG,0.07592,0.07543,0.07592,MRV,1514448900,2017-12-28 09:08:14.030665,0.0,0.0
510,510.0,510.0,510.0,510.0,510.0,510.0,0.07556,1,JordanManual,CCCAGG,0.07556,0.07553,0.07553,MRV,1514449080,2017-12-28 09:08:14.030665,0.0,0.0
511,511.0,511.0,511.0,511.0,511.0,511.0,0.07521,1,JordanManual,CCCAGG,0.07559,0.07521,0.07559,MRV,1514449260,2017-12-28 09:08:14.030665,0.0,0.0
512,512.0,512.0,512.0,512.0,512.0,512.0,0.07547,1,JordanManual,CCCAGG,0.0755,0.07541,0.07541,MRV,1514449440,2017-12-28 09:08:14.030665,0.0,0.0
513,513.0,513.0,513.0,513.0,513.0,513.0,0.07525,1,JordanManual,CCCAGG,0.07547,0.07525,0.07547,MRV,1514449620,2017-12-28 09:08:14.030665,0.0,0.0
514,514.0,514.0,514.0,514.0,514.0,514.0,0.07544,1,JordanManual,CCCAGG,0.07544,0.07528,0.07528,MRV,1514449800,2017-12-28 09:08:14.030665,0.0,0.0
515,515.0,515.0,515.0,515.0,515.0,515.0,0.07558,1,JordanManual,CCCAGG,0.07558,0.07546,0.07546,MRV,1514449980,2017-12-28 09:08:14.030665,0.0,0.0
516,516.0,516.0,516.0,516.0,516.0,516.0,0.07564,1,JordanManual,CCCAGG,0.07564,0.07554,0.07554,MRV,1514450160,2017-12-28 09:08:14.030665,0.09,0.006808
517,517.0,517.0,517.0,517.0,517.0,517.0,0.07569,1,JordanManual,CCCAGG,0.07569,0.0756,0.0756,MRV,1514450340,2017-12-28 09:08:14.030665,0.0,0.0
518,518.0,518.0,518.0,518.0,518.0,518.0,0.07576,1,JordanManual,CCCAGG,0.0758,0.07567,0.07567,MRV,1514450520,2017-12-28 09:08:14.030665,0.0,0.0
519,519.0,519.0,519.0,519.0,519.0,519.0,0.07575,1,JordanManual,CCCAGG,0.0758,0.07575,0.07577,MRV,1514450700,2017-12-28 09:08:14.030665,0.0,0.0
520,520.0,520.0,520.0,520.0,520.0,520.0,0.07568,1,JordanManual,CCCAGG,0.07572,0.07568,0.07569,MRV,1514450880,2017-12-28 09:08:14.030665,0.0,0.0
521,521.0,521.0,521.0,521.0,521.0,521.0,0.07576,1,JordanManual,CCCAGG,0.07576,0.07572,0.07574,MRV,1514451060,2017-12-28 09:08:14.030665,0.0,0.0
522,522.0,522.0,522.0,522.0,522.0,522.0,0.07587,1,JordanManual,CCCAGG,0.07587,0.07571,0.07571,MRV,1514451240,2017-12-28 09:08:14.030665,0.0,0.0
523,523.0,523.0,523.0,523.0,523.0,523.0,0.07604,1,JordanManual,CCCAGG,0.07604,0.07596,0.07596,MRV,1514451420,2017-12-28 09:08:14.030665,0.0,0.0
524,524.0,524.0,524.0,524.0,524.0,524.0,0.07597,1,JordanManual,CCCAGG,0.07602,0.07597,0.07602,MRV,1514451600,2017-12-28 09:08:14.030665,0.0,0.0
525,525.0,525.0,525.0,525.0,525.0,525.0,0.07594,1,JordanManual,CCCAGG,0.07607,0.07594,0.07607,MRV,1514451780,2017-12-28 09:08:14.030665,0.0,0.0
526,526.0,526.0,526.0,526.0,526.0,526.0,0.07608,1,JordanManual,CCCAGG,0.07615,0.07606,0.07606,MRV,1514451960,2017-12-28 09:08:14.030665,0.0,0.0
527,527.0,527.0,527.0,527.0,527.0,527.0,0.07583,1,JordanManual,CCCAGG,0.07592,0.07583,0.07592,MRV,1514452140,2017-12-28 09:08:14.030665,2.16,0.1639
528,528.0,528.0,528.0,528.0,528.0,528.0,0.07587,1,JordanManual,CCCAGG,0.07587,0.07581,0.07581,MRV,1514452320,2017-12-28 09:08:14.030665,0.0,0.0
529,529.0,529.0,529.0,529.0,529.0,529.0,0.07589,1,JordanManual,CCCAGG,0.07589,0.07585,0.07585,MRV,1514452500,2017-12-28 09:08:14.030665,0.0,0.0
530,530.0,530.0,530.0,530.0,530.0,530.0,0.07612,1,JordanManual,CCCAGG,0.07612,0.07592,0.07592,MRV,1514452680,2017-12-28 09:08:14.030665,0.0,0.0
531,531.0,531.0,531.0,531.0,531.0,531.0,0.07615,1,JordanManual,CCCAGG,0.07618,0.07615,0.07617,MRV,1514452860,2017-12-28 09:08:14.030665,0.0,0.0
532,532.0,532.0,532.0,532.0,532.0,532.0,0.07618,1,JordanManual,CCCAGG,0.07618,0.07615,0.07615,MRV,1514453040,2017-12-28 09:08:14.030665,0.0,0.0
533,533.0,533.0,533.0,533.0,533.0,533.0,0.07637,1,JordanManual,CCCAGG,0.07637,0.07623,0.07623,MRV,1514453220,2017-12-28 09:08:14.030665,0.0,0.0
534,534.0,534.0,534.0,534.0,534.0,534.0,0.07645,1,JordanManual,CCCAGG,0.07645,0.07639,0.07639,MRV,1514453400,2017-12-28 09:08:14.030665,0.0,0.0
535,535.0,535.0,535.0,535.0,535.0,535.0,0.07655,1,JordanManual,CCCAGG,0.07655,0.07642,0.07642,MRV,1514453580,2017-12-28 09:08:14.030665,0.0,0.0
536,536.0,536.0,536.0,536.0,536.0,536.0,0.07655,1,JordanManual,CCCAGG,0.07655,0.07646,0.07646,MRV,1514453760,2017-12-28 09:08:14.030665,0.0,0.0
537,537.0,537.0,537.0,537.0,537.0,537.0,0.07651,1,JordanManual,CCCAGG,0.07654,0.07651,0.07654,MRV,1514453940,2017-12-28 09:08:14.030665,0.0,0.0
538,538.0,538.0,538.0,538.0,538.0,538.0,0.07655,1,JordanManual,CCCAGG,0.07656,0.07652,0.07652,MRV,1514454120,2017-12-28 09:08:14.030665,0.0,0.0
539,539.0,539.0,539.0,539.0,539.0,539.0,0.07646,1,JordanManual,CCCAGG,0.07646,0.07642,0.07642,MRV,1514454300,2017-12-28 09:08:14.030665,0.04,0.003058
540,540.0,540.0,540.0,540.0,540.0,540.0,0.07639,1,JordanManual,CCCAGG,0.0765,0.07639,0.07649,MRV,1514454480,2017-12-28 09:08:14.030665,0.0,0.0
541,541.0,541.0,541.0,541.0,541.0,541.0,0.07644,1,JordanManual,CCCAGG,0.07644,0.07637,0.07637,MRV,1514454660,2017-12-28 09:08:14.030665,0.0,0.0
542,542.0,542.0,542.0,542.0,542.0,542.0,0.07623,1,JordanManual,CCCAGG,0.07636,0.07623,0.07636,MRV,1514454840,2017-12-28 09:08:14.030665,0.0,0.0
543,543.0,543.0,543.0,543.0,543.0,543.0,0.07589,1,JordanManual,CCCAGG,0.07609,0.07589,0.07609,MRV,1514455020,2017-12-28 09:08:14.030665,0.0,0.0
544,544.0,544.0,544.0,544.0,544.0,544.0,0.07599,1,JordanManual,CCCAGG,0.07599,0.07594,0.07594,MRV,1514455200,2017-12-28 09:08:14.030665,0.0,0.0
545,545.0,545.0,545.0,545.0,545.0,545.0,0.076,1,JordanManual,CCCAGG,0.076,0.07595,0.07599,MRV,1514455380,2017-12-28 09:08:14.030665,0.0,0.0
546,546.0,546.0,546.0,546.0,546.0,546.0,0.07616,1,JordanManual,CCCAGG,0.07616,0.07604,0.07604,MRV,1514455560,2017-12-28 09:08:14.030665,0.0,0.0
547,547.0,547.0,547.0,547.0,547.0,547.0,0.07629,1,JordanManual,CCCAGG,0.07629,0.07622,0.07622,MRV,1514455740,2017-12-28 09:08:14.030665,0.0,0.0
548,548.0,548.0,548.0,548.0,548.0,548.0,0.07621,1,JordanManual,CCCAGG,0.07627,0.07621,0.07626,MRV,1514455920,2017-12-28 09:08:14.030665,0.0,0.0
549,549.0,549.0,549.0,549.0,549.0,549.0,0.07613,1,JordanManual,CCCAGG,0.07622,0.07613,0.07621,MRV,1514456100,2017-12-28 09:08:14.030665,0.0,0.0
550,550.0,550.0,550.0,550.0,550.0,550.0,0.07607,1,JordanManual,CCCAGG,0.0761,0.07607,0.0761,MRV,1514456280,2017-12-28 09:08:14.030665,0.13,0.009889
551,551.0,551.0,551.0,551.0,551.0,551.0,0.07607,1,JordanManual,CCCAGG,0.07607,0.07605,0.07605,MRV,1514456460,2017-12-28 09:08:14.030665,0.0,0.0
552,552.0,552.0,552.0,552.0,552.0,552.0,0.07593,1,JordanManual,CCCAGG,0.07603,0.07593,0.07603,MRV,1514456640,2017-12-28 09:08:14.030665,0.0,0.0
553,553.0,553.0,553.0,553.0,553.0,553.0,0.076,1,JordanManual,CCCAGG,0.07603,0.076,0.076,MRV,1514456820,2017-12-28 09:08:14.030665,0.0,0.0
554,554.0,554.0,554.0,554.0,554.0,554.0,0.07599,1,JordanManual,CCCAGG,0.07603,0.07599,0.07603,MRV,1514457000,2017-12-28 09:08:14.030665,0.0,0.0
555,555.0,555.0,555.0,555.0,555.0,555.0,0.07552,1,JordanManual,CCCAGG,0.07579,0.07552,0.07579,MRV,1514457180,2017-12-28 09:08:14.030665,0.0,0.0
556,556.0,556.0,556.0,556.0,556.0,556.0,0.07521,1,JordanManual,CCCAGG,0.07531,0.07521,0.07531,MRV,1514457360,2017-12-28 09:08:14.030665,0.0,0.0
557,557.0,557.0,557.0,557.0,557.0,557.0,0.07508,1,JordanManual,CCCAGG,0.07508,0.07492,0.07492,MRV,1514457540,2017-12-28 09:08:14.030665,0.0,0.0
558,558.0,558.0,558.0,558.0,558.0,558.0,0.0749,1,JordanManual,CCCAGG,0.07508,0.0749,0.07508,MRV,1514457720,2017-12-28 09:08:14.030665,0.0,0.0
559,559.0,559.0,559.0,559.0,559.0,559.0,0.07499,1,JordanManual,CCCAGG,0.07499,0.07494,0.07495,MRV,1514457900,2017-12-28 09:08:14.030665,0.0,0.0
560,560.0,560.0,560.0,560.0,560.0,560.0,0.07341,1,JordanManual,CCCAGG,0.07506,0.07341,0.07506,MRV,1514458080,2017-12-28 09:08:14.030665,53.53,3.92971
561,561.0,561.0,561.0,561.0,561.0,561.0,0.07322,1,JordanManual,CCCAGG,0.07343,0.07322,0.07341,MRV,1514458260,2017-12-28 09:08:14.030665,0.0,0.0
562,562.0,562.0,562.0,562.0,562.0,562.0,0.07245,1,JordanManual,CCCAGG,0.07298,0.07245,0.07298,MRV,1514458440,2017-12-28 09:08:14.030665,0.0,0.0
563,563.0,563.0,563.0,563.0,563.0,563.0,0.07199,1,JordanManual,CCCAGG,0.07235,0.07199,0.07235,MRV,1514458620,2017-12-28 09:08:14.030665,0.0,0.0
564,564.0,564.0,564.0,564.0,564.0,564.0,0.07376,1,JordanManual,CCCAGG,0.07376,0.07198,0.07198,MRV,1514458800,2017-12-28 09:08:14.030665,4.56,0.3344
565,565.0,565.0,565.0,565.0,565.0,565.0,0.07359,1,JordanManual,CCCAGG,0.07364,0.07345,0.07364,MRV,1514458980,2017-12-28 09:08:14.030665,0.0,0.0
566,566.0,566.0,566.0,566.0,566.0,566.0,0.0736,1,JordanManual,CCCAGG,0.07372,0.07356,0.07372,MRV,1514459160,2017-12-28 09:08:14.030665,0.0,0.0
567,567.0,567.0,567.0,567.0,567.0,567.0,0.07365,1,JordanManual,CCCAGG,0.07374,0.07365,0.07365,MRV,1514459340,2017-12-28 09:08:14.030665,0.0,0.0
568,568.0,568.0,568.0,568.0,568.0,568.0,0.07379,1,JordanManual,CCCAGG,0.07381,0.07366,0.07366,MRV,1514459520,2017-12-28 09:08:14.030665,0.0,0.0
569,569.0,569.0,569.0,569.0,569.0,569.0,0.07372,1,JordanManual,CCCAGG,0.07372,0.07357,0.07363,MRV,1514459700,2017-12-28 09:08:14.030665,0.0,0.0
570,570.0,570.0,570.0,570.0,570.0,570.0,0.0738,1,JordanManual,CCCAGG,0.07384,0.0738,0.07383,MRV,1514459880,2017-12-28 09:08:14.030665,0.0,0.0
571,571.0,571.0,571.0,571.0,571.0,571.0,0.07415,1,JordanManual,CCCAGG,0.07415,0.0739,0.0739,MRV,1514460060,2017-12-28 09:08:14.030665,10.56,0.783
572,572.0,572.0,572.0,572.0,572.0,572.0,0.07429,1,JordanManual,CCCAGG,0.07442,0.07421,0.07421,MRV,1514460240,2017-12-28 09:08:14.030665,0.0,0.0
573,573.0,573.0,573.0,573.0,573.0,573.0,0.07429,1,JordanManual,CCCAGG,0.07437,0.07422,0.07422,MRV,1514460420,2017-12-28 09:08:14.030665,0.0,0.0
574,574.0,574.0,574.0,574.0,574.0,574.0,0.07429,1,JordanManual,CCCAGG,0.07431,0.07429,0.0743,MRV,1514460600,2017-12-28 09:08:14.030665,0.0,0.0
575,575.0,575.0,575.0,575.0,575.0,575.0,0.07406,1,JordanManual,CCCAGG,0.07426,0.07402,0.07426,MRV,1514460780,2017-12-28 09:08:14.030665,0.0,0.0
576,576.0,576.0,576.0,576.0,576.0,576.0,0.07376,1,JordanManual,CCCAGG,0.07394,0.07376,0.0739,MRV,1514460960,2017-12-28 09:08:14.030665,0.0,0.0
577,577.0,577.0,577.0,577.0,577.0,577.0,0.0742,1,JordanManual,CCCAGG,0.0742,0.07397,0.07397,MRV,1514461140,2017-12-28 09:08:14.030665,0.0,0.0
578,578.0,578.0,578.0,578.0,578.0,578.0,0.07427,1,JordanManual,CCCAGG,0.07427,0.07413,0.07419,MRV,1514461320,2017-12-28 09:08:14.030665,0.0,0.0
579,579.0,579.0,579.0,579.0,579.0,579.0,0.07429,1,JordanManual,CCCAGG,0.0743,0.07423,0.07423,MRV,1514461500,2017-12-28 09:08:14.030665,0.0,0.0
580,580.0,580.0,580.0,580.0,580.0,580.0,0.07422,1,JordanManual,CCCAGG,0.07426,0.07422,0.07426,MRV,1514461680,2017-12-28 09:08:14.030665,0.0,0.0
581,581.0,581.0,581.0,581.0,581.0,581.0,0.07435,1,JordanManual,CCCAGG,0.07435,0.07421,0.07421,MRV,1514461860,2017-12-28 09:08:14.030665,0.0,0.0
582,582.0,582.0,582.0,582.0,582.0,582.0,0.07465,1,JordanManual,CCCAGG,0.07465,0.07436,0.07436,MRV,1514462040,2017-12-28 09:08:14.030665,0.0,0.0
583,583.0,583.0,583.0,583.0,583.0,583.0,0.07471,1,JordanManual,CCCAGG,0.07471,0.07459,0.07461,MRV,1514462220,2017-12-28 09:08:14.030665,0.0,0.0
584,584.0,584.0,584.0,584.0,584.0,584.0,0.07465,1,JordanManual,CCCAGG,0.0747,0.07465,0.0747,MRV,1514462400,2017-12-28 09:08:14.030665,0.0,0.0
585,585.0,585.0,585.0,585.0,585.0,585.0,0.07467,1,JordanManual,CCCAGG,0.07467,0.07452,0.07466,MRV,1514462580,2017-12-28 09:08:14.030665,0.0,0.0
586,586.0,586.0,586.0,586.0,586.0,586.0,0.07471,1,JordanManual,CCCAGG,0.07471,0.07462,0.07462,MRV,1514462760,2017-12-28 09:08:14.030665,0.0,0.0
587,587.0,587.0,587.0,587.0,587.0,587.0,0.07472,1,JordanManual,CCCAGG,0.07472,0.0747,0.0747,MRV,1514462940,2017-12-28 09:08:14.030665,0.06,0.004483
588,588.0,588.0,588.0,588.0,588.0,588.0,0.07477,1,JordanManual,CCCAGG,0.07477,0.07472,0.07472,MRV,1514463120,2017-12-28 09:08:14.030665,0.0,0.0
589,589.0,589.0,589.0,589.0,589.0,589.0,0.07466,1,JordanManual,CCCAGG,0.07472,0.07466,0.07472,MRV,1514463300,2017-12-28 09:08:14.030665,0.0,0.0
590,590.0,590.0,590.0,590.0,590.0,590.0,0.07436,1,JordanManual,CCCAGG,0.07446,0.07436,0.07446,MRV,1514463480,2017-12-28 09:08:14.030665,0.0,0.0
591,591.0,591.0,591.0,591.0,591.0,591.0,0.07445,1,JordanManual,CCCAGG,0.07449,0.07444,0.07449,MRV,1514463660,2017-12-28 09:08:14.030665,0.0,0.0
592,592.0,592.0,592.0,592.0,592.0,592.0,0.07464,1,JordanManual,CCCAGG,0.07464,0.07452,0.07452,MRV,1514463840,2017-12-28 09:08:14.030665,0.0,0.0
593,593.0,593.0,593.0,593.0,593.0,593.0,0.07478,1,JordanManual,CCCAGG,0.07478,0.07467,0.07467,MRV,1514464020,2017-12-28 09:08:14.030665,0.0,0.0
594,594.0,594.0,594.0,594.0,594.0,594.0,0.0747,1,JordanManual,CCCAGG,0.0748,0.0747,0.0748,MRV,1514464200,2017-12-28 09:08:14.030665,0.0,0.0
595,595.0,595.0,595.0,595.0,595.0,595.0,0.0745,1,JordanManual,CCCAGG,0.07462,0.0745,0.07462,MRV,1514464380,2017-12-28 09:08:14.030665,0.0,0.0
596,596.0,596.0,596.0,596.0,596.0,596.0,0.07453,1,JordanManual,CCCAGG,0.07453,0.07453,0.07453,MRV,1514464560,2017-12-28 09:08:14.030665,0.0,0.0
597,597.0,597.0,597.0,597.0,597.0,597.0,0.07453,1,JordanManual,CCCAGG,0.07453,0.07453,0.07453,MRV,1514464740,2017-12-28 09:08:14.030665,0.0,0.0
598,598.0,598.0,598.0,598.0,598.0,598.0,0.07453,1,JordanManual,CCCAGG,0.07453,0.07453,0.07453,MRV,1514464920,2017-12-28 09:08:14.030665,0.0,0.0
599,599.0,599.0,599.0,599.0,599.0,599.0,0.07559,1,JordanManual,CCCAGG,0.07559,0.07453,0.07453,MRV,1514465100,2017-12-28 09:08:14.030665,0.0,0.0
600,600.0,600.0,600.0,600.0,600.0,600.0,0.07595,1,JordanManual,CCCAGG,0.07595,0.07593,0.07593,MRV,1514465280,2017-12-28 09:08:14.030665,0.0,0.0
601,601.0,601.0,601.0,601.0,601.0,601.0,0.07603,1,JordanManual,CCCAGG,0.07603,0.07599,0.07601,MRV,1514465460,2017-12-28 09:08:14.030665,0.0,0.0
602,602.0,602.0,602.0,602.0,602.0,602.0,0.07547,1,JordanManual,CCCAGG,0.07547,0.07541,0.07541,MRV,1514465640,2017-12-28 09:08:14.030665,3.8,0.2866
603,603.0,603.0,603.0,603.0,603.0,603.0,0.07527,1,JordanManual,CCCAGG,0.07539,0.07509,0.07539,MRV,1514465820,2017-12-28 09:08:14.030665,0.0,0.0
604,604.0,604.0,604.0,604.0,604.0,604.0,0.07533,1,JordanManual,CCCAGG,0.07544,0.07531,0.07531,MRV,1514466000,2017-12-28 09:08:14.030665,0.0,0.0
605,605.0,605.0,605.0,605.0,605.0,605.0,0.07551,1,JordanManual,CCCAGG,0.07551,0.07536,0.07544,MRV,1514466180,2017-12-28 09:08:14.030665,0.0,0.0
606,606.0,606.0,606.0,606.0,606.0,606.0,0.07542,1,JordanManual,CCCAGG,0.07543,0.07541,0.07543,MRV,1514466360,2017-12-28 09:08:14.030665,0.0,0.0
607,607.0,607.0,607.0,607.0,607.0,607.0,0.07549,1,JordanManual,CCCAGG,0.07549,0.0754,0.0754,MRV,1514466540,2017-12-28 09:08:14.030665,0.0,0.0
608,608.0,608.0,608.0,608.0,608.0,608.0,0.07557,1,JordanManual,CCCAGG,0.07557,0.07552,0.07552,MRV,1514466720,2017-12-28 09:08:14.030665,0.0,0.0
609,609.0,609.0,609.0,609.0,609.0,609.0,0.07583,1,JordanManual,CCCAGG,0.07583,0.07561,0.07561,MRV,1514466900,2017-12-28 09:08:14.030665,0.0,0.0
610,610.0,610.0,610.0,610.0,610.0,610.0,0.07591,1,JordanManual,CCCAGG,0.07591,0.07585,0.07585,MRV,1514467080,2017-12-28 09:08:14.030665,0.0,0.0
611,611.0,611.0,611.0,611.0,611.0,611.0,0.07601,1,JordanManual,CCCAGG,0.07601,0.07581,0.07581,MRV,1514467260,2017-12-28 09:08:14.030665,0.0,0.0
612,612.0,612.0,612.0,612.0,612.0,612.0,0.0758,1,JordanManual,CCCAGG,0.07605,0.0758,0.07605,MRV,1514467440,2017-12-28 09:08:14.030665,0.0,0.0
613,613.0,613.0,613.0,613.0,613.0,613.0,0.07601,1,JordanManual,CCCAGG,0.07602,0.07587,0.07602,MRV,1514467620,2017-12-28 09:08:14.030665,0.0,0.0
614,614.0,614.0,614.0,614.0,614.0,614.0,0.076,1,JordanManual,CCCAGG,0.07617,0.076,0.07617,MRV,1514467800,2017-12-28 09:08:14.030665,0.0,0.0
615,615.0,615.0,615.0,615.0,615.0,615.0,0.07568,1,JordanManual,CCCAGG,0.07592,0.07568,0.07592,MRV,1514467980,2017-12-28 09:08:14.030665,0.0,0.0
616,616.0,616.0,616.0,616.0,616.0,616.0,0.07567,1,JordanManual,CCCAGG,0.07567,0.0755,0.0755,MRV,1514468160,2017-12-28 09:08:14.030665,0.0,0.0
617,617.0,617.0,617.0,617.0,617.0,617.0,0.07586,1,JordanManual,CCCAGG,0.07597,0.07578,0.07578,MRV,1514468340,2017-12-28 09:08:14.030665,0.0,0.0
618,618.0,618.0,618.0,618.0,618.0,618.0,0.07591,1,JordanManual,CCCAGG,0.07591,0.07582,0.07582,MRV,1514468520,2017-12-28 09:08:14.030665,0.0,0.0
619,619.0,619.0,619.0,619.0,619.0,619.0,0.07583,1,JordanManual,CCCAGG,0.07583,0.07582,0.07583,MRV,1514468700,2017-12-28 09:08:14.030665,1.73,0.1312
620,620.0,620.0,620.0,620.0,620.0,620.0,0.07575,1,JordanManual,CCCAGG,0.07585,0.07575,0.07583,MRV,1514468880,2017-12-28 09:08:14.030665,0.0,0.0
621,621.0,621.0,621.0,621.0,621.0,621.0,0.07574,1,JordanManual,CCCAGG,0.07577,0.07571,0.07571,MRV,1514469060,2017-12-28 09:08:14.030665,0.0,0.0
622,622.0,622.0,622.0,622.0,622.0,622.0,0.07573,1,JordanManual,CCCAGG,0.07582,0.0757,0.07582,MRV,1514469240,2017-12-28 09:08:14.030665,0.0,0.0
623,623.0,623.0,623.0,623.0,623.0,623.0,0.0758,1,JordanManual,CCCAGG,0.0758,0.07579,0.07579,MRV,1514469420,2017-12-28 09:08:14.030665,0.0,0.0
624,624.0,624.0,624.0,624.0,624.0,624.0,0.07562,1,JordanManual,CCCAGG,0.07569,0.07562,0.07569,MRV,1514469600,2017-12-28 09:08:14.030665,0.0,0.0
625,625.0,625.0,625.0,625.0,625.0,625.0,0.07552,1,JordanManual,CCCAGG,0.07553,0.07549,0.07553,MRV,1514469780,2017-12-28 09:08:14.030665,0.0,0.0
626,626.0,626.0,626.0,626.0,626.0,626.0,0.07523,1,JordanManual,CCCAGG,0.07551,0.07523,0.07551,MRV,1514469960,2017-12-28 09:08:14.030665,0.0,0.0
627,627.0,627.0,627.0,627.0,627.0,627.0,0.07473,1,JordanManual,CCCAGG,0.07491,0.07473,0.07491,MRV,1514470140,2017-12-28 09:08:14.030665,0.0,0.0
628,628.0,628.0,628.0,628.0,628.0,628.0,0.07558,1,JordanManual,CCCAGG,0.07558,0.07468,0.07468,MRV,1514470320,2017-12-28 09:08:14.030665,0.1,0.007558
629,629.0,629.0,629.0,629.0,629.0,629.0,0.0761,1,JordanManual,CCCAGG,0.0761,0.07558,0.07558,MRV,1514470500,2017-12-28 09:08:14.030665,0.0,0.0
630,630.0,630.0,630.0,630.0,630.0,630.0,0.07619,1,JordanManual,CCCAGG,0.07631,0.07605,0.07605,MRV,1514470680,2017-12-28 09:08:14.030665,0.0,0.0
631,631.0,631.0,631.0,631.0,631.0,631.0,0.07639,1,JordanManual,CCCAGG,0.07639,0.07621,0.07621,MRV,1514470860,2017-12-28 09:08:14.030665,0.0,0.0
632,632.0,632.0,632.0,632.0,632.0,632.0,0.07577,1,JordanManual,CCCAGG,0.07647,0.07577,0.07647,MRV,1514471040,2017-12-28 09:08:14.030665,92.59,7.02
633,633.0,633.0,633.0,633.0,633.0,633.0,0.07597,1,JordanManual,CCCAGG,0.07597,0.07594,0.07594,MRV,1514471220,2017-12-28 09:08:14.030665,0.0,0.0
634,634.0,634.0,634.0,634.0,634.0,634.0,0.07572,1,JordanManual,CCCAGG,0.07609,0.07572,0.07609,MRV,1514471400,2017-12-28 09:08:14.030665,0.0,0.0
635,635.0,635.0,635.0,635.0,635.0,635.0,0.07588,1,JordanManual,CCCAGG,0.07588,0.07575,0.07575,MRV,1514471580,2017-12-28 09:08:14.030665,0.0,0.0
636,636.0,636.0,636.0,636.0,636.0,636.0,0.07577,1,JordanManual,CCCAGG,0.07588,0.07577,0.07588,MRV,1514471760,2017-12-28 09:08:14.030665,0.0,0.0
637,637.0,637.0,637.0,637.0,637.0,637.0,0.07567,1,JordanManual,CCCAGG,0.07569,0.07564,0.07569,MRV,1514471940,2017-12-28 09:08:14.030665,0.0,0.0
638,638.0,638.0,638.0,638.0,638.0,638.0,0.07571,1,JordanManual,CCCAGG,0.07577,0.07571,0.07577,MRV,1514472120,2017-12-28 09:08:14.030665,1.14,0.08631
639,639.0,639.0,639.0,639.0,639.0,639.0,0.07566,1,JordanManual,CCCAGG,0.07566,0.07558,0.07566,MRV,1514472300,2017-12-28 09:08:14.030665,0.0,0.0
640,640.0,640.0,640.0,640.0,640.0,640.0,0.07594,1,JordanManual,CCCAGG,0.07594,0.07576,0.07576,MRV,1514472480,2017-12-28 09:08:14.030665,0.0,0.0
641,641.0,641.0,641.0,641.0,641.0,641.0,0.07639,1,JordanManual,CCCAGG,0.07639,0.07613,0.07613,MRV,1514472660,2017-12-28 09:08:14.030665,0.0,0.0
642,642.0,642.0,642.0,642.0,642.0,642.0,0.07665,1,JordanManual,CCCAGG,0.07666,0.07653,0.07666,MRV,1514472840,2017-12-28 09:08:14.030665,0.0,0.0
643,643.0,643.0,643.0,643.0,643.0,643.0,0.07655,1,JordanManual,CCCAGG,0.07664,0.07655,0.07664,MRV,1514473020,2017-12-28 09:08:14.030665,0.26,0.0199
644,644.0,644.0,644.0,644.0,644.0,644.0,0.07696,1,JordanManual,CCCAGG,0.07696,0.07658,0.07658,MRV,1514473200,2017-12-28 09:08:14.030665,0.0,0.0
645,645.0,645.0,645.0,645.0,645.0,645.0,0.0772,1,JordanManual,CCCAGG,0.0772,0.07719,0.0772,MRV,1514473380,2017-12-28 09:08:14.030665,0.0,0.0
646,646.0,646.0,646.0,646.0,646.0,646.0,0.07742,1,JordanManual,CCCAGG,0.07742,0.07729,0.07729,MRV,1514473560,2017-12-28 09:08:14.030665,0.0,0.0
647,647.0,647.0,647.0,647.0,647.0,647.0,0.07749,1,JordanManual,CCCAGG,0.07749,0.0773,0.0773,MRV,1514473740,2017-12-28 09:08:14.030665,0.0,0.0
648,648.0,648.0,648.0,648.0,648.0,648.0,0.0772,1,JordanManual,CCCAGG,0.0775,0.0772,0.0775,MRV,1514473920,2017-12-28 09:08:14.030665,0.0,0.0
649,649.0,649.0,649.0,649.0,649.0,649.0,0.07719,1,JordanManual,CCCAGG,0.0772,0.07708,0.07708,MRV,1514474100,2017-12-28 09:08:14.030665,0.0,0.0
650,650.0,650.0,650.0,650.0,650.0,650.0,0.07705,1,JordanManual,CCCAGG,0.07719,0.07705,0.07719,MRV,1514474280,2017-12-28 09:08:14.030665,0.0,0.0
651,651.0,651.0,651.0,651.0,651.0,651.0,0.07719,1,JordanManual,CCCAGG,0.07719,0.07689,0.07689,MRV,1514474460,2017-12-28 09:08:14.030665,0.0,0.0
652,652.0,652.0,652.0,652.0,652.0,652.0,0.07725,1,JordanManual,CCCAGG,0.07725,0.07725,0.07725,MRV,1514474640,2017-12-28 09:08:14.030665,0.16,0.0123625
653,653.0,653.0,653.0,653.0,653.0,653.0,0.07732,1,JordanManual,CCCAGG,0.0774,0.07732,0.07736,MRV,1514474820,2017-12-28 09:08:14.030665,0.0,0.0
654,654.0,654.0,654.0,654.0,654.0,654.0,0.07716,1,JordanManual,CCCAGG,0.07737,0.07716,0.07737,MRV,1514475000,2017-12-28 09:08:14.030665,0.0,0.0
655,655.0,655.0,655.0,655.0,655.0,655.0,0.07693,1,JordanManual,CCCAGG,0.07725,0.07693,0.07725,MRV,1514475180,2017-12-28 09:08:14.030665,0.0,0.0
656,656.0,656.0,656.0,656.0,656.0,656.0,0.07687,1,JordanManual,CCCAGG,0.07697,0.07687,0.07691,MRV,1514475360,2017-12-28 09:08:14.030665,0.0,0.0
657,657.0,657.0,657.0,657.0,657.0,657.0,0.07718,1,JordanManual,CCCAGG,0.07718,0.07687,0.07687,MRV,1514475540,2017-12-28 09:08:14.030665,15.56,1.2
658,658.0,658.0,658.0,658.0,658.0,658.0,0.07713,1,JordanManual,CCCAGG,0.07719,0.07707,0.07707,MRV,1514475720,2017-12-28 09:08:14.030665,0.0,0.0
659,659.0,659.0,659.0,659.0,659.0,659.0,0.07715,1,JordanManual,CCCAGG,0.07719,0.07715,0.07719,MRV,1514475900,2017-12-28 09:08:14.030665,0.0,0.0
660,660.0,660.0,660.0,660.0,660.0,660.0,0.07721,1,JordanManual,CCCAGG,0.07721,0.07716,0.07716,MRV,1514476080,2017-12-28 09:08:14.030665,0.0,0.0
661,661.0,661.0,661.0,661.0,661.0,661.0,0.07716,1,JordanManual,CCCAGG,0.07716,0.07706,0.07712,MRV,1514476260,2017-12-28 09:08:14.030665,0.0,0.0
662,662.0,662.0,662.0,662.0,662.0,662.0,0.07715,1,JordanManual,CCCAGG,0.07715,0.0771,0.0771,MRV,1514476440,2017-12-28 09:08:14.030665,0.0,0.0
663,663.0,663.0,663.0,663.0,663.0,663.0,0.07671,1,JordanManual,CCCAGG,0.07687,0.0767,0.07687,MRV,1514476620,2017-12-28 09:08:14.030665,0.0,0.0
664,664.0,664.0,664.0,664.0,664.0,664.0,0.07677,1,JordanManual,CCCAGG,0.07677,0.07668,0.07668,MRV,1514476800,2017-12-28 09:08:14.030665,1.92,0.1472
665,665.0,665.0,665.0,665.0,665.0,665.0,0.0764,1,JordanManual,CCCAGG,0.07669,0.0764,0.07669,MRV,1514476980,2017-12-28 09:08:14.030665,0.0,0.0
666,666.0,666.0,666.0,666.0,666.0,666.0,0.07652,1,JordanManual,CCCAGG,0.07639,0.07635,0.07635,MRV,1514477160,2017-12-28 09:08:14.030665,0.51,0.03894
667,667.0,667.0,667.0,667.0,667.0,,0.07642,1,JordanManual,CCCAGG,0.07651,0.07642,0.07651,MRV,1514477340,2017-12-28 09:12:34.458157,0.0,0.0
668,668.0,668.0,668.0,668.0,668.0,,0.0762,1,JordanManual,CCCAGG,0.0762,0.0762,0.0762,MRV,1514477520,2017-12-28 09:12:34.458157,0.0,0.0
669,669.0,669.0,669.0,669.0,,,0.07641,1,JordanManual,CCCAGG,0.07642,0.0764,0.0764,MRV,1514477700,2017-12-28 09:19:54.521243,0.0,0.0
670,670.0,670.0,670.0,670.0,,,0.07647,1,JordanManual,CCCAGG,0.07653,0.07641,0.07641,MRV,1514477880,2017-12-28 09:19:54.521243,0.0,0.0
671,671.0,671.0,671.0,,,,0.07695,1,JordanManual,CCCAGG,0.07697,0.0768,0.0768,MRV,1514478060,2017-12-28 09:27:35.591596,0.0,0.0
672,672.0,672.0,672.0,,,,0.07699,1,JordanManual,CCCAGG,0.077,0.07699,0.07699,MRV,1514478240,2017-12-28 09:27:35.591596,0.0,0.0
673,673.0,673.0,673.0,,,,0.07703,1,JordanManual,CCCAGG,0.07701,0.07701,0.07701,MRV,1514478420,2017-12-28 09:27:35.591596,0.0,0.0
674,674.0,674.0,,,,,0.07716,1,JordanManual,CCCAGG,0.07715,0.07715,0.07715,MRV,1514478600,2017-12-28 09:30:47.214216,0.0,0.0
675,675.0,,,,,,0.07732,1,JordanManual,CCCAGG,0.07732,0.07714,0.07714,MRV,1514478780,2017-12-28 09:49:31.348249,0.0,0.0
676,676.0,,,,,,0.07747,1,JordanManual,CCCAGG,0.07747,0.07733,0.07733,MRV,1514478960,2017-12-28 09:49:31.348249,0.0,0.0
677,677.0,,,,,,0.07775,1,JordanManual,CCCAGG,0.07775,0.07751,0.07751,MRV,1514479140,2017-12-28 09:49:31.348249,0.0,0.0
678,678.0,,,,,,0.07736,1,JordanManual,CCCAGG,0.07763,0.07736,0.07763,MRV,1514479320,2017-12-28 09:49:31.348249,0.0,0.0
679,679.0,,,,,,0.0765,1,JordanManual,CCCAGG,0.0767,0.0765,0.0767,MRV,1514479500,2017-12-28 09:49:31.348249,0.0,0.0
680,680.0,,,,,,0.07662,1,JordanManual,CCCAGG,0.07662,0.0766,0.0766,MRV,1514479680,2017-12-28 09:49:31.348249,0.0,0.0
681,,,,,,,0.07663,1,JordanManual,CCCAGG,0.0769,0.07663,0.0769,MRV,1514479860,2017-12-28 10:09:11.532119,2.78,0.213
682,,,,,,,0.0754,1,JordanManual,CCCAGG,0.07647,0.0754,0.07647,MRV,1514480040,2017-12-28 10:09:11.532119,0.0,0.0
683,,,,,,,0.07482,1,JordanManual,CCCAGG,0.07482,0.07458,0.07469,MRV,1514480220,2017-12-28 10:09:11.532119,0.0,0.0
684,,,,,,,0.0757,1,JordanManual,CCCAGG,0.0757,0.07516,0.07516,MRV,1514480400,2017-12-28 10:09:11.532119,0.0,0.0
685,,,,,,,0.07568,1,JordanManual,CCCAGG,0.07568,0.07555,0.07555,MRV,1514480580,2017-12-28 10:09:11.532119,1.24,0.09384
686,,,,,,,0.07566,1,JordanManual,CCCAGG,0.07567,0.07566,0.07566,MRV,1514480760,2017-12-28 10:09:11.532119,0.0,0.0
687,,,,,,,0.07567,1,JordanManual,CCCAGG,0.07566,0.07566,0.07566,MRV,1514480940,2017-12-28 10:09:11.532119,0.0,0.0
