Id,Id,Id.1,Id.1.1,Id.1.1.1,Id.1.1.1.1,Id.1.1.1.1.1,Id.1.1.1.1.1.1,close,coin_units,computer_name,exchange,high,low,open,symbol,time,timestamp_api_call,volumefrom,volumeto
0,0.0,0.0,0.0,0.0,0.0,0.0,0.0,8.08,1,JordanManual,CCCAGG,8.08,8.08,8.08,NEOS,1514357280,2017-12-28 09:08:10.302309,194.98,1575.44
1,1.0,1.0,1.0,1.0,1.0,1.0,1.0,8.08,1,JordanManual,CCCAGG,8.08,8.08,8.08,NEOS,1514357460,2017-12-28 09:08:10.302309,0.4215,3.4
2,2.0,2.0,2.0,2.0,2.0,2.0,2.0,8.38,1,JordanManual,CCCAGG,8.38,8.07,8.08,NEOS,1514357640,2017-12-28 09:08:10.302309,65.32,547.38
3,3.0,3.0,3.0,3.0,3.0,3.0,3.0,8.37,1,JordanManual,CCCAGG,8.37,8.26,8.37,NEOS,1514357820,2017-12-28 09:08:10.302309,7.94,66.46
4,4.0,4.0,4.0,4.0,4.0,4.0,4.0,8.38,1,JordanManual,CCCAGG,8.38,8.37,8.37,NEOS,1514358000,2017-12-28 09:08:10.302309,95.28,798.45
5,5.0,5.0,5.0,5.0,5.0,5.0,5.0,8.38,1,JordanManual,CCCAGG,8.38,8.38,8.38,NEOS,1514358180,2017-12-28 09:08:10.302309,155.78,1305.44
6,6.0,6.0,6.0,6.0,6.0,6.0,6.0,8.38,1,JordanManual,CCCAGG,8.39,8.38,8.39,NEOS,1514358360,2017-12-28 09:08:10.302309,0.0,0.0
7,7.0,7.0,7.0,7.0,7.0,7.0,7.0,8.38,1,JordanManual,CCCAGG,8.39,8.38,8.39,NEOS,1514358540,2017-12-28 09:08:10.302309,4.0,33.54
8,8.0,8.0,8.0,8.0,8.0,8.0,8.0,8.3,1,JordanManual,CCCAGG,8.36,8.3,8.36,NEOS,1514358720,2017-12-28 09:08:10.302309,0.0,0.0
9,9.0,9.0,9.0,9.0,9.0,9.0,9.0,8.29,1,JordanManual,CCCAGG,8.29,8.28,8.29,NEOS,1514358900,2017-12-28 09:08:10.302309,20.0,165.8
10,10.0,10.0,10.0,10.0,10.0,10.0,10.0,8.17,1,JordanManual,CCCAGG,8.17,8.16,8.17,NEOS,1514359080,2017-12-28 09:08:10.302309,716.62,5854.78
11,11.0,11.0,11.0,11.0,11.0,11.0,11.0,8.18,1,JordanManual,CCCAGG,8.18,8.18,8.18,NEOS,1514359260,2017-12-28 09:08:10.302309,0.733,6.0
12,12.0,12.0,12.0,12.0,12.0,12.0,12.0,8.19,1,JordanManual,CCCAGG,8.19,8.19,8.19,NEOS,1514359440,2017-12-28 09:08:10.302309,235.95,1932.43
13,13.0,13.0,13.0,13.0,13.0,13.0,13.0,8.05,1,JordanManual,CCCAGG,8.18,8.0,8.18,NEOS,1514359620,2017-12-28 09:08:10.302309,29.52,239.17
14,14.0,14.0,14.0,14.0,14.0,14.0,14.0,8.02,1,JordanManual,CCCAGG,8.05,8.02,8.05,NEOS,1514359800,2017-12-28 09:08:10.302309,18.57,149.49
15,15.0,15.0,15.0,15.0,15.0,15.0,15.0,8.09,1,JordanManual,CCCAGG,8.09,7.99,8.01,NEOS,1514359980,2017-12-28 09:08:10.302309,19.92,160.79
16,16.0,16.0,16.0,16.0,16.0,16.0,16.0,8.18,1,JordanManual,CCCAGG,8.18,8.1,8.1,NEOS,1514360160,2017-12-28 09:08:10.302309,454.8,3720.26
17,17.0,17.0,17.0,17.0,17.0,17.0,17.0,8.17,1,JordanManual,CCCAGG,8.17,8.15,8.17,NEOS,1514360340,2017-12-28 09:08:10.302309,0.2163,1.77
18,18.0,18.0,18.0,18.0,18.0,18.0,18.0,8.12,1,JordanManual,CCCAGG,8.17,8.11,8.17,NEOS,1514360520,2017-12-28 09:08:10.302309,71.66,582.5
19,19.0,19.0,19.0,19.0,19.0,19.0,19.0,8.11,1,JordanManual,CCCAGG,8.12,8.11,8.12,NEOS,1514360700,2017-12-28 09:08:10.302309,98.18,797.22
20,20.0,20.0,20.0,20.0,20.0,20.0,20.0,8.14,1,JordanManual,CCCAGG,8.14,8.12,8.12,NEOS,1514360880,2017-12-28 09:08:10.302309,107.2885,873.17
21,21.0,21.0,21.0,21.0,21.0,21.0,21.0,8.17,1,JordanManual,CCCAGG,8.17,8.14,8.14,NEOS,1514361060,2017-12-28 09:08:10.302309,0.0,0.0
22,22.0,22.0,22.0,22.0,22.0,22.0,22.0,8.18,1,JordanManual,CCCAGG,8.18,8.17,8.17,NEOS,1514361240,2017-12-28 09:08:10.302309,0.0,0.0
23,23.0,23.0,23.0,23.0,23.0,23.0,23.0,8.18,1,JordanManual,CCCAGG,8.18,8.18,8.18,NEOS,1514361420,2017-12-28 09:08:10.302309,1.2572,10.28
24,24.0,24.0,24.0,24.0,24.0,24.0,24.0,8.2,1,JordanManual,CCCAGG,8.2,8.11,8.2,NEOS,1514361600,2017-12-28 09:08:10.302309,10.62,86.88
25,25.0,25.0,25.0,25.0,25.0,25.0,25.0,8.18,1,JordanManual,CCCAGG,8.21,8.17,8.21,NEOS,1514361780,2017-12-28 09:08:10.302309,111.54,915.5
26,26.0,26.0,26.0,26.0,26.0,26.0,26.0,8.18,1,JordanManual,CCCAGG,8.19,8.18,8.19,NEOS,1514361960,2017-12-28 09:08:10.302309,20.4603,167.37
27,27.0,27.0,27.0,27.0,27.0,27.0,27.0,8.15,1,JordanManual,CCCAGG,8.19,8.15,8.19,NEOS,1514362140,2017-12-28 09:08:10.302309,81.82,668.39
28,28.0,28.0,28.0,28.0,28.0,28.0,28.0,8.14,1,JordanManual,CCCAGG,8.14,8.14,8.14,NEOS,1514362320,2017-12-28 09:08:10.302309,0.0,0.0
29,29.0,29.0,29.0,29.0,29.0,29.0,29.0,8.15,1,JordanManual,CCCAGG,8.15,8.13,8.13,NEOS,1514362500,2017-12-28 09:08:10.302309,0.0,0.0
30,30.0,30.0,30.0,30.0,30.0,30.0,30.0,8.15,1,JordanManual,CCCAGG,8.15,8.14,8.15,NEOS,1514362680,2017-12-28 09:08:10.302309,0.0,0.0
31,31.0,31.0,31.0,31.0,31.0,31.0,31.0,8.16,1,JordanManual,CCCAGG,8.16,8.16,8.16,NEOS,1514362860,2017-12-28 09:08:10.302309,10.05,82.01
32,32.0,32.0,32.0,32.0,32.0,32.0,32.0,8.19,1,JordanManual,CCCAGG,8.19,8.17,8.17,NEOS,1514363040,2017-12-28 09:08:10.302309,0.0,0.0
33,33.0,33.0,33.0,33.0,33.0,33.0,33.0,8.19,1,JordanManual,CCCAGG,8.19,8.19,8.19,NEOS,1514363220,2017-12-28 09:08:10.302309,1.97,16.13
34,34.0,34.0,34.0,34.0,34.0,34.0,34.0,8.19,1,JordanManual,CCCAGG,8.19,8.18,8.19,NEOS,1514363400,2017-12-28 09:08:10.302309,0.0,0.0
35,35.0,35.0,35.0,35.0,35.0,35.0,35.0,8.17,1,JordanManual,CCCAGG,8.18,8.17,8.18,NEOS,1514363580,2017-12-28 09:08:10.302309,177.75,1452.22
36,36.0,36.0,36.0,36.0,36.0,36.0,36.0,8.17,1,JordanManual,CCCAGG,8.17,8.17,8.17,NEOS,1514363760,2017-12-28 09:08:10.302309,0.0,0.0
37,37.0,37.0,37.0,37.0,37.0,37.0,37.0,8.18,1,JordanManual,CCCAGG,8.18,8.17,8.17,NEOS,1514363940,2017-12-28 09:08:10.302309,9.0,73.58
38,38.0,38.0,38.0,38.0,38.0,38.0,38.0,8.19,1,JordanManual,CCCAGG,8.19,8.18,8.18,NEOS,1514364120,2017-12-28 09:08:10.302309,0.0,0.0
39,39.0,39.0,39.0,39.0,39.0,39.0,39.0,8.18,1,JordanManual,CCCAGG,8.19,8.18,8.19,NEOS,1514364300,2017-12-28 09:08:10.302309,125.0,1022.5
40,40.0,40.0,40.0,40.0,40.0,40.0,40.0,8.17,1,JordanManual,CCCAGG,8.18,8.17,8.18,NEOS,1514364480,2017-12-28 09:08:10.302309,35.3316,289.01
41,41.0,41.0,41.0,41.0,41.0,41.0,41.0,8.16,1,JordanManual,CCCAGG,8.16,8.16,8.16,NEOS,1514364660,2017-12-28 09:08:10.302309,0.0,0.0
42,42.0,42.0,42.0,42.0,42.0,42.0,42.0,8.12,1,JordanManual,CCCAGG,8.15,8.12,8.15,NEOS,1514364840,2017-12-28 09:08:10.302309,0.2473,2.01
43,43.0,43.0,43.0,43.0,43.0,43.0,43.0,8.14,1,JordanManual,CCCAGG,8.14,8.11,8.12,NEOS,1514365020,2017-12-28 09:08:10.302309,17.57,143.02
44,44.0,44.0,44.0,44.0,44.0,44.0,44.0,8.12,1,JordanManual,CCCAGG,8.14,8.11,8.14,NEOS,1514365200,2017-12-28 09:08:10.302309,53.69,435.43
45,45.0,45.0,45.0,45.0,45.0,45.0,45.0,8.12,1,JordanManual,CCCAGG,8.13,8.12,8.13,NEOS,1514365380,2017-12-28 09:08:10.302309,0.2467,2.01
46,46.0,46.0,46.0,46.0,46.0,46.0,46.0,8.13,1,JordanManual,CCCAGG,8.13,8.12,8.12,NEOS,1514365560,2017-12-28 09:08:10.302309,185.82,1508.85
47,47.0,47.0,47.0,47.0,47.0,47.0,47.0,8.14,1,JordanManual,CCCAGG,8.14,8.13,8.13,NEOS,1514365740,2017-12-28 09:08:10.302309,73.11,594.4
48,48.0,48.0,48.0,48.0,48.0,48.0,48.0,8.16,1,JordanManual,CCCAGG,8.16,8.14,8.14,NEOS,1514365920,2017-12-28 09:08:10.302309,0.0,0.0
49,49.0,49.0,49.0,49.0,49.0,49.0,49.0,8.16,1,JordanManual,CCCAGG,8.17,8.15,8.17,NEOS,1514366100,2017-12-28 09:08:10.302309,277.01,2260.4
50,50.0,50.0,50.0,50.0,50.0,50.0,50.0,8.19,1,JordanManual,CCCAGG,8.19,8.14,8.14,NEOS,1514366280,2017-12-28 09:08:10.302309,82.379,674.67
51,51.0,51.0,51.0,51.0,51.0,51.0,51.0,8.2,1,JordanManual,CCCAGG,8.2,8.18,8.18,NEOS,1514366460,2017-12-28 09:08:10.302309,435.3926,3561.52
52,52.0,52.0,52.0,52.0,52.0,52.0,52.0,8.15,1,JordanManual,CCCAGG,8.18,8.15,8.18,NEOS,1514366640,2017-12-28 09:08:10.302309,179.28,1461.2
53,53.0,53.0,53.0,53.0,53.0,53.0,53.0,8.13,1,JordanManual,CCCAGG,8.15,8.13,8.14,NEOS,1514366820,2017-12-28 09:08:10.302309,28.68,233.63
54,54.0,54.0,54.0,54.0,54.0,54.0,54.0,8.2,1,JordanManual,CCCAGG,8.23,8.14,8.14,NEOS,1514367000,2017-12-28 09:08:10.302309,2511.16,20441.36
55,55.0,55.0,55.0,55.0,55.0,55.0,55.0,8.84,1,JordanManual,CCCAGG,8.86,8.19,8.19,NEOS,1514367180,2017-12-28 09:08:10.302309,1065.59,9301.07
56,56.0,56.0,56.0,56.0,56.0,56.0,56.0,8.78,1,JordanManual,CCCAGG,8.86,8.78,8.86,NEOS,1514367360,2017-12-28 09:08:10.302309,96.43,847.61
57,57.0,57.0,57.0,57.0,57.0,57.0,57.0,8.84,1,JordanManual,CCCAGG,8.84,8.81,8.81,NEOS,1514367540,2017-12-28 09:08:10.302309,600.58,5291.11
58,58.0,58.0,58.0,58.0,58.0,58.0,58.0,8.82,1,JordanManual,CCCAGG,8.83,8.82,8.82,NEOS,1514367720,2017-12-28 09:08:10.302309,0.2177,1.92
59,59.0,59.0,59.0,59.0,59.0,59.0,59.0,8.79,1,JordanManual,CCCAGG,8.8,8.79,8.8,NEOS,1514367900,2017-12-28 09:08:10.302309,12.21,107.33
60,60.0,60.0,60.0,60.0,60.0,60.0,60.0,8.79,1,JordanManual,CCCAGG,8.79,8.79,8.79,NEOS,1514368080,2017-12-28 09:08:10.302309,0.0,0.0
61,61.0,61.0,61.0,61.0,61.0,61.0,61.0,8.49,1,JordanManual,CCCAGG,8.79,8.49,8.79,NEOS,1514368260,2017-12-28 09:08:10.302309,80.41,701.61
62,62.0,62.0,62.0,62.0,62.0,62.0,62.0,8.59,1,JordanManual,CCCAGG,8.61,8.59,8.61,NEOS,1514368440,2017-12-28 09:08:10.302309,150.93,1296.49
63,63.0,63.0,63.0,63.0,63.0,63.0,63.0,8.61,1,JordanManual,CCCAGG,8.61,8.57,8.59,NEOS,1514368620,2017-12-28 09:08:10.302309,127.28,1095.11
64,64.0,64.0,64.0,64.0,64.0,64.0,64.0,8.5,1,JordanManual,CCCAGG,8.63,8.5,8.61,NEOS,1514368800,2017-12-28 09:08:10.302309,24.77,211.37
65,65.0,65.0,65.0,65.0,65.0,65.0,65.0,8.52,1,JordanManual,CCCAGG,8.52,8.5,8.5,NEOS,1514368980,2017-12-28 09:08:10.302309,204.69,1741.89
66,66.0,66.0,66.0,66.0,66.0,66.0,66.0,8.51,1,JordanManual,CCCAGG,8.52,8.51,8.52,NEOS,1514369160,2017-12-28 09:08:10.302309,137.78,1172.5
67,67.0,67.0,67.0,67.0,67.0,67.0,67.0,8.47,1,JordanManual,CCCAGG,8.51,8.47,8.51,NEOS,1514369340,2017-12-28 09:08:10.302309,15.81,134.54
68,68.0,68.0,68.0,68.0,68.0,68.0,68.0,8.26,1,JordanManual,CCCAGG,8.26,8.24,8.24,NEOS,1514369520,2017-12-28 09:08:10.302309,374.09,3082.5
69,69.0,69.0,69.0,69.0,69.0,69.0,69.0,8.25,1,JordanManual,CCCAGG,8.25,8.23,8.24,NEOS,1514369700,2017-12-28 09:08:10.302309,0.2361,1.95
70,70.0,70.0,70.0,70.0,70.0,70.0,70.0,8.25,1,JordanManual,CCCAGG,8.27,8.25,8.25,NEOS,1514369880,2017-12-28 09:08:10.302309,206.34,1706.43
71,71.0,71.0,71.0,71.0,71.0,71.0,71.0,8.34,1,JordanManual,CCCAGG,8.41,8.2,8.2,NEOS,1514370060,2017-12-28 09:08:10.302309,23.87,200.54
72,72.0,72.0,72.0,72.0,72.0,72.0,72.0,8.34,1,JordanManual,CCCAGG,8.35,8.34,8.34,NEOS,1514370240,2017-12-28 09:08:10.302309,0.0,0.0
73,73.0,73.0,73.0,73.0,73.0,73.0,73.0,8.26,1,JordanManual,CCCAGG,8.31,8.26,8.31,NEOS,1514370420,2017-12-28 09:08:10.302309,67.7638,559.74
74,74.0,74.0,74.0,74.0,74.0,74.0,74.0,8.28,1,JordanManual,CCCAGG,8.29,8.27,8.27,NEOS,1514370600,2017-12-28 09:08:10.302309,9.38,77.67
75,75.0,75.0,75.0,75.0,75.0,75.0,75.0,8.24,1,JordanManual,CCCAGG,8.28,8.2,8.28,NEOS,1514370780,2017-12-28 09:08:10.302309,0.2344,1.92
76,76.0,76.0,76.0,76.0,76.0,76.0,76.0,8.24,1,JordanManual,CCCAGG,8.28,8.24,8.26,NEOS,1514370960,2017-12-28 09:08:10.302309,5.72,47.36
77,77.0,77.0,77.0,77.0,77.0,77.0,77.0,8.28,1,JordanManual,CCCAGG,8.28,8.25,8.25,NEOS,1514371140,2017-12-28 09:08:10.302309,11.1671,92.15
78,78.0,78.0,78.0,78.0,78.0,78.0,78.0,8.27,1,JordanManual,CCCAGG,8.27,8.26,8.27,NEOS,1514371320,2017-12-28 09:08:10.302309,210.03,1735.01
79,79.0,79.0,79.0,79.0,79.0,79.0,79.0,8.27,1,JordanManual,CCCAGG,8.28,8.27,8.28,NEOS,1514371500,2017-12-28 09:08:10.302309,8.73,72.28
80,80.0,80.0,80.0,80.0,80.0,80.0,80.0,8.22,1,JordanManual,CCCAGG,8.25,8.22,8.25,NEOS,1514371680,2017-12-28 09:08:10.302309,326.56,2684.6
81,81.0,81.0,81.0,81.0,81.0,81.0,81.0,8.22,1,JordanManual,CCCAGG,8.23,8.22,8.23,NEOS,1514371860,2017-12-28 09:08:10.302309,6.8,55.96
82,82.0,82.0,82.0,82.0,82.0,82.0,82.0,8.22,1,JordanManual,CCCAGG,8.23,8.21,8.23,NEOS,1514372040,2017-12-28 09:08:10.302309,271.51,2231.81
83,83.0,83.0,83.0,83.0,83.0,83.0,83.0,8.26,1,JordanManual,CCCAGG,8.26,8.22,8.22,NEOS,1514372220,2017-12-28 09:08:10.302309,0.0,0.0
84,84.0,84.0,84.0,84.0,84.0,84.0,84.0,8.32,1,JordanManual,CCCAGG,8.32,8.29,8.29,NEOS,1514372400,2017-12-28 09:08:10.302309,0.0,0.0
85,85.0,85.0,85.0,85.0,85.0,85.0,85.0,8.31,1,JordanManual,CCCAGG,8.31,8.29,8.29,NEOS,1514372580,2017-12-28 09:08:10.302309,166.44,1381.45
86,86.0,86.0,86.0,86.0,86.0,86.0,86.0,8.29,1,JordanManual,CCCAGG,8.3,8.29,8.3,NEOS,1514372760,2017-12-28 09:08:10.302309,0.0,0.0
87,87.0,87.0,87.0,87.0,87.0,87.0,87.0,8.26,1,JordanManual,CCCAGG,8.28,8.26,8.28,NEOS,1514372940,2017-12-28 09:08:10.302309,18.17,150.26
88,88.0,88.0,88.0,88.0,88.0,88.0,88.0,8.29,1,JordanManual,CCCAGG,8.29,8.28,8.28,NEOS,1514373120,2017-12-28 09:08:10.302309,48.28,400.24
89,89.0,89.0,89.0,89.0,89.0,89.0,89.0,8.12,1,JordanManual,CCCAGG,8.3,8.11,8.3,NEOS,1514373300,2017-12-28 09:08:10.302309,557.41,4624.65
90,90.0,90.0,90.0,90.0,90.0,90.0,90.0,8.07,1,JordanManual,CCCAGG,8.13,8.07,8.13,NEOS,1514373480,2017-12-28 09:08:10.302309,8.97,72.5
91,91.0,91.0,91.0,91.0,91.0,91.0,91.0,8.06,1,JordanManual,CCCAGG,8.06,8.06,8.06,NEOS,1514373660,2017-12-28 09:08:10.302309,27.41,220.93
92,92.0,92.0,92.0,92.0,92.0,92.0,92.0,8.15,1,JordanManual,CCCAGG,8.17,8.15,8.17,NEOS,1514373840,2017-12-28 09:08:10.302309,14.68,119.68
93,93.0,93.0,93.0,93.0,93.0,93.0,93.0,8.2,1,JordanManual,CCCAGG,8.29,8.13,8.13,NEOS,1514374020,2017-12-28 09:08:10.302309,461.7,3755.96
94,94.0,94.0,94.0,94.0,94.0,94.0,94.0,8.19,1,JordanManual,CCCAGG,8.19,8.19,8.19,NEOS,1514374200,2017-12-28 09:08:10.302309,21.38,175.1
95,95.0,95.0,95.0,95.0,95.0,95.0,95.0,8.19,1,JordanManual,CCCAGG,8.21,8.19,8.19,NEOS,1514374380,2017-12-28 09:08:10.302309,8.15,66.75
96,96.0,96.0,96.0,96.0,96.0,96.0,96.0,8.22,1,JordanManual,CCCAGG,8.22,8.2,8.2,NEOS,1514374560,2017-12-28 09:08:10.302309,40.02,328.96
97,97.0,97.0,97.0,97.0,97.0,97.0,97.0,8.22,1,JordanManual,CCCAGG,8.23,8.22,8.23,NEOS,1514374740,2017-12-28 09:08:10.302309,0.0,0.0
98,98.0,98.0,98.0,98.0,98.0,98.0,98.0,8.23,1,JordanManual,CCCAGG,8.23,8.22,8.22,NEOS,1514374920,2017-12-28 09:08:10.302309,7.81,64.23
99,99.0,99.0,99.0,99.0,99.0,99.0,99.0,8.23,1,JordanManual,CCCAGG,8.23,8.23,8.23,NEOS,1514375100,2017-12-28 09:08:10.302309,0.0,0.0
100,100.0,100.0,100.0,100.0,100.0,100.0,100.0,8.23,1,JordanManual,CCCAGG,8.24,8.23,8.24,NEOS,1514375280,2017-12-28 09:08:10.302309,60.0,494.4
101,101.0,101.0,101.0,101.0,101.0,101.0,101.0,8.22,1,JordanManual,CCCAGG,8.22,8.22,8.22,NEOS,1514375460,2017-12-28 09:08:10.302309,0.0,0.0
102,102.0,102.0,102.0,102.0,102.0,102.0,102.0,8.21,1,JordanManual,CCCAGG,8.21,8.2,8.21,NEOS,1514375640,2017-12-28 09:08:10.302309,432.85,3550.03
103,103.0,103.0,103.0,103.0,103.0,103.0,103.0,8.21,1,JordanManual,CCCAGG,8.22,8.21,8.22,NEOS,1514375820,2017-12-28 09:08:10.302309,51.0,419.21
104,104.0,104.0,104.0,104.0,104.0,104.0,104.0,8.23,1,JordanManual,CCCAGG,8.23,8.22,8.22,NEOS,1514376000,2017-12-28 09:08:10.302309,166.73,1370.52
105,105.0,105.0,105.0,105.0,105.0,105.0,105.0,8.25,1,JordanManual,CCCAGG,8.25,8.24,8.24,NEOS,1514376180,2017-12-28 09:08:10.302309,344.69,2842.52
106,106.0,106.0,106.0,106.0,106.0,106.0,106.0,8.41,1,JordanManual,CCCAGG,8.41,8.26,8.26,NEOS,1514376360,2017-12-28 09:08:10.302309,33.9754,280.67
107,107.0,107.0,107.0,107.0,107.0,107.0,107.0,8.43,1,JordanManual,CCCAGG,8.43,8.41,8.41,NEOS,1514376540,2017-12-28 09:08:10.302309,195.55,1646.7
108,108.0,108.0,108.0,108.0,108.0,108.0,108.0,8.29,1,JordanManual,CCCAGG,8.39,8.29,8.39,NEOS,1514376720,2017-12-28 09:08:10.302309,585.27,4895.06
109,109.0,109.0,109.0,109.0,109.0,109.0,109.0,8.27,1,JordanManual,CCCAGG,8.29,8.27,8.29,NEOS,1514376900,2017-12-28 09:08:10.302309,94.21,781.0
110,110.0,110.0,110.0,110.0,110.0,110.0,110.0,8.28,1,JordanManual,CCCAGG,8.29,8.28,8.29,NEOS,1514377080,2017-12-28 09:08:10.302309,16.75,138.76
111,111.0,111.0,111.0,111.0,111.0,111.0,111.0,8.24,1,JordanManual,CCCAGG,8.24,8.09,8.09,NEOS,1514377260,2017-12-28 09:08:10.302309,23.9,196.7
112,112.0,112.0,112.0,112.0,112.0,112.0,112.0,8.4,1,JordanManual,CCCAGG,8.41,8.4,8.4,NEOS,1514377440,2017-12-28 09:08:10.302309,174.29,1464.04
113,113.0,113.0,113.0,113.0,113.0,113.0,113.0,8.39,1,JordanManual,CCCAGG,8.41,8.39,8.41,NEOS,1514377620,2017-12-28 09:08:10.302309,22.71,190.77
114,114.0,114.0,114.0,114.0,114.0,114.0,114.0,8.41,1,JordanManual,CCCAGG,8.41,8.4,8.4,NEOS,1514377800,2017-12-28 09:08:10.302309,231.12,1943.65
115,115.0,115.0,115.0,115.0,115.0,115.0,115.0,8.44,1,JordanManual,CCCAGG,8.44,8.41,8.41,NEOS,1514377980,2017-12-28 09:08:10.302309,39.53,333.27
116,116.0,116.0,116.0,116.0,116.0,116.0,116.0,8.39,1,JordanManual,CCCAGG,8.43,8.39,8.43,NEOS,1514378160,2017-12-28 09:08:10.302309,0.0,0.0
117,117.0,117.0,117.0,117.0,117.0,117.0,117.0,8.38,1,JordanManual,CCCAGG,8.39,8.38,8.39,NEOS,1514378340,2017-12-28 09:08:10.302309,0.0,0.0
118,118.0,118.0,118.0,118.0,118.0,118.0,118.0,8.37,1,JordanManual,CCCAGG,8.37,8.36,8.37,NEOS,1514378520,2017-12-28 09:08:10.302309,0.0,0.0
119,119.0,119.0,119.0,119.0,119.0,119.0,119.0,8.37,1,JordanManual,CCCAGG,8.38,8.37,8.37,NEOS,1514378700,2017-12-28 09:08:10.302309,2.81,23.52
120,120.0,120.0,120.0,120.0,120.0,120.0,120.0,8.14,1,JordanManual,CCCAGG,8.39,8.14,8.38,NEOS,1514378880,2017-12-28 09:08:10.302309,3.4903,29.15
121,121.0,121.0,121.0,121.0,121.0,121.0,121.0,8.14,1,JordanManual,CCCAGG,8.14,8.14,8.14,NEOS,1514379060,2017-12-28 09:08:10.302309,5.91,48.11
122,122.0,122.0,122.0,122.0,122.0,122.0,122.0,8.15,1,JordanManual,CCCAGG,8.15,8.14,8.14,NEOS,1514379240,2017-12-28 09:08:10.302309,0.0,0.0
123,123.0,123.0,123.0,123.0,123.0,123.0,123.0,8.17,1,JordanManual,CCCAGG,8.17,8.15,8.15,NEOS,1514379420,2017-12-28 09:08:10.302309,0.0,0.0
124,124.0,124.0,124.0,124.0,124.0,124.0,124.0,8.3,1,JordanManual,CCCAGG,8.31,8.25,8.25,NEOS,1514379600,2017-12-28 09:08:10.302309,3.97,32.97
125,125.0,125.0,125.0,125.0,125.0,125.0,125.0,8.31,1,JordanManual,CCCAGG,8.32,8.31,8.31,NEOS,1514379780,2017-12-28 09:08:10.302309,0.0,0.0
126,126.0,126.0,126.0,126.0,126.0,126.0,126.0,8.26,1,JordanManual,CCCAGG,8.3,8.26,8.3,NEOS,1514379960,2017-12-28 09:08:10.302309,0.0,0.0
127,127.0,127.0,127.0,127.0,127.0,127.0,127.0,8.21,1,JordanManual,CCCAGG,8.24,8.2,8.24,NEOS,1514380140,2017-12-28 09:08:10.302309,37.62,309.11
128,128.0,128.0,128.0,128.0,128.0,128.0,128.0,8.21,1,JordanManual,CCCAGG,8.21,8.21,8.21,NEOS,1514380320,2017-12-28 09:08:10.302309,366.53,3009.21
129,129.0,129.0,129.0,129.0,129.0,129.0,129.0,8.15,1,JordanManual,CCCAGG,8.21,8.15,8.21,NEOS,1514380500,2017-12-28 09:08:10.302309,9.31,75.88
130,130.0,130.0,130.0,130.0,130.0,130.0,130.0,8.05,1,JordanManual,CCCAGG,8.18,8.05,8.18,NEOS,1514380680,2017-12-28 09:08:10.302309,21.92,176.91
131,131.0,131.0,131.0,131.0,131.0,131.0,131.0,8.09,1,JordanManual,CCCAGG,8.09,8.06,8.06,NEOS,1514380860,2017-12-28 09:08:10.302309,5.54,44.65
132,132.0,132.0,132.0,132.0,132.0,132.0,132.0,8.1,1,JordanManual,CCCAGG,8.11,8.1,8.1,NEOS,1514381040,2017-12-28 09:08:10.302309,458.32,3712.39
133,133.0,133.0,133.0,133.0,133.0,133.0,133.0,8.11,1,JordanManual,CCCAGG,8.11,8.1,8.11,NEOS,1514381220,2017-12-28 09:08:10.302309,0.0,0.0
134,134.0,134.0,134.0,134.0,134.0,134.0,134.0,8.12,1,JordanManual,CCCAGG,8.12,8.11,8.11,NEOS,1514381400,2017-12-28 09:08:10.302309,2.92,23.68
135,135.0,135.0,135.0,135.0,135.0,135.0,135.0,8.12,1,JordanManual,CCCAGG,8.12,8.12,8.12,NEOS,1514381580,2017-12-28 09:08:10.302309,16.49,133.9
136,136.0,136.0,136.0,136.0,136.0,136.0,136.0,8.11,1,JordanManual,CCCAGG,8.13,8.11,8.13,NEOS,1514381760,2017-12-28 09:08:10.302309,3.91,31.75
137,137.0,137.0,137.0,137.0,137.0,137.0,137.0,8.18,1,JordanManual,CCCAGG,8.18,8.11,8.11,NEOS,1514381940,2017-12-28 09:08:10.302309,18.15,148.47
138,138.0,138.0,138.0,138.0,138.0,138.0,138.0,8.19,1,JordanManual,CCCAGG,8.19,8.18,8.18,NEOS,1514382120,2017-12-28 09:08:10.302309,3.92,32.1
139,139.0,139.0,139.0,139.0,139.0,139.0,139.0,8.21,1,JordanManual,CCCAGG,8.21,8.19,8.19,NEOS,1514382300,2017-12-28 09:08:10.302309,0.0,0.0
140,140.0,140.0,140.0,140.0,140.0,140.0,140.0,8.21,1,JordanManual,CCCAGG,8.21,8.2,8.2,NEOS,1514382480,2017-12-28 09:08:10.302309,23.16,189.91
141,141.0,141.0,141.0,141.0,141.0,141.0,141.0,8.23,1,JordanManual,CCCAGG,8.23,8.21,8.22,NEOS,1514382660,2017-12-28 09:08:10.302309,0.0,0.0
142,142.0,142.0,142.0,142.0,142.0,142.0,142.0,8.23,1,JordanManual,CCCAGG,8.23,8.23,8.23,NEOS,1514382840,2017-12-28 09:08:10.302309,13.34,109.79
143,143.0,143.0,143.0,143.0,143.0,143.0,143.0,8.18,1,JordanManual,CCCAGG,8.26,8.18,8.26,NEOS,1514383020,2017-12-28 09:08:10.302309,59.15,484.49
144,144.0,144.0,144.0,144.0,144.0,144.0,144.0,8.19,1,JordanManual,CCCAGG,8.19,8.19,8.19,NEOS,1514383200,2017-12-28 09:08:10.302309,20.43,167.33
145,145.0,145.0,145.0,145.0,145.0,145.0,145.0,8.23,1,JordanManual,CCCAGG,8.24,8.19,8.19,NEOS,1514383380,2017-12-28 09:08:10.302309,13.78,113.55
146,146.0,146.0,146.0,146.0,146.0,146.0,146.0,8.21,1,JordanManual,CCCAGG,8.22,8.21,8.22,NEOS,1514383560,2017-12-28 09:08:10.302309,5.34,43.84
147,147.0,147.0,147.0,147.0,147.0,147.0,147.0,8.18,1,JordanManual,CCCAGG,8.2,8.17,8.2,NEOS,1514383740,2017-12-28 09:08:10.302309,23.52,192.39
148,148.0,148.0,148.0,148.0,148.0,148.0,148.0,8.12,1,JordanManual,CCCAGG,8.17,8.11,8.17,NEOS,1514383920,2017-12-28 09:08:10.302309,87.12,706.65
149,149.0,149.0,149.0,149.0,149.0,149.0,149.0,8.19,1,JordanManual,CCCAGG,8.19,8.13,8.13,NEOS,1514384100,2017-12-28 09:08:10.302309,540.0,4411.94
150,150.0,150.0,150.0,150.0,150.0,150.0,150.0,8.36,1,JordanManual,CCCAGG,8.36,8.2,8.2,NEOS,1514384280,2017-12-28 09:08:10.302309,58.7772,489.11
151,151.0,151.0,151.0,151.0,151.0,151.0,151.0,8.35,1,JordanManual,CCCAGG,8.36,8.35,8.36,NEOS,1514384460,2017-12-28 09:08:10.302309,4.0,33.4
152,152.0,152.0,152.0,152.0,152.0,152.0,152.0,8.36,1,JordanManual,CCCAGG,8.36,8.36,8.36,NEOS,1514384640,2017-12-28 09:08:10.302309,61.85,517.07
153,153.0,153.0,153.0,153.0,153.0,153.0,153.0,8.36,1,JordanManual,CCCAGG,8.36,8.35,8.36,NEOS,1514384820,2017-12-28 09:08:10.302309,181.61,1518.24
154,154.0,154.0,154.0,154.0,154.0,154.0,154.0,8.33,1,JordanManual,CCCAGG,8.34,8.33,8.34,NEOS,1514385000,2017-12-28 09:08:10.302309,179.18,1494.36
155,155.0,155.0,155.0,155.0,155.0,155.0,155.0,8.21,1,JordanManual,CCCAGG,8.29,8.21,8.24,NEOS,1514385180,2017-12-28 09:08:10.302309,206.83,1704.28
156,156.0,156.0,156.0,156.0,156.0,156.0,156.0,8.24,1,JordanManual,CCCAGG,8.27,8.2,8.2,NEOS,1514385360,2017-12-28 09:08:10.302309,57.14,471.56
157,157.0,157.0,157.0,157.0,157.0,157.0,157.0,8.2,1,JordanManual,CCCAGG,8.23,8.16,8.2,NEOS,1514385540,2017-12-28 09:08:10.302309,445.17,3649.77
158,158.0,158.0,158.0,158.0,158.0,158.0,158.0,8.32,1,JordanManual,CCCAGG,8.33,8.27,8.31,NEOS,1514385720,2017-12-28 09:08:10.302309,1464.85,12164.31
159,159.0,159.0,159.0,159.0,159.0,159.0,159.0,8.17,1,JordanManual,CCCAGG,8.31,8.14,8.31,NEOS,1514385900,2017-12-28 09:08:10.302309,33.65,274.58
160,160.0,160.0,160.0,160.0,160.0,160.0,160.0,8.18,1,JordanManual,CCCAGG,8.19,8.18,8.19,NEOS,1514386080,2017-12-28 09:08:10.302309,7.12,58.24
161,161.0,161.0,161.0,161.0,161.0,161.0,161.0,8.15,1,JordanManual,CCCAGG,8.15,8.13,8.15,NEOS,1514386260,2017-12-28 09:08:10.302309,180.6139,1472.0
162,162.0,162.0,162.0,162.0,162.0,162.0,162.0,8.16,1,JordanManual,CCCAGG,8.16,8.14,8.16,NEOS,1514386440,2017-12-28 09:08:10.302309,875.32,7134.61
163,163.0,163.0,163.0,163.0,163.0,163.0,163.0,8.16,1,JordanManual,CCCAGG,8.18,8.16,8.18,NEOS,1514386620,2017-12-28 09:08:10.302309,406.52,3325.33
164,164.0,164.0,164.0,164.0,164.0,164.0,164.0,8.35,1,JordanManual,CCCAGG,8.36,8.14,8.14,NEOS,1514386800,2017-12-28 09:08:10.302309,102.51,842.5
165,165.0,165.0,165.0,165.0,165.0,165.0,165.0,8.29,1,JordanManual,CCCAGG,8.33,8.29,8.33,NEOS,1514386980,2017-12-28 09:08:10.302309,0.0,0.0
166,166.0,166.0,166.0,166.0,166.0,166.0,166.0,8.34,1,JordanManual,CCCAGG,8.34,8.3,8.3,NEOS,1514387160,2017-12-28 09:08:10.302309,11.1,92.35
167,167.0,167.0,167.0,167.0,167.0,167.0,167.0,8.34,1,JordanManual,CCCAGG,8.34,8.31,8.31,NEOS,1514387340,2017-12-28 09:08:10.302309,682.99,5676.15
168,168.0,168.0,168.0,168.0,168.0,168.0,168.0,8.32,1,JordanManual,CCCAGG,8.33,8.32,8.33,NEOS,1514387520,2017-12-28 09:08:10.302309,41.44,344.78
169,169.0,169.0,169.0,169.0,169.0,169.0,169.0,8.27,1,JordanManual,CCCAGG,8.27,8.14,8.18,NEOS,1514387700,2017-12-28 09:08:10.302309,463.82,3799.7
170,170.0,170.0,170.0,170.0,170.0,170.0,170.0,8.27,1,JordanManual,CCCAGG,8.27,8.25,8.25,NEOS,1514387880,2017-12-28 09:08:10.302309,383.54,3169.08
171,171.0,171.0,171.0,171.0,171.0,171.0,171.0,8.26,1,JordanManual,CCCAGG,8.28,8.26,8.28,NEOS,1514388060,2017-12-28 09:08:10.302309,18.97,156.69
172,172.0,172.0,172.0,172.0,172.0,172.0,172.0,8.3,1,JordanManual,CCCAGG,8.3,8.27,8.27,NEOS,1514388240,2017-12-28 09:08:10.302309,813.0,6746.88
173,173.0,173.0,173.0,173.0,173.0,173.0,173.0,8.32,1,JordanManual,CCCAGG,8.33,8.31,8.31,NEOS,1514388420,2017-12-28 09:08:10.302309,19.82,164.9
174,174.0,174.0,174.0,174.0,174.0,174.0,174.0,8.29,1,JordanManual,CCCAGG,8.35,8.29,8.35,NEOS,1514388600,2017-12-28 09:08:10.302309,3305.32,27568.91
175,175.0,175.0,175.0,175.0,175.0,175.0,175.0,8.34,1,JordanManual,CCCAGG,8.35,8.32,8.32,NEOS,1514388780,2017-12-28 09:08:10.302309,856.43,7126.92
176,176.0,176.0,176.0,176.0,176.0,176.0,176.0,8.19,1,JordanManual,CCCAGG,8.22,8.19,8.22,NEOS,1514388960,2017-12-28 09:08:10.302309,107.82,885.48
177,177.0,177.0,177.0,177.0,177.0,177.0,177.0,8.19,1,JordanManual,CCCAGG,8.2,8.19,8.2,NEOS,1514389140,2017-12-28 09:08:10.302309,81.56,668.48
178,178.0,178.0,178.0,178.0,178.0,178.0,178.0,8.18,1,JordanManual,CCCAGG,8.18,8.16,8.18,NEOS,1514389320,2017-12-28 09:08:10.302309,32.42,265.0
179,179.0,179.0,179.0,179.0,179.0,179.0,179.0,8.05,1,JordanManual,CCCAGG,8.17,8.04,8.17,NEOS,1514389500,2017-12-28 09:08:10.302309,86.85,699.32
180,180.0,180.0,180.0,180.0,180.0,180.0,180.0,8.08,1,JordanManual,CCCAGG,8.08,8.06,8.06,NEOS,1514389680,2017-12-28 09:08:10.302309,6.9,55.75
181,181.0,181.0,181.0,181.0,181.0,181.0,181.0,8.08,1,JordanManual,CCCAGG,8.08,8.06,8.06,NEOS,1514389860,2017-12-28 09:08:10.302309,14.07,113.4
182,182.0,182.0,182.0,182.0,182.0,182.0,182.0,8.07,1,JordanManual,CCCAGG,8.08,8.07,8.08,NEOS,1514390040,2017-12-28 09:08:10.302309,161.03,1301.12
183,183.0,183.0,183.0,183.0,183.0,183.0,183.0,8.08,1,JordanManual,CCCAGG,8.08,8.07,8.07,NEOS,1514390220,2017-12-28 09:08:10.302309,72.26,583.16
184,184.0,184.0,184.0,184.0,184.0,184.0,184.0,8.11,1,JordanManual,CCCAGG,8.11,8.08,8.08,NEOS,1514390400,2017-12-28 09:08:10.302309,146.81,1189.02
185,185.0,185.0,185.0,185.0,185.0,185.0,185.0,8.13,1,JordanManual,CCCAGG,8.13,8.12,8.12,NEOS,1514390580,2017-12-28 09:08:10.302309,24.71,200.79
186,186.0,186.0,186.0,186.0,186.0,186.0,186.0,8.12,1,JordanManual,CCCAGG,8.13,8.11,8.13,NEOS,1514390760,2017-12-28 09:08:10.302309,9.5,77.14
187,187.0,187.0,187.0,187.0,187.0,187.0,187.0,8.09,1,JordanManual,CCCAGG,8.1,8.09,8.1,NEOS,1514390940,2017-12-28 09:08:10.302309,27.1,219.49
188,188.0,188.0,188.0,188.0,188.0,188.0,188.0,8.07,1,JordanManual,CCCAGG,8.09,8.07,8.09,NEOS,1514391120,2017-12-28 09:08:10.302309,33.05,267.05
189,189.0,189.0,189.0,189.0,189.0,189.0,189.0,8.07,1,JordanManual,CCCAGG,8.07,8.06,8.07,NEOS,1514391300,2017-12-28 09:08:10.302309,34.96,282.14
190,190.0,190.0,190.0,190.0,190.0,190.0,190.0,8.04,1,JordanManual,CCCAGG,8.07,8.04,8.07,NEOS,1514391480,2017-12-28 09:08:10.302309,24.91,200.27
191,191.0,191.0,191.0,191.0,191.0,191.0,191.0,8.08,1,JordanManual,CCCAGG,8.08,8.05,8.05,NEOS,1514391660,2017-12-28 09:08:10.302309,56.0,452.48
192,192.0,192.0,192.0,192.0,192.0,192.0,192.0,8.09,1,JordanManual,CCCAGG,8.09,8.07,8.07,NEOS,1514391840,2017-12-28 09:08:10.302309,95.99,776.56
193,193.0,193.0,193.0,193.0,193.0,193.0,193.0,8.01,1,JordanManual,CCCAGG,8.04,8.01,8.04,NEOS,1514392020,2017-12-28 09:08:10.302309,65.62,525.82
194,194.0,194.0,194.0,194.0,194.0,194.0,194.0,7.94,1,JordanManual,CCCAGG,7.98,7.94,7.98,NEOS,1514392200,2017-12-28 09:08:10.302309,23.02,182.82
195,195.0,195.0,195.0,195.0,195.0,195.0,195.0,7.82,1,JordanManual,CCCAGG,7.93,7.82,7.93,NEOS,1514392380,2017-12-28 09:08:10.302309,16.43,130.29
196,196.0,196.0,196.0,196.0,196.0,196.0,196.0,7.79,1,JordanManual,CCCAGG,7.83,7.79,7.83,NEOS,1514392560,2017-12-28 09:08:10.302309,34.63,270.9
197,197.0,197.0,197.0,197.0,197.0,197.0,197.0,7.79,1,JordanManual,CCCAGG,7.81,7.77,7.77,NEOS,1514392740,2017-12-28 09:08:10.302309,954.87,7443.72
198,198.0,198.0,198.0,198.0,198.0,198.0,198.0,7.71,1,JordanManual,CCCAGG,7.75,7.58,7.72,NEOS,1514392920,2017-12-28 09:08:10.302309,100.8737,773.17
199,199.0,199.0,199.0,199.0,199.0,199.0,199.0,7.69,1,JordanManual,CCCAGG,7.69,7.68,7.68,NEOS,1514393100,2017-12-28 09:08:10.302309,110.19,846.29
200,200.0,200.0,200.0,200.0,200.0,200.0,200.0,7.7,1,JordanManual,CCCAGG,7.71,7.7,7.71,NEOS,1514393280,2017-12-28 09:08:10.302309,18.85,145.18
201,201.0,201.0,201.0,201.0,201.0,201.0,201.0,7.66,1,JordanManual,CCCAGG,7.71,7.66,7.71,NEOS,1514393460,2017-12-28 09:08:10.302309,2.62,20.18
202,202.0,202.0,202.0,202.0,202.0,202.0,202.0,7.61,1,JordanManual,CCCAGG,7.66,7.61,7.66,NEOS,1514393640,2017-12-28 09:08:10.302309,13.42,102.13
203,203.0,203.0,203.0,203.0,203.0,203.0,203.0,7.7,1,JordanManual,CCCAGG,7.72,7.62,7.64,NEOS,1514393820,2017-12-28 09:08:10.302309,139.86,1076.36
204,204.0,204.0,204.0,204.0,204.0,204.0,204.0,7.65,1,JordanManual,CCCAGG,7.69,7.65,7.69,NEOS,1514394000,2017-12-28 09:08:10.302309,173.76,1334.39
205,205.0,205.0,205.0,205.0,205.0,205.0,205.0,7.6,1,JordanManual,CCCAGG,7.62,7.52,7.52,NEOS,1514394180,2017-12-28 09:08:10.302309,42.28,320.11
206,206.0,206.0,206.0,206.0,206.0,206.0,206.0,7.63,1,JordanManual,CCCAGG,7.63,7.56,7.56,NEOS,1514394360,2017-12-28 09:08:10.302309,16.77,127.09
207,207.0,207.0,207.0,207.0,207.0,207.0,207.0,7.69,1,JordanManual,CCCAGG,7.69,7.63,7.63,NEOS,1514394540,2017-12-28 09:08:10.302309,155.62,1190.76
208,208.0,208.0,208.0,208.0,208.0,208.0,208.0,7.68,1,JordanManual,CCCAGG,7.71,7.68,7.7,NEOS,1514394720,2017-12-28 09:08:10.302309,0.0,0.0
209,209.0,209.0,209.0,209.0,209.0,209.0,209.0,7.48,1,JordanManual,CCCAGG,7.68,7.48,7.67,NEOS,1514394900,2017-12-28 09:08:10.302309,90.25,687.52
210,210.0,210.0,210.0,210.0,210.0,210.0,210.0,7.68,1,JordanManual,CCCAGG,7.68,7.49,7.49,NEOS,1514395080,2017-12-28 09:08:10.302309,86.37,661.67
211,211.0,211.0,211.0,211.0,211.0,211.0,211.0,7.46,1,JordanManual,CCCAGG,7.68,7.45,7.68,NEOS,1514395260,2017-12-28 09:08:10.302309,1861.55,13893.31
212,212.0,212.0,212.0,212.0,212.0,212.0,212.0,7.62,1,JordanManual,CCCAGG,7.62,7.41,7.41,NEOS,1514395440,2017-12-28 09:08:10.302309,546.19,4154.11
213,213.0,213.0,213.0,213.0,213.0,213.0,213.0,7.68,1,JordanManual,CCCAGG,7.68,7.64,7.64,NEOS,1514395620,2017-12-28 09:08:10.302309,181.03,1385.56
214,214.0,214.0,214.0,214.0,214.0,214.0,214.0,7.62,1,JordanManual,CCCAGG,7.69,7.61,7.69,NEOS,1514395800,2017-12-28 09:08:10.302309,58.73,447.5
215,215.0,215.0,215.0,215.0,215.0,215.0,215.0,7.64,1,JordanManual,CCCAGG,7.64,7.63,7.64,NEOS,1514395980,2017-12-28 09:08:10.302309,97.84,747.5
216,216.0,216.0,216.0,216.0,216.0,216.0,216.0,7.54,1,JordanManual,CCCAGG,7.67,7.54,7.65,NEOS,1514396160,2017-12-28 09:08:10.302309,343.04,2590.36
217,217.0,217.0,217.0,217.0,217.0,217.0,217.0,7.57,1,JordanManual,CCCAGG,7.57,7.54,7.54,NEOS,1514396340,2017-12-28 09:08:10.302309,2.8787,21.73
218,218.0,218.0,218.0,218.0,218.0,218.0,218.0,7.61,1,JordanManual,CCCAGG,7.68,7.56,7.56,NEOS,1514396520,2017-12-28 09:08:10.302309,66.87,511.58
219,219.0,219.0,219.0,219.0,219.0,219.0,219.0,7.53,1,JordanManual,CCCAGG,7.63,7.53,7.6,NEOS,1514396700,2017-12-28 09:08:10.302309,36.93,278.72
220,220.0,220.0,220.0,220.0,220.0,220.0,220.0,7.52,1,JordanManual,CCCAGG,7.55,7.52,7.54,NEOS,1514396880,2017-12-28 09:08:10.302309,103.79,782.08
221,221.0,221.0,221.0,221.0,221.0,221.0,221.0,7.54,1,JordanManual,CCCAGG,7.54,7.53,7.53,NEOS,1514397060,2017-12-28 09:08:10.302309,9.46,71.23
222,222.0,222.0,222.0,222.0,222.0,222.0,222.0,7.56,1,JordanManual,CCCAGG,7.56,7.54,7.54,NEOS,1514397240,2017-12-28 09:08:10.302309,461.6498,3480.85
223,223.0,223.0,223.0,223.0,223.0,223.0,223.0,7.62,1,JordanManual,CCCAGG,7.62,7.55,7.55,NEOS,1514397420,2017-12-28 09:08:10.302309,93.77,708.16
224,224.0,224.0,224.0,224.0,224.0,224.0,224.0,7.64,1,JordanManual,CCCAGG,7.64,7.62,7.62,NEOS,1514397600,2017-12-28 09:08:10.302309,23.22,177.4
225,225.0,225.0,225.0,225.0,225.0,225.0,225.0,7.69,1,JordanManual,CCCAGG,7.69,7.64,7.65,NEOS,1514397780,2017-12-28 09:08:10.302309,50.22,386.19
226,226.0,226.0,226.0,226.0,226.0,226.0,226.0,7.75,1,JordanManual,CCCAGG,7.75,7.69,7.69,NEOS,1514397960,2017-12-28 09:08:10.302309,97.56,752.56
227,227.0,227.0,227.0,227.0,227.0,227.0,227.0,7.76,1,JordanManual,CCCAGG,7.77,7.76,7.76,NEOS,1514398140,2017-12-28 09:08:10.302309,7.71,59.83
228,228.0,228.0,228.0,228.0,228.0,228.0,228.0,7.77,1,JordanManual,CCCAGG,7.77,7.75,7.75,NEOS,1514398320,2017-12-28 09:08:10.302309,0.4624,3.59
229,229.0,229.0,229.0,229.0,229.0,229.0,229.0,7.75,1,JordanManual,CCCAGG,7.76,7.75,7.76,NEOS,1514398500,2017-12-28 09:08:10.302309,31.36,243.04
230,230.0,230.0,230.0,230.0,230.0,230.0,230.0,7.76,1,JordanManual,CCCAGG,7.77,7.76,7.76,NEOS,1514398680,2017-12-28 09:08:10.302309,3.51,27.24
231,231.0,231.0,231.0,231.0,231.0,231.0,231.0,7.71,1,JordanManual,CCCAGG,7.79,7.71,7.77,NEOS,1514398860,2017-12-28 09:08:10.302309,1.6652,12.84
232,232.0,232.0,232.0,232.0,232.0,232.0,232.0,7.65,1,JordanManual,CCCAGG,7.7,7.65,7.7,NEOS,1514399040,2017-12-28 09:08:10.302309,26.92,206.75
233,233.0,233.0,233.0,233.0,233.0,233.0,233.0,7.61,1,JordanManual,CCCAGG,7.62,7.6,7.62,NEOS,1514399220,2017-12-28 09:08:10.302309,6.37,48.48
234,234.0,234.0,234.0,234.0,234.0,234.0,234.0,7.6,1,JordanManual,CCCAGG,7.61,7.6,7.6,NEOS,1514399400,2017-12-28 09:08:10.302309,8.0262,61.0
235,235.0,235.0,235.0,235.0,235.0,235.0,235.0,7.55,1,JordanManual,CCCAGG,7.58,7.55,7.58,NEOS,1514399580,2017-12-28 09:08:10.302309,32.41,245.22
236,236.0,236.0,236.0,236.0,236.0,236.0,236.0,7.59,1,JordanManual,CCCAGG,7.59,7.58,7.59,NEOS,1514399760,2017-12-28 09:08:10.302309,58.2,441.74
237,237.0,237.0,237.0,237.0,237.0,237.0,237.0,7.63,1,JordanManual,CCCAGG,7.63,7.62,7.62,NEOS,1514399940,2017-12-28 09:08:10.302309,4.64,35.4
238,238.0,238.0,238.0,238.0,238.0,238.0,238.0,7.66,1,JordanManual,CCCAGG,7.67,7.65,7.65,NEOS,1514400120,2017-12-28 09:08:10.302309,38.27,293.53
239,239.0,239.0,239.0,239.0,239.0,239.0,239.0,7.64,1,JordanManual,CCCAGG,7.65,7.64,7.65,NEOS,1514400300,2017-12-28 09:08:10.302309,186.34,1423.64
240,240.0,240.0,240.0,240.0,240.0,240.0,240.0,7.7,1,JordanManual,CCCAGG,7.7,7.65,7.65,NEOS,1514400480,2017-12-28 09:08:10.302309,2.48,19.1
241,241.0,241.0,241.0,241.0,241.0,241.0,241.0,7.68,1,JordanManual,CCCAGG,7.71,7.65,7.71,NEOS,1514400660,2017-12-28 09:08:10.302309,58.81,451.66
242,242.0,242.0,242.0,242.0,242.0,242.0,242.0,7.64,1,JordanManual,CCCAGG,7.67,7.64,7.67,NEOS,1514400840,2017-12-28 09:08:10.302309,15.1,115.49
243,243.0,243.0,243.0,243.0,243.0,243.0,243.0,7.66,1,JordanManual,CCCAGG,7.66,7.64,7.64,NEOS,1514401020,2017-12-28 09:08:10.302309,3.28,25.09
244,244.0,244.0,244.0,244.0,244.0,244.0,244.0,7.69,1,JordanManual,CCCAGG,7.69,7.65,7.67,NEOS,1514401200,2017-12-28 09:08:10.302309,14.17,108.87
245,245.0,245.0,245.0,245.0,245.0,245.0,245.0,7.73,1,JordanManual,CCCAGG,7.78,7.68,7.68,NEOS,1514401380,2017-12-28 09:08:10.302309,27.08,209.11
246,246.0,246.0,246.0,246.0,246.0,246.0,246.0,7.71,1,JordanManual,CCCAGG,7.73,7.71,7.73,NEOS,1514401560,2017-12-28 09:08:10.302309,0.0,0.0
247,247.0,247.0,247.0,247.0,247.0,247.0,247.0,7.73,1,JordanManual,CCCAGG,7.73,7.72,7.72,NEOS,1514401740,2017-12-28 09:08:10.302309,509.12,3935.3
248,248.0,248.0,248.0,248.0,248.0,248.0,248.0,7.86,1,JordanManual,CCCAGG,7.86,7.7,7.7,NEOS,1514401920,2017-12-28 09:08:10.302309,88.94,697.67
249,249.0,249.0,249.0,249.0,249.0,249.0,249.0,7.8,1,JordanManual,CCCAGG,7.87,7.8,7.87,NEOS,1514402100,2017-12-28 09:08:10.302309,59.82,470.58
250,250.0,250.0,250.0,250.0,250.0,250.0,250.0,7.86,1,JordanManual,CCCAGG,7.86,7.8,7.8,NEOS,1514402280,2017-12-28 09:08:10.302309,176.45,1386.69
251,251.0,251.0,251.0,251.0,251.0,251.0,251.0,7.88,1,JordanManual,CCCAGG,7.88,7.86,7.86,NEOS,1514402460,2017-12-28 09:08:10.302309,0.0,0.0
252,252.0,252.0,252.0,252.0,252.0,252.0,252.0,7.85,1,JordanManual,CCCAGG,7.87,7.79,7.87,NEOS,1514402640,2017-12-28 09:08:10.302309,96.02,753.85
253,253.0,253.0,253.0,253.0,253.0,253.0,253.0,7.83,1,JordanManual,CCCAGG,7.83,7.82,7.82,NEOS,1514402820,2017-12-28 09:08:10.302309,10.58,82.77
254,254.0,254.0,254.0,254.0,254.0,254.0,254.0,7.8,1,JordanManual,CCCAGG,7.83,7.8,7.83,NEOS,1514403000,2017-12-28 09:08:10.302309,0.7506,5.87
255,255.0,255.0,255.0,255.0,255.0,255.0,255.0,7.75,1,JordanManual,CCCAGG,7.78,7.68,7.78,NEOS,1514403180,2017-12-28 09:08:10.302309,163.28,1265.23
256,256.0,256.0,256.0,256.0,256.0,256.0,256.0,7.76,1,JordanManual,CCCAGG,7.76,7.74,7.74,NEOS,1514403360,2017-12-28 09:08:10.302309,18.2127,141.33
257,257.0,257.0,257.0,257.0,257.0,257.0,257.0,7.76,1,JordanManual,CCCAGG,7.76,7.76,7.76,NEOS,1514403540,2017-12-28 09:08:10.302309,0.0,0.0
258,258.0,258.0,258.0,258.0,258.0,258.0,258.0,7.71,1,JordanManual,CCCAGG,7.75,7.71,7.75,NEOS,1514403720,2017-12-28 09:08:10.302309,46.83,362.63
259,259.0,259.0,259.0,259.0,259.0,259.0,259.0,7.69,1,JordanManual,CCCAGG,7.69,7.67,7.69,NEOS,1514403900,2017-12-28 09:08:10.302309,0.0,0.0
260,260.0,260.0,260.0,260.0,260.0,260.0,260.0,7.68,1,JordanManual,CCCAGG,7.69,7.68,7.69,NEOS,1514404080,2017-12-28 09:08:10.302309,183.97,1414.73
261,261.0,261.0,261.0,261.0,261.0,261.0,261.0,7.55,1,JordanManual,CCCAGG,7.66,7.55,7.66,NEOS,1514404260,2017-12-28 09:08:10.302309,48.73,370.82
262,262.0,262.0,262.0,262.0,262.0,262.0,262.0,7.57,1,JordanManual,CCCAGG,7.57,7.55,7.55,NEOS,1514404440,2017-12-28 09:08:10.302309,0.0,0.0
263,263.0,263.0,263.0,263.0,263.0,263.0,263.0,7.58,1,JordanManual,CCCAGG,7.58,7.57,7.57,NEOS,1514404620,2017-12-28 09:08:10.302309,81.68,618.32
264,264.0,264.0,264.0,264.0,264.0,264.0,264.0,7.65,1,JordanManual,CCCAGG,7.65,7.62,7.62,NEOS,1514404800,2017-12-28 09:08:10.302309,3.47,26.48
265,265.0,265.0,265.0,265.0,265.0,265.0,265.0,7.63,1,JordanManual,CCCAGG,7.65,7.63,7.65,NEOS,1514404980,2017-12-28 09:08:10.302309,0.0,0.0
266,266.0,266.0,266.0,266.0,266.0,266.0,266.0,7.61,1,JordanManual,CCCAGG,7.62,7.6,7.62,NEOS,1514405160,2017-12-28 09:08:10.302309,0.0,0.0
267,267.0,267.0,267.0,267.0,267.0,267.0,267.0,7.55,1,JordanManual,CCCAGG,7.6,7.55,7.6,NEOS,1514405340,2017-12-28 09:08:10.302309,525.62,3983.46
268,268.0,268.0,268.0,268.0,268.0,268.0,268.0,7.54,1,JordanManual,CCCAGG,7.55,7.54,7.55,NEOS,1514405520,2017-12-28 09:08:10.302309,9.97,75.17
269,269.0,269.0,269.0,269.0,269.0,269.0,269.0,7.62,1,JordanManual,CCCAGG,7.62,7.58,7.58,NEOS,1514405700,2017-12-28 09:08:10.302309,199.82,1522.25
270,270.0,270.0,270.0,270.0,270.0,270.0,270.0,7.66,1,JordanManual,CCCAGG,7.66,7.6,7.6,NEOS,1514405880,2017-12-28 09:08:10.302309,163.07,1248.93
271,271.0,271.0,271.0,271.0,271.0,271.0,271.0,7.7,1,JordanManual,CCCAGG,7.7,7.63,7.66,NEOS,1514406060,2017-12-28 09:08:10.302309,564.65,4347.81
272,272.0,272.0,272.0,272.0,272.0,272.0,272.0,7.7,1,JordanManual,CCCAGG,7.72,7.7,7.71,NEOS,1514406240,2017-12-28 09:08:10.302309,6.89,53.12
273,273.0,273.0,273.0,273.0,273.0,273.0,273.0,7.65,1,JordanManual,CCCAGG,7.68,7.65,7.67,NEOS,1514406420,2017-12-28 09:08:10.302309,11.4328,87.75
274,274.0,274.0,274.0,274.0,274.0,274.0,274.0,7.58,1,JordanManual,CCCAGG,7.63,7.58,7.63,NEOS,1514406600,2017-12-28 09:08:10.302309,0.0,0.0
275,275.0,275.0,275.0,275.0,275.0,275.0,275.0,7.72,1,JordanManual,CCCAGG,7.72,7.56,7.61,NEOS,1514406780,2017-12-28 09:08:10.302309,85.27,649.26
276,276.0,276.0,276.0,276.0,276.0,276.0,276.0,7.71,1,JordanManual,CCCAGG,7.73,7.7,7.73,NEOS,1514406960,2017-12-28 09:08:10.302309,32.72,252.53
277,277.0,277.0,277.0,277.0,277.0,277.0,277.0,7.66,1,JordanManual,CCCAGG,7.66,7.62,7.62,NEOS,1514407140,2017-12-28 09:08:10.302309,0.7609,5.8
278,278.0,278.0,278.0,278.0,278.0,278.0,278.0,7.66,1,JordanManual,CCCAGG,7.66,7.65,7.65,NEOS,1514407320,2017-12-28 09:08:10.302309,0.0,0.0
279,279.0,279.0,279.0,279.0,279.0,279.0,279.0,7.7,1,JordanManual,CCCAGG,7.7,7.66,7.66,NEOS,1514407500,2017-12-28 09:08:10.302309,5.37,41.24
280,280.0,280.0,280.0,280.0,280.0,280.0,280.0,7.71,1,JordanManual,CCCAGG,7.73,7.71,7.71,NEOS,1514407680,2017-12-28 09:08:10.302309,0.0,0.0
281,281.0,281.0,281.0,281.0,281.0,281.0,281.0,7.72,1,JordanManual,CCCAGG,7.72,7.7,7.71,NEOS,1514407860,2017-12-28 09:08:10.302309,0.0,0.0
282,282.0,282.0,282.0,282.0,282.0,282.0,282.0,7.68,1,JordanManual,CCCAGG,7.72,7.68,7.72,NEOS,1514408040,2017-12-28 09:08:10.302309,38.84,298.79
283,283.0,283.0,283.0,283.0,283.0,283.0,283.0,7.68,1,JordanManual,CCCAGG,7.7,7.68,7.68,NEOS,1514408220,2017-12-28 09:08:10.302309,11.3099,86.86
284,284.0,284.0,284.0,284.0,284.0,284.0,284.0,7.51,1,JordanManual,CCCAGG,7.68,7.51,7.68,NEOS,1514408400,2017-12-28 09:08:10.302309,395.37,3023.9
285,285.0,285.0,285.0,285.0,285.0,285.0,285.0,7.65,1,JordanManual,CCCAGG,7.65,7.54,7.54,NEOS,1514408580,2017-12-28 09:08:10.302309,7.75,59.29
286,286.0,286.0,286.0,286.0,286.0,286.0,286.0,7.71,1,JordanManual,CCCAGG,7.71,7.68,7.68,NEOS,1514408760,2017-12-28 09:08:10.302309,3.81,29.3
287,287.0,287.0,287.0,287.0,287.0,287.0,287.0,7.73,1,JordanManual,CCCAGG,7.76,7.73,7.74,NEOS,1514408940,2017-12-28 09:08:10.302309,10.15,78.76
288,288.0,288.0,288.0,288.0,288.0,288.0,288.0,7.76,1,JordanManual,CCCAGG,7.76,7.73,7.73,NEOS,1514409120,2017-12-28 09:08:10.302309,2.93,22.71
289,289.0,289.0,289.0,289.0,289.0,289.0,289.0,7.62,1,JordanManual,CCCAGG,7.75,7.62,7.75,NEOS,1514409300,2017-12-28 09:08:10.302309,295.45,2287.97
290,290.0,290.0,290.0,290.0,290.0,290.0,290.0,7.63,1,JordanManual,CCCAGG,7.63,7.61,7.61,NEOS,1514409480,2017-12-28 09:08:10.302309,0.0,0.0
291,291.0,291.0,291.0,291.0,291.0,291.0,291.0,7.7,1,JordanManual,CCCAGG,7.7,7.65,7.65,NEOS,1514409660,2017-12-28 09:08:10.302309,8.0521,61.99
292,292.0,292.0,292.0,292.0,292.0,292.0,292.0,7.69,1,JordanManual,CCCAGG,7.72,7.69,7.72,NEOS,1514409840,2017-12-28 09:08:10.302309,276.247429,2131.61713
293,293.0,293.0,293.0,293.0,293.0,293.0,293.0,7.71,1,JordanManual,CCCAGG,7.71,7.7,7.7,NEOS,1514410020,2017-12-28 09:08:10.302309,24.06,185.3
294,294.0,294.0,294.0,294.0,294.0,294.0,294.0,7.68,1,JordanManual,CCCAGG,7.7,7.68,7.7,NEOS,1514410200,2017-12-28 09:08:10.302309,3.91,30.07
295,295.0,295.0,295.0,295.0,295.0,295.0,295.0,7.68,1,JordanManual,CCCAGG,7.68,7.67,7.68,NEOS,1514410380,2017-12-28 09:08:10.302309,0.0,0.0
296,296.0,296.0,296.0,296.0,296.0,296.0,296.0,7.67,1,JordanManual,CCCAGG,7.74,7.67,7.73,NEOS,1514410560,2017-12-28 09:08:10.302309,63.61,489.28
297,297.0,297.0,297.0,297.0,297.0,297.0,297.0,7.64,1,JordanManual,CCCAGG,7.68,7.64,7.67,NEOS,1514410740,2017-12-28 09:08:10.302309,4.0,30.6
298,298.0,298.0,298.0,298.0,298.0,298.0,298.0,7.58,1,JordanManual,CCCAGG,7.63,7.58,7.63,NEOS,1514410920,2017-12-28 09:08:10.302309,9.96,75.99
299,299.0,299.0,299.0,299.0,299.0,299.0,299.0,7.63,1,JordanManual,CCCAGG,7.63,7.6,7.6,NEOS,1514411100,2017-12-28 09:08:10.302309,0.0,0.0
300,300.0,300.0,300.0,300.0,300.0,300.0,300.0,7.62,1,JordanManual,CCCAGG,7.62,7.61,7.62,NEOS,1514411280,2017-12-28 09:08:10.302309,115.6,880.87
301,301.0,301.0,301.0,301.0,301.0,301.0,301.0,7.6,1,JordanManual,CCCAGG,7.63,7.58,7.63,NEOS,1514411460,2017-12-28 09:08:10.302309,28.29,214.71
302,302.0,302.0,302.0,302.0,302.0,302.0,302.0,7.59,1,JordanManual,CCCAGG,7.6,7.59,7.59,NEOS,1514411640,2017-12-28 09:08:10.302309,0.0,0.0
303,303.0,303.0,303.0,303.0,303.0,303.0,303.0,7.79,1,JordanManual,CCCAGG,7.79,7.59,7.59,NEOS,1514411820,2017-12-28 09:08:10.302309,314.24,2393.18
304,304.0,304.0,304.0,304.0,304.0,304.0,304.0,7.78,1,JordanManual,CCCAGG,7.8,7.78,7.8,NEOS,1514412000,2017-12-28 09:08:10.302309,0.0,0.0
305,305.0,305.0,305.0,305.0,305.0,305.0,305.0,7.78,1,JordanManual,CCCAGG,7.82,7.76,7.82,NEOS,1514412180,2017-12-28 09:08:10.302309,1.34,10.4
306,306.0,306.0,306.0,306.0,306.0,306.0,306.0,7.76,1,JordanManual,CCCAGG,7.78,7.76,7.78,NEOS,1514412360,2017-12-28 09:08:10.302309,11.75,91.42
307,307.0,307.0,307.0,307.0,307.0,307.0,307.0,7.76,1,JordanManual,CCCAGG,7.77,7.76,7.76,NEOS,1514412540,2017-12-28 09:08:10.302309,2.9,22.5
308,308.0,308.0,308.0,308.0,308.0,308.0,308.0,7.77,1,JordanManual,CCCAGG,7.77,7.77,7.77,NEOS,1514412720,2017-12-28 09:08:10.302309,0.0,0.0
309,309.0,309.0,309.0,309.0,309.0,309.0,309.0,7.82,1,JordanManual,CCCAGG,7.82,7.78,7.78,NEOS,1514412900,2017-12-28 09:08:10.302309,0.0,0.0
310,310.0,310.0,310.0,310.0,310.0,310.0,310.0,7.84,1,JordanManual,CCCAGG,7.84,7.82,7.82,NEOS,1514413080,2017-12-28 09:08:10.302309,21.46,167.95
311,311.0,311.0,311.0,311.0,311.0,311.0,311.0,7.84,1,JordanManual,CCCAGG,7.84,7.83,7.84,NEOS,1514413260,2017-12-28 09:08:10.302309,33.47,262.07
312,312.0,312.0,312.0,312.0,312.0,312.0,312.0,7.86,1,JordanManual,CCCAGG,7.86,7.86,7.86,NEOS,1514413440,2017-12-28 09:08:10.302309,181.53,1426.83
313,313.0,313.0,313.0,313.0,313.0,313.0,313.0,7.78,1,JordanManual,CCCAGG,7.86,7.78,7.86,NEOS,1514413620,2017-12-28 09:08:10.302309,191.75,1491.82
314,314.0,314.0,314.0,314.0,314.0,314.0,314.0,7.76,1,JordanManual,CCCAGG,7.79,7.75,7.78,NEOS,1514413800,2017-12-28 09:08:10.302309,247.07,1921.98
315,315.0,315.0,315.0,315.0,315.0,315.0,315.0,7.79,1,JordanManual,CCCAGG,7.79,7.78,7.78,NEOS,1514413980,2017-12-28 09:08:10.302309,0.2443,1.9
316,316.0,316.0,316.0,316.0,316.0,316.0,316.0,7.78,1,JordanManual,CCCAGG,7.79,7.78,7.79,NEOS,1514414160,2017-12-28 09:08:10.302309,10.52,81.85
317,317.0,317.0,317.0,317.0,317.0,317.0,317.0,7.77,1,JordanManual,CCCAGG,7.77,7.77,7.77,NEOS,1514414340,2017-12-28 09:08:10.302309,0.0,0.0
318,318.0,318.0,318.0,318.0,318.0,318.0,318.0,7.72,1,JordanManual,CCCAGG,7.75,7.72,7.75,NEOS,1514414520,2017-12-28 09:08:10.302309,61.38,474.59
319,319.0,319.0,319.0,319.0,319.0,319.0,319.0,7.69,1,JordanManual,CCCAGG,7.73,7.69,7.73,NEOS,1514414700,2017-12-28 09:08:10.302309,848.71,6526.58
320,320.0,320.0,320.0,320.0,320.0,320.0,320.0,7.57,1,JordanManual,CCCAGG,7.69,7.52,7.69,NEOS,1514414880,2017-12-28 09:08:10.302309,414.73,3134.38
321,321.0,321.0,321.0,321.0,321.0,321.0,321.0,7.51,1,JordanManual,CCCAGG,7.57,7.51,7.57,NEOS,1514415060,2017-12-28 09:08:10.302309,139.62,1049.5
322,322.0,322.0,322.0,322.0,322.0,322.0,322.0,7.41,1,JordanManual,CCCAGG,7.61,7.39,7.52,NEOS,1514415240,2017-12-28 09:08:10.302309,1132.15,8367.9
323,323.0,323.0,323.0,323.0,323.0,323.0,323.0,7.39,1,JordanManual,CCCAGG,7.39,7.39,7.39,NEOS,1514415420,2017-12-28 09:08:10.302309,0.0,0.0
324,324.0,324.0,324.0,324.0,324.0,324.0,324.0,7.51,1,JordanManual,CCCAGG,7.53,7.51,7.52,NEOS,1514415600,2017-12-28 09:08:10.302309,6.8,51.11
325,325.0,325.0,325.0,325.0,325.0,325.0,325.0,7.48,1,JordanManual,CCCAGG,7.5,7.48,7.5,NEOS,1514415780,2017-12-28 09:08:10.302309,0.0,0.0
326,326.0,326.0,326.0,326.0,326.0,326.0,326.0,7.5,1,JordanManual,CCCAGG,7.5,7.49,7.49,NEOS,1514415960,2017-12-28 09:08:10.302309,10.93,81.87
327,327.0,327.0,327.0,327.0,327.0,327.0,327.0,7.5,1,JordanManual,CCCAGG,7.5,7.49,7.49,NEOS,1514416140,2017-12-28 09:08:10.302309,20.03,150.23
328,328.0,328.0,328.0,328.0,328.0,328.0,328.0,7.54,1,JordanManual,CCCAGG,7.54,7.52,7.52,NEOS,1514416320,2017-12-28 09:08:10.302309,0.9859,7.41
329,329.0,329.0,329.0,329.0,329.0,329.0,329.0,7.5,1,JordanManual,CCCAGG,7.54,7.46,7.54,NEOS,1514416500,2017-12-28 09:08:10.302309,53.13,399.67
330,330.0,330.0,330.0,330.0,330.0,330.0,330.0,7.51,1,JordanManual,CCCAGG,7.51,7.5,7.5,NEOS,1514416680,2017-12-28 09:08:10.302309,0.0,0.0
331,331.0,331.0,331.0,331.0,331.0,331.0,331.0,7.53,1,JordanManual,CCCAGG,7.53,7.5,7.51,NEOS,1514416860,2017-12-28 09:08:10.302309,109.73,823.01
332,332.0,332.0,332.0,332.0,332.0,332.0,332.0,7.57,1,JordanManual,CCCAGG,7.57,7.53,7.53,NEOS,1514417040,2017-12-28 09:08:10.302309,77.84,588.15
333,333.0,333.0,333.0,333.0,333.0,333.0,333.0,7.53,1,JordanManual,CCCAGG,7.57,7.53,7.57,NEOS,1514417220,2017-12-28 09:08:10.302309,5.09,38.33
334,334.0,334.0,334.0,334.0,334.0,334.0,334.0,7.52,1,JordanManual,CCCAGG,7.57,7.52,7.53,NEOS,1514417400,2017-12-28 09:08:10.302309,28.39,213.49
335,335.0,335.0,335.0,335.0,335.0,335.0,335.0,7.53,1,JordanManual,CCCAGG,7.53,7.53,7.53,NEOS,1514417580,2017-12-28 09:08:10.302309,9.37,70.56
336,336.0,336.0,336.0,336.0,336.0,336.0,336.0,7.56,1,JordanManual,CCCAGG,7.56,7.55,7.55,NEOS,1514417760,2017-12-28 09:08:10.302309,0.0,0.0
337,337.0,337.0,337.0,337.0,337.0,337.0,337.0,7.55,1,JordanManual,CCCAGG,7.57,7.55,7.56,NEOS,1514417940,2017-12-28 09:08:10.302309,4.0798,30.8
338,338.0,338.0,338.0,338.0,338.0,338.0,338.0,7.62,1,JordanManual,CCCAGG,7.62,7.55,7.55,NEOS,1514418120,2017-12-28 09:08:10.302309,62.27,470.98
339,339.0,339.0,339.0,339.0,339.0,339.0,339.0,7.65,1,JordanManual,CCCAGG,7.65,7.61,7.63,NEOS,1514418300,2017-12-28 09:08:10.302309,78.82,602.89
340,340.0,340.0,340.0,340.0,340.0,340.0,340.0,7.64,1,JordanManual,CCCAGG,7.65,7.64,7.65,NEOS,1514418480,2017-12-28 09:08:10.302309,2.51,19.18
341,341.0,341.0,341.0,341.0,341.0,341.0,341.0,7.66,1,JordanManual,CCCAGG,7.68,7.64,7.64,NEOS,1514418660,2017-12-28 09:08:10.302309,15.05,115.38
342,342.0,342.0,342.0,342.0,342.0,342.0,342.0,7.66,1,JordanManual,CCCAGG,7.66,7.65,7.66,NEOS,1514418840,2017-12-28 09:08:10.302309,0.0,0.0
343,343.0,343.0,343.0,343.0,343.0,343.0,343.0,7.66,1,JordanManual,CCCAGG,7.66,7.66,7.66,NEOS,1514419020,2017-12-28 09:08:10.302309,12.05,92.3
344,344.0,344.0,344.0,344.0,344.0,344.0,344.0,7.68,1,JordanManual,CCCAGG,7.68,7.67,7.67,NEOS,1514419200,2017-12-28 09:08:10.302309,29.41,225.87
345,345.0,345.0,345.0,345.0,345.0,345.0,345.0,7.67,1,JordanManual,CCCAGG,7.68,7.67,7.68,NEOS,1514419380,2017-12-28 09:08:10.302309,4.9535,38.03
346,346.0,346.0,346.0,346.0,346.0,346.0,346.0,7.63,1,JordanManual,CCCAGG,7.66,7.63,7.66,NEOS,1514419560,2017-12-28 09:08:10.302309,70.39,537.08
347,347.0,347.0,347.0,347.0,347.0,347.0,347.0,7.65,1,JordanManual,CCCAGG,7.65,7.64,7.64,NEOS,1514419740,2017-12-28 09:08:10.302309,235.65,1802.71
348,348.0,348.0,348.0,348.0,348.0,348.0,348.0,7.63,1,JordanManual,CCCAGG,7.65,7.58,7.65,NEOS,1514419920,2017-12-28 09:08:10.302309,4.82,36.78
349,349.0,349.0,349.0,349.0,349.0,349.0,349.0,7.63,1,JordanManual,CCCAGG,7.63,7.63,7.63,NEOS,1514420100,2017-12-28 09:08:10.302309,7.59,57.91
350,350.0,350.0,350.0,350.0,350.0,350.0,350.0,7.63,1,JordanManual,CCCAGG,7.63,7.63,7.63,NEOS,1514420280,2017-12-28 09:08:10.302309,0.0,0.0
351,351.0,351.0,351.0,351.0,351.0,351.0,351.0,7.62,1,JordanManual,CCCAGG,7.62,7.62,7.62,NEOS,1514420460,2017-12-28 09:08:10.302309,0.9843,7.5
352,352.0,352.0,352.0,352.0,352.0,352.0,352.0,7.58,1,JordanManual,CCCAGG,7.61,7.58,7.61,NEOS,1514420640,2017-12-28 09:08:10.302309,104.99,797.87
353,353.0,353.0,353.0,353.0,353.0,353.0,353.0,7.55,1,JordanManual,CCCAGG,7.56,7.55,7.56,NEOS,1514420820,2017-12-28 09:08:10.302309,21.79,164.73
354,354.0,354.0,354.0,354.0,354.0,354.0,354.0,7.52,1,JordanManual,CCCAGG,7.53,7.51,7.53,NEOS,1514421000,2017-12-28 09:08:10.302309,8.81,66.16
355,355.0,355.0,355.0,355.0,355.0,355.0,355.0,7.51,1,JordanManual,CCCAGG,7.51,7.49,7.49,NEOS,1514421180,2017-12-28 09:08:10.302309,0.0,0.0
356,356.0,356.0,356.0,356.0,356.0,356.0,356.0,7.51,1,JordanManual,CCCAGG,7.51,7.51,7.51,NEOS,1514421360,2017-12-28 09:08:10.302309,0.04162,0.3126
357,357.0,357.0,357.0,357.0,357.0,357.0,357.0,7.52,1,JordanManual,CCCAGG,7.52,7.52,7.52,NEOS,1514421540,2017-12-28 09:08:10.302309,2.13,16.02
358,358.0,358.0,358.0,358.0,358.0,358.0,358.0,7.52,1,JordanManual,CCCAGG,7.53,7.52,7.52,NEOS,1514421720,2017-12-28 09:08:10.302309,0.0,0.0
359,359.0,359.0,359.0,359.0,359.0,359.0,359.0,7.46,1,JordanManual,CCCAGG,7.51,7.46,7.51,NEOS,1514421900,2017-12-28 09:08:10.302309,0.0,0.0
360,360.0,360.0,360.0,360.0,360.0,360.0,360.0,7.47,1,JordanManual,CCCAGG,7.48,7.46,7.46,NEOS,1514422080,2017-12-28 09:08:10.302309,6.38,47.67
361,361.0,361.0,361.0,361.0,361.0,361.0,361.0,7.47,1,JordanManual,CCCAGG,7.47,7.46,7.46,NEOS,1514422260,2017-12-28 09:08:10.302309,122.44,913.55
362,362.0,362.0,362.0,362.0,362.0,362.0,362.0,7.47,1,JordanManual,CCCAGG,7.48,7.46,7.46,NEOS,1514422440,2017-12-28 09:08:10.302309,55.15,411.42
363,363.0,363.0,363.0,363.0,363.0,363.0,363.0,7.4,1,JordanManual,CCCAGG,7.48,7.4,7.48,NEOS,1514422620,2017-12-28 09:08:10.302309,32.07,238.18
364,364.0,364.0,364.0,364.0,364.0,364.0,364.0,7.4,1,JordanManual,CCCAGG,7.42,7.4,7.41,NEOS,1514422800,2017-12-28 09:08:10.302309,14.38,106.54
365,365.0,365.0,365.0,365.0,365.0,365.0,365.0,7.43,1,JordanManual,CCCAGG,7.43,7.41,7.41,NEOS,1514422980,2017-12-28 09:08:10.302309,0.0,0.0
366,366.0,366.0,366.0,366.0,366.0,366.0,366.0,7.52,1,JordanManual,CCCAGG,7.52,7.51,7.51,NEOS,1514423160,2017-12-28 09:08:10.302309,99.0,744.38
367,367.0,367.0,367.0,367.0,367.0,367.0,367.0,7.51,1,JordanManual,CCCAGG,7.53,7.51,7.53,NEOS,1514423340,2017-12-28 09:08:10.302309,5.79,43.6
368,368.0,368.0,368.0,368.0,368.0,368.0,368.0,7.48,1,JordanManual,CCCAGG,7.51,7.48,7.51,NEOS,1514423520,2017-12-28 09:08:10.302309,0.0,0.0
369,369.0,369.0,369.0,369.0,369.0,369.0,369.0,7.51,1,JordanManual,CCCAGG,7.51,7.5,7.5,NEOS,1514423700,2017-12-28 09:08:10.302309,19.95,149.63
370,370.0,370.0,370.0,370.0,370.0,370.0,370.0,7.51,1,JordanManual,CCCAGG,7.51,7.51,7.51,NEOS,1514423880,2017-12-28 09:08:10.302309,0.0,0.0
371,371.0,371.0,371.0,371.0,371.0,371.0,371.0,7.54,1,JordanManual,CCCAGG,7.54,7.52,7.52,NEOS,1514424060,2017-12-28 09:08:10.302309,0.0,0.0
372,372.0,372.0,372.0,372.0,372.0,372.0,372.0,7.57,1,JordanManual,CCCAGG,7.57,7.55,7.55,NEOS,1514424240,2017-12-28 09:08:10.302309,8.27,62.53
373,373.0,373.0,373.0,373.0,373.0,373.0,373.0,7.67,1,JordanManual,CCCAGG,7.67,7.64,7.64,NEOS,1514424420,2017-12-28 09:08:10.302309,242.62,1858.04
374,374.0,374.0,374.0,374.0,374.0,374.0,374.0,7.68,1,JordanManual,CCCAGG,7.68,7.67,7.67,NEOS,1514424600,2017-12-28 09:08:10.302309,0.0,0.0
375,375.0,375.0,375.0,375.0,375.0,375.0,375.0,7.67,1,JordanManual,CCCAGG,7.68,7.67,7.67,NEOS,1514424780,2017-12-28 09:08:10.302309,0.0,0.0
376,376.0,376.0,376.0,376.0,376.0,376.0,376.0,7.59,1,JordanManual,CCCAGG,7.61,7.59,7.61,NEOS,1514424960,2017-12-28 09:08:10.302309,44.86,340.94
377,377.0,377.0,377.0,377.0,377.0,377.0,377.0,7.58,1,JordanManual,CCCAGG,7.58,7.58,7.58,NEOS,1514425140,2017-12-28 09:08:10.302309,0.0,0.0
378,378.0,378.0,378.0,378.0,378.0,378.0,378.0,7.52,1,JordanManual,CCCAGG,7.58,7.52,7.58,NEOS,1514425320,2017-12-28 09:08:10.302309,77.57,583.33
379,379.0,379.0,379.0,379.0,379.0,379.0,379.0,7.54,1,JordanManual,CCCAGG,7.54,7.52,7.52,NEOS,1514425500,2017-12-28 09:08:10.302309,35.69,268.39
380,380.0,380.0,380.0,380.0,380.0,380.0,380.0,7.61,1,JordanManual,CCCAGG,7.61,7.53,7.53,NEOS,1514425680,2017-12-28 09:08:10.302309,223.572,1701.32
381,381.0,381.0,381.0,381.0,381.0,381.0,381.0,7.62,1,JordanManual,CCCAGG,7.62,7.61,7.61,NEOS,1514425860,2017-12-28 09:08:10.302309,121.66,926.85
382,382.0,382.0,382.0,382.0,382.0,382.0,382.0,7.63,1,JordanManual,CCCAGG,7.63,7.61,7.61,NEOS,1514426040,2017-12-28 09:08:10.302309,20.2,153.72
383,383.0,383.0,383.0,383.0,383.0,383.0,383.0,7.65,1,JordanManual,CCCAGG,7.65,7.64,7.64,NEOS,1514426220,2017-12-28 09:08:10.302309,0.0,0.0
384,384.0,384.0,384.0,384.0,384.0,384.0,384.0,7.68,1,JordanManual,CCCAGG,7.68,7.67,7.67,NEOS,1514426400,2017-12-28 09:08:10.302309,42.8202,328.44
385,385.0,385.0,385.0,385.0,385.0,385.0,385.0,7.66,1,JordanManual,CCCAGG,7.68,7.66,7.68,NEOS,1514426580,2017-12-28 09:08:10.302309,54.87,421.4
386,386.0,386.0,386.0,386.0,386.0,386.0,386.0,7.67,1,JordanManual,CCCAGG,7.68,7.67,7.68,NEOS,1514426760,2017-12-28 09:08:10.302309,23.48,180.33
387,387.0,387.0,387.0,387.0,387.0,387.0,387.0,7.63,1,JordanManual,CCCAGG,7.65,7.63,7.65,NEOS,1514426940,2017-12-28 09:08:10.302309,124.43,951.89
388,388.0,388.0,388.0,388.0,388.0,388.0,388.0,7.59,1,JordanManual,CCCAGG,7.63,7.59,7.63,NEOS,1514427120,2017-12-28 09:08:10.302309,0.0,0.0
389,389.0,389.0,389.0,389.0,389.0,389.0,389.0,7.59,1,JordanManual,CCCAGG,7.6,7.59,7.6,NEOS,1514427300,2017-12-28 09:08:10.302309,0.0,0.0
390,390.0,390.0,390.0,390.0,390.0,390.0,390.0,7.57,1,JordanManual,CCCAGG,7.58,7.57,7.58,NEOS,1514427480,2017-12-28 09:08:10.302309,0.0,0.0
391,391.0,391.0,391.0,391.0,391.0,391.0,391.0,7.57,1,JordanManual,CCCAGG,7.58,7.57,7.58,NEOS,1514427660,2017-12-28 09:08:10.302309,22.67,171.76
392,392.0,392.0,392.0,392.0,392.0,392.0,392.0,7.53,1,JordanManual,CCCAGG,7.57,7.53,7.57,NEOS,1514427840,2017-12-28 09:08:10.302309,7.27,54.81
393,393.0,393.0,393.0,393.0,393.0,393.0,393.0,7.49,1,JordanManual,CCCAGG,7.53,7.49,7.53,NEOS,1514428020,2017-12-28 09:08:10.302309,125.0396,936.55
394,394.0,394.0,394.0,394.0,394.0,394.0,394.0,7.43,1,JordanManual,CCCAGG,7.46,7.43,7.46,NEOS,1514428200,2017-12-28 09:08:10.302309,0.0,0.0
395,395.0,395.0,395.0,395.0,395.0,395.0,395.0,7.43,1,JordanManual,CCCAGG,7.45,7.43,7.45,NEOS,1514428380,2017-12-28 09:08:10.302309,1031.69,7665.87
396,396.0,396.0,396.0,396.0,396.0,396.0,396.0,7.34,1,JordanManual,CCCAGG,7.44,7.34,7.44,NEOS,1514428560,2017-12-28 09:08:10.302309,0.5353,3.98
397,397.0,397.0,397.0,397.0,397.0,397.0,397.0,7.31,1,JordanManual,CCCAGG,7.31,7.28,7.3,NEOS,1514428740,2017-12-28 09:08:10.302309,0.0,0.0
398,398.0,398.0,398.0,398.0,398.0,398.0,398.0,7.23,1,JordanManual,CCCAGG,7.29,7.23,7.29,NEOS,1514428920,2017-12-28 09:08:10.302309,1073.68,7762.71
399,399.0,399.0,399.0,399.0,399.0,399.0,399.0,7.14,1,JordanManual,CCCAGG,7.19,7.14,7.19,NEOS,1514429100,2017-12-28 09:08:10.302309,0.0,0.0
400,400.0,400.0,400.0,400.0,400.0,400.0,400.0,6.96,1,JordanManual,CCCAGG,7.1,6.95,7.1,NEOS,1514429280,2017-12-28 09:08:10.302309,114.46,796.64
401,401.0,401.0,401.0,401.0,401.0,401.0,401.0,6.89,1,JordanManual,CCCAGG,6.89,6.8,6.88,NEOS,1514429460,2017-12-28 09:08:10.302309,1.69,11.64
402,402.0,402.0,402.0,402.0,402.0,402.0,402.0,7.06,1,JordanManual,CCCAGG,7.06,7.0,7.0,NEOS,1514429640,2017-12-28 09:08:10.302309,0.0,0.0
403,403.0,403.0,403.0,403.0,403.0,403.0,403.0,6.98,1,JordanManual,CCCAGG,7.08,6.98,7.08,NEOS,1514429820,2017-12-28 09:08:10.302309,9.67,68.09
404,404.0,404.0,404.0,404.0,404.0,404.0,404.0,7.07,1,JordanManual,CCCAGG,7.07,6.98,6.98,NEOS,1514430000,2017-12-28 09:08:10.302309,127.93,893.19
405,405.0,405.0,405.0,405.0,405.0,405.0,405.0,7.0,1,JordanManual,CCCAGG,7.04,7.0,7.02,NEOS,1514430180,2017-12-28 09:08:10.302309,0.0,0.0
406,406.0,406.0,406.0,406.0,406.0,406.0,406.0,6.98,1,JordanManual,CCCAGG,6.98,6.94,6.95,NEOS,1514430360,2017-12-28 09:08:10.302309,0.0,0.0
407,407.0,407.0,407.0,407.0,407.0,407.0,407.0,7.01,1,JordanManual,CCCAGG,7.03,7.01,7.02,NEOS,1514430540,2017-12-28 09:08:10.302309,15.44,108.32
408,408.0,408.0,408.0,408.0,408.0,408.0,408.0,7.11,1,JordanManual,CCCAGG,7.13,7.08,7.08,NEOS,1514430720,2017-12-28 09:08:10.302309,107.67,767.69
409,409.0,409.0,409.0,409.0,409.0,409.0,409.0,7.14,1,JordanManual,CCCAGG,7.14,7.11,7.11,NEOS,1514430900,2017-12-28 09:08:10.302309,0.0,0.0
410,410.0,410.0,410.0,410.0,410.0,410.0,410.0,7.13,1,JordanManual,CCCAGG,7.13,7.12,7.12,NEOS,1514431080,2017-12-28 09:08:10.302309,78.71,561.2
411,411.0,411.0,411.0,411.0,411.0,411.0,411.0,7.14,1,JordanManual,CCCAGG,7.15,7.14,7.15,NEOS,1514431260,2017-12-28 09:08:10.302309,0.0,0.0
412,412.0,412.0,412.0,412.0,412.0,412.0,412.0,7.12,1,JordanManual,CCCAGG,7.12,7.11,7.11,NEOS,1514431440,2017-12-28 09:08:10.302309,0.0,0.0
413,413.0,413.0,413.0,413.0,413.0,413.0,413.0,7.0,1,JordanManual,CCCAGG,7.11,7.0,7.11,NEOS,1514431620,2017-12-28 09:08:10.302309,0.0,0.0
414,414.0,414.0,414.0,414.0,414.0,414.0,414.0,7.01,1,JordanManual,CCCAGG,7.03,7.0,7.03,NEOS,1514431800,2017-12-28 09:08:10.302309,0.8171,5.72
415,415.0,415.0,415.0,415.0,415.0,415.0,415.0,6.9,1,JordanManual,CCCAGG,6.99,6.9,6.99,NEOS,1514431980,2017-12-28 09:08:10.302309,0.171,1.2
416,416.0,416.0,416.0,416.0,416.0,416.0,416.0,6.8,1,JordanManual,CCCAGG,6.87,6.8,6.87,NEOS,1514432160,2017-12-28 09:08:10.302309,118.65,806.82
417,417.0,417.0,417.0,417.0,417.0,417.0,417.0,6.92,1,JordanManual,CCCAGG,6.92,6.78,6.78,NEOS,1514432340,2017-12-28 09:08:10.302309,369.42,2534.22
418,418.0,418.0,418.0,418.0,418.0,418.0,418.0,6.94,1,JordanManual,CCCAGG,6.94,6.88,6.88,NEOS,1514432520,2017-12-28 09:08:10.302309,0.0,0.0
419,419.0,419.0,419.0,419.0,419.0,419.0,419.0,6.97,1,JordanManual,CCCAGG,6.98,6.96,6.98,NEOS,1514432700,2017-12-28 09:08:10.302309,9.93,69.21
420,420.0,420.0,420.0,420.0,420.0,420.0,420.0,7.01,1,JordanManual,CCCAGG,7.01,6.96,6.96,NEOS,1514432880,2017-12-28 09:08:10.302309,103.87,728.13
421,421.0,421.0,421.0,421.0,421.0,421.0,421.0,7.03,1,JordanManual,CCCAGG,7.11,7.02,7.02,NEOS,1514433060,2017-12-28 09:08:10.302309,969.88,6822.37
422,422.0,422.0,422.0,422.0,422.0,422.0,422.0,7.04,1,JordanManual,CCCAGG,7.05,7.04,7.04,NEOS,1514433240,2017-12-28 09:08:10.302309,0.0,0.0
423,423.0,423.0,423.0,423.0,423.0,423.0,423.0,7.0,1,JordanManual,CCCAGG,7.01,7.0,7.0,NEOS,1514433420,2017-12-28 09:08:10.302309,0.0,0.0
424,424.0,424.0,424.0,424.0,424.0,424.0,424.0,6.98,1,JordanManual,CCCAGG,7.03,6.98,7.03,NEOS,1514433600,2017-12-28 09:08:10.302309,0.0,0.0
425,425.0,425.0,425.0,425.0,425.0,425.0,425.0,6.87,1,JordanManual,CCCAGG,6.95,6.87,6.92,NEOS,1514433780,2017-12-28 09:08:10.302309,10.2,70.89
426,426.0,426.0,426.0,426.0,426.0,426.0,426.0,6.94,1,JordanManual,CCCAGG,6.95,6.9,6.9,NEOS,1514433960,2017-12-28 09:08:10.302309,9.2,63.64
427,427.0,427.0,427.0,427.0,427.0,427.0,427.0,7.01,1,JordanManual,CCCAGG,7.01,6.97,6.97,NEOS,1514434140,2017-12-28 09:08:10.302309,254.5,1775.7
428,428.0,428.0,428.0,428.0,428.0,428.0,428.0,7.0,1,JordanManual,CCCAGG,7.01,7.0,7.0,NEOS,1514434320,2017-12-28 09:08:10.302309,0.0,0.0
429,429.0,429.0,429.0,429.0,429.0,429.0,429.0,7.04,1,JordanManual,CCCAGG,7.04,7.0,7.0,NEOS,1514434500,2017-12-28 09:08:10.302309,9.0,63.18
430,430.0,430.0,430.0,430.0,430.0,430.0,430.0,7.05,1,JordanManual,CCCAGG,7.08,7.05,7.08,NEOS,1514434680,2017-12-28 09:08:10.302309,36.85,260.9
431,431.0,431.0,431.0,431.0,431.0,431.0,431.0,7.11,1,JordanManual,CCCAGG,7.11,7.06,7.06,NEOS,1514434860,2017-12-28 09:08:10.302309,233.96,1658.78
432,432.0,432.0,432.0,432.0,432.0,432.0,432.0,7.09,1,JordanManual,CCCAGG,7.1,7.09,7.1,NEOS,1514435040,2017-12-28 09:08:10.302309,4.44,31.52
433,433.0,433.0,433.0,433.0,433.0,433.0,433.0,7.09,1,JordanManual,CCCAGG,7.09,7.06,7.06,NEOS,1514435220,2017-12-28 09:08:10.302309,0.26,1.84
434,434.0,434.0,434.0,434.0,434.0,434.0,434.0,7.13,1,JordanManual,CCCAGG,7.15,7.12,7.12,NEOS,1514435400,2017-12-28 09:08:10.302309,0.0,0.0
435,435.0,435.0,435.0,435.0,435.0,435.0,435.0,7.11,1,JordanManual,CCCAGG,7.13,7.11,7.13,NEOS,1514435580,2017-12-28 09:08:10.302309,1.0,7.11
436,436.0,436.0,436.0,436.0,436.0,436.0,436.0,7.08,1,JordanManual,CCCAGG,7.08,7.07,7.07,NEOS,1514435760,2017-12-28 09:08:10.302309,15.24,107.9
437,437.0,437.0,437.0,437.0,437.0,437.0,437.0,7.08,1,JordanManual,CCCAGG,7.08,7.07,7.08,NEOS,1514435940,2017-12-28 09:08:10.302309,0.0,0.0
438,438.0,438.0,438.0,438.0,438.0,438.0,438.0,7.09,1,JordanManual,CCCAGG,7.09,7.08,7.09,NEOS,1514436120,2017-12-28 09:08:10.302309,14.76,104.65
439,439.0,439.0,439.0,439.0,439.0,439.0,439.0,7.02,1,JordanManual,CCCAGG,7.07,7.0,7.07,NEOS,1514436300,2017-12-28 09:08:10.302309,1402.57,9817.99
440,440.0,440.0,440.0,440.0,440.0,440.0,440.0,7.05,1,JordanManual,CCCAGG,7.05,7.03,7.03,NEOS,1514436480,2017-12-28 09:08:10.302309,0.0,0.0
441,441.0,441.0,441.0,441.0,441.0,441.0,441.0,6.99,1,JordanManual,CCCAGG,7.05,6.99,7.05,NEOS,1514436660,2017-12-28 09:08:10.302309,4.5e-07,3.17e-06
442,442.0,442.0,442.0,442.0,442.0,442.0,442.0,6.99,1,JordanManual,CCCAGG,7.01,6.99,6.99,NEOS,1514436840,2017-12-28 09:08:10.302309,97.18,679.29
443,443.0,443.0,443.0,443.0,443.0,443.0,443.0,7.01,1,JordanManual,CCCAGG,7.01,6.99,6.99,NEOS,1514437020,2017-12-28 09:08:10.302309,165.4,1159.45
444,444.0,444.0,444.0,444.0,444.0,444.0,444.0,7.03,1,JordanManual,CCCAGG,7.04,7.02,7.02,NEOS,1514437200,2017-12-28 09:08:10.302309,0.0,0.0
445,445.0,445.0,445.0,445.0,445.0,445.0,445.0,7.02,1,JordanManual,CCCAGG,7.02,6.96,7.0,NEOS,1514437380,2017-12-28 09:08:10.302309,2.0,14.04
446,446.0,446.0,446.0,446.0,446.0,446.0,446.0,6.94,1,JordanManual,CCCAGG,7.01,6.94,7.01,NEOS,1514437560,2017-12-28 09:08:10.302309,0.0,0.0
447,447.0,447.0,447.0,447.0,447.0,447.0,447.0,6.95,1,JordanManual,CCCAGG,6.96,6.95,6.96,NEOS,1514437740,2017-12-28 09:08:10.302309,171.61,1192.69
448,448.0,448.0,448.0,448.0,448.0,448.0,448.0,6.91,1,JordanManual,CCCAGG,6.96,6.91,6.96,NEOS,1514437920,2017-12-28 09:08:10.302309,0.0,0.0
449,449.0,449.0,449.0,449.0,449.0,449.0,449.0,6.89,1,JordanManual,CCCAGG,6.92,6.89,6.92,NEOS,1514438100,2017-12-28 09:08:10.302309,150.0,1033.5
450,450.0,450.0,450.0,450.0,450.0,450.0,450.0,6.8,1,JordanManual,CCCAGG,6.86,6.8,6.86,NEOS,1514438280,2017-12-28 09:08:10.302309,356.8,2426.24
451,451.0,451.0,451.0,451.0,451.0,451.0,451.0,6.84,1,JordanManual,CCCAGG,6.84,6.79,6.79,NEOS,1514438460,2017-12-28 09:08:10.302309,0.0,0.0
452,452.0,452.0,452.0,452.0,452.0,452.0,452.0,6.88,1,JordanManual,CCCAGG,6.88,6.86,6.88,NEOS,1514438640,2017-12-28 09:08:10.302309,0.0,0.0
453,453.0,453.0,453.0,453.0,453.0,453.0,453.0,6.93,1,JordanManual,CCCAGG,6.93,6.9,6.9,NEOS,1514438820,2017-12-28 09:08:10.302309,0.0,0.0
454,454.0,454.0,454.0,454.0,454.0,454.0,454.0,6.92,1,JordanManual,CCCAGG,6.95,6.92,6.95,NEOS,1514439000,2017-12-28 09:08:10.302309,0.0,0.0
455,455.0,455.0,455.0,455.0,455.0,455.0,455.0,6.86,1,JordanManual,CCCAGG,6.9,6.86,6.9,NEOS,1514439180,2017-12-28 09:08:10.302309,0.0,0.0
456,456.0,456.0,456.0,456.0,456.0,456.0,456.0,6.87,1,JordanManual,CCCAGG,6.87,6.87,6.87,NEOS,1514439360,2017-12-28 09:08:10.302309,7.0,48.09
457,457.0,457.0,457.0,457.0,457.0,457.0,457.0,6.88,1,JordanManual,CCCAGG,6.91,6.87,6.87,NEOS,1514439540,2017-12-28 09:08:10.302309,411.77,2845.33
458,458.0,458.0,458.0,458.0,458.0,458.0,458.0,6.8,1,JordanManual,CCCAGG,6.85,6.8,6.85,NEOS,1514439720,2017-12-28 09:08:10.302309,1.02,6.99
459,459.0,459.0,459.0,459.0,459.0,459.0,459.0,6.81,1,JordanManual,CCCAGG,6.81,6.76,6.76,NEOS,1514439900,2017-12-28 09:08:10.302309,664.54,4503.52
460,460.0,460.0,460.0,460.0,460.0,460.0,460.0,6.8,1,JordanManual,CCCAGG,6.82,6.78,6.82,NEOS,1514440080,2017-12-28 09:08:10.302309,62.35,422.73
461,461.0,461.0,461.0,461.0,461.0,461.0,461.0,6.82,1,JordanManual,CCCAGG,6.84,6.8,6.84,NEOS,1514440260,2017-12-28 09:08:10.302309,1.33,9.1
462,462.0,462.0,462.0,462.0,462.0,462.0,462.0,6.75,1,JordanManual,CCCAGG,6.79,6.75,6.79,NEOS,1514440440,2017-12-28 09:08:10.302309,20.22,137.09
463,463.0,463.0,463.0,463.0,463.0,463.0,463.0,6.82,1,JordanManual,CCCAGG,6.83,6.73,6.73,NEOS,1514440620,2017-12-28 09:08:10.302309,450.045,3060.31
464,464.0,464.0,464.0,464.0,464.0,464.0,464.0,6.87,1,JordanManual,CCCAGG,6.87,6.81,6.81,NEOS,1514440800,2017-12-28 09:08:10.302309,0.0,0.0
465,465.0,465.0,465.0,465.0,465.0,465.0,465.0,6.85,1,JordanManual,CCCAGG,6.86,6.85,6.86,NEOS,1514440980,2017-12-28 09:08:10.302309,27.23,186.53
466,466.0,466.0,466.0,466.0,466.0,466.0,466.0,6.8,1,JordanManual,CCCAGG,6.85,6.8,6.82,NEOS,1514441160,2017-12-28 09:08:10.302309,3.31,22.51
467,467.0,467.0,467.0,467.0,467.0,467.0,467.0,6.85,1,JordanManual,CCCAGG,6.86,6.81,6.81,NEOS,1514441340,2017-12-28 09:08:10.302309,0.0,0.0
468,468.0,468.0,468.0,468.0,468.0,468.0,468.0,6.88,1,JordanManual,CCCAGG,6.9,6.87,6.87,NEOS,1514441520,2017-12-28 09:08:10.302309,0.0,0.0
469,469.0,469.0,469.0,469.0,469.0,469.0,469.0,6.87,1,JordanManual,CCCAGG,6.88,6.87,6.88,NEOS,1514441700,2017-12-28 09:08:10.302309,108.23,743.54
470,470.0,470.0,470.0,470.0,470.0,470.0,470.0,6.87,1,JordanManual,CCCAGG,6.89,6.87,6.89,NEOS,1514441880,2017-12-28 09:08:10.302309,0.0,0.0
471,471.0,471.0,471.0,471.0,471.0,471.0,471.0,6.83,1,JordanManual,CCCAGG,6.84,6.81,6.84,NEOS,1514442060,2017-12-28 09:08:10.302309,149.25,1016.39
472,472.0,472.0,472.0,472.0,472.0,472.0,472.0,6.84,1,JordanManual,CCCAGG,6.84,6.82,6.84,NEOS,1514442240,2017-12-28 09:08:10.302309,86.0,588.24
473,473.0,473.0,473.0,473.0,473.0,473.0,473.0,6.86,1,JordanManual,CCCAGG,6.86,6.84,6.84,NEOS,1514442420,2017-12-28 09:08:10.302309,0.0,0.0
474,474.0,474.0,474.0,474.0,474.0,474.0,474.0,6.93,1,JordanManual,CCCAGG,6.93,6.87,6.87,NEOS,1514442600,2017-12-28 09:08:10.302309,5.13,35.55
475,475.0,475.0,475.0,475.0,475.0,475.0,475.0,6.91,1,JordanManual,CCCAGG,6.92,6.91,6.91,NEOS,1514442780,2017-12-28 09:08:10.302309,117.28,810.4
476,476.0,476.0,476.0,476.0,476.0,476.0,476.0,6.9,1,JordanManual,CCCAGG,6.9,6.88,6.89,NEOS,1514442960,2017-12-28 09:08:10.302309,49.47,341.34
477,477.0,477.0,477.0,477.0,477.0,477.0,477.0,6.91,1,JordanManual,CCCAGG,6.91,6.9,6.9,NEOS,1514443140,2017-12-28 09:08:10.302309,50.65,349.49
478,478.0,478.0,478.0,478.0,478.0,478.0,478.0,6.88,1,JordanManual,CCCAGG,6.9,6.88,6.9,NEOS,1514443320,2017-12-28 09:08:10.302309,50.02,344.64
479,479.0,479.0,479.0,479.0,479.0,479.0,479.0,6.83,1,JordanManual,CCCAGG,6.85,6.81,6.85,NEOS,1514443500,2017-12-28 09:08:10.302309,0.0,0.0
480,480.0,480.0,480.0,480.0,480.0,480.0,480.0,6.83,1,JordanManual,CCCAGG,6.83,6.82,6.82,NEOS,1514443680,2017-12-28 09:08:10.302309,121.13,827.32
481,481.0,481.0,481.0,481.0,481.0,481.0,481.0,6.89,1,JordanManual,CCCAGG,6.89,6.87,6.87,NEOS,1514443860,2017-12-28 09:08:10.302309,0.0,0.0
482,482.0,482.0,482.0,482.0,482.0,482.0,482.0,6.88,1,JordanManual,CCCAGG,6.9,6.88,6.9,NEOS,1514444040,2017-12-28 09:08:10.302309,1.43,9.87
483,483.0,483.0,483.0,483.0,483.0,483.0,483.0,6.79,1,JordanManual,CCCAGG,6.84,6.79,6.84,NEOS,1514444220,2017-12-28 09:08:10.302309,86.43,590.24
484,484.0,484.0,484.0,484.0,484.0,484.0,484.0,6.86,1,JordanManual,CCCAGG,6.86,6.8,6.8,NEOS,1514444400,2017-12-28 09:08:10.302309,89.65,609.62
485,485.0,485.0,485.0,485.0,485.0,485.0,485.0,6.88,1,JordanManual,CCCAGG,6.88,6.86,6.86,NEOS,1514444580,2017-12-28 09:08:10.302309,14.97,102.69
486,486.0,486.0,486.0,486.0,486.0,486.0,486.0,6.88,1,JordanManual,CCCAGG,6.9,6.88,6.9,NEOS,1514444760,2017-12-28 09:08:10.302309,279.41,1924.44
487,487.0,487.0,487.0,487.0,487.0,487.0,487.0,6.9,1,JordanManual,CCCAGG,6.9,6.89,6.89,NEOS,1514444940,2017-12-28 09:08:10.302309,0.0,0.0
488,488.0,488.0,488.0,488.0,488.0,488.0,488.0,6.91,1,JordanManual,CCCAGG,6.91,6.9,6.9,NEOS,1514445120,2017-12-28 09:08:10.302309,64.66,446.8
489,489.0,489.0,489.0,489.0,489.0,489.0,489.0,6.99,1,JordanManual,CCCAGG,7.0,6.93,6.93,NEOS,1514445300,2017-12-28 09:08:10.302309,9.5,66.26
490,490.0,490.0,490.0,490.0,490.0,490.0,490.0,7.08,1,JordanManual,CCCAGG,7.08,7.0,7.0,NEOS,1514445480,2017-12-28 09:08:10.302309,936.78,6613.67
491,491.0,491.0,491.0,491.0,491.0,491.0,491.0,7.11,1,JordanManual,CCCAGG,7.11,7.08,7.08,NEOS,1514445660,2017-12-28 09:08:10.302309,346.12,2460.5
492,492.0,492.0,492.0,492.0,492.0,492.0,492.0,7.07,1,JordanManual,CCCAGG,7.11,7.07,7.11,NEOS,1514445840,2017-12-28 09:08:10.302309,12.37,87.91
493,493.0,493.0,493.0,493.0,493.0,493.0,493.0,7.08,1,JordanManual,CCCAGG,7.08,7.08,7.08,NEOS,1514446020,2017-12-28 09:08:10.302309,0.2459,1.74
494,494.0,494.0,494.0,494.0,494.0,494.0,494.0,7.07,1,JordanManual,CCCAGG,7.08,7.07,7.08,NEOS,1514446200,2017-12-28 09:08:10.302309,0.0,0.0
495,495.0,495.0,495.0,495.0,495.0,495.0,495.0,7.05,1,JordanManual,CCCAGG,7.07,7.05,7.07,NEOS,1514446380,2017-12-28 09:08:10.302309,33.17,234.48
496,496.0,496.0,496.0,496.0,496.0,496.0,496.0,7.09,1,JordanManual,CCCAGG,7.09,7.07,7.07,NEOS,1514446560,2017-12-28 09:08:10.302309,0.0,0.0
497,497.0,497.0,497.0,497.0,497.0,497.0,497.0,7.11,1,JordanManual,CCCAGG,7.11,7.09,7.09,NEOS,1514446740,2017-12-28 09:08:10.302309,0.0,0.0
498,498.0,498.0,498.0,498.0,498.0,498.0,498.0,7.12,1,JordanManual,CCCAGG,7.13,7.12,7.12,NEOS,1514446920,2017-12-28 09:08:10.302309,21.37,152.15
499,499.0,499.0,499.0,499.0,499.0,499.0,499.0,7.12,1,JordanManual,CCCAGG,7.14,7.12,7.14,NEOS,1514447100,2017-12-28 09:08:10.302309,17.64,125.95
500,500.0,500.0,500.0,500.0,500.0,500.0,500.0,7.12,1,JordanManual,CCCAGG,7.13,7.12,7.13,NEOS,1514447280,2017-12-28 09:08:10.302309,66.51,473.55
501,501.0,501.0,501.0,501.0,501.0,501.0,501.0,7.11,1,JordanManual,CCCAGG,7.11,7.1,7.1,NEOS,1514447460,2017-12-28 09:08:10.302309,0.0,0.0
502,502.0,502.0,502.0,502.0,502.0,502.0,502.0,7.11,1,JordanManual,CCCAGG,7.11,7.11,7.11,NEOS,1514447640,2017-12-28 09:08:10.302309,192.01,1365.19
503,503.0,503.0,503.0,503.0,503.0,503.0,503.0,7.07,1,JordanManual,CCCAGG,7.1,7.07,7.1,NEOS,1514447820,2017-12-28 09:08:10.302309,0.0,0.0
504,504.0,504.0,504.0,504.0,504.0,504.0,504.0,7.09,1,JordanManual,CCCAGG,7.09,7.08,7.08,NEOS,1514448000,2017-12-28 09:08:10.302309,99.91,707.36
505,505.0,505.0,505.0,505.0,505.0,505.0,505.0,7.1,1,JordanManual,CCCAGG,7.1,7.09,7.09,NEOS,1514448180,2017-12-28 09:08:10.302309,0.0,0.0
506,506.0,506.0,506.0,506.0,506.0,506.0,506.0,7.13,1,JordanManual,CCCAGG,7.13,7.11,7.11,NEOS,1514448360,2017-12-28 09:08:10.302309,1.99,14.1899
507,507.0,507.0,507.0,507.0,507.0,507.0,507.0,7.13,1,JordanManual,CCCAGG,7.14,7.13,7.13,NEOS,1514448540,2017-12-28 09:08:10.302309,0.0,0.0
508,508.0,508.0,508.0,508.0,508.0,508.0,508.0,7.1,1,JordanManual,CCCAGG,7.13,7.1,7.13,NEOS,1514448720,2017-12-28 09:08:10.302309,2.06,14.67
509,509.0,509.0,509.0,509.0,509.0,509.0,509.0,7.03,1,JordanManual,CCCAGG,7.09,7.03,7.09,NEOS,1514448900,2017-12-28 09:08:10.302309,0.0,0.0
510,510.0,510.0,510.0,510.0,510.0,510.0,510.0,7.05,1,JordanManual,CCCAGG,7.05,7.05,7.05,NEOS,1514449080,2017-12-28 09:08:10.302309,0.0,0.0
511,511.0,511.0,511.0,511.0,511.0,511.0,511.0,7.06,1,JordanManual,CCCAGG,7.09,7.03,7.04,NEOS,1514449260,2017-12-28 09:08:10.302309,424.76,3004.44
512,512.0,512.0,512.0,512.0,512.0,512.0,512.0,7.08,1,JordanManual,CCCAGG,7.08,7.07,7.07,NEOS,1514449440,2017-12-28 09:08:10.302309,1205.04,8519.63
513,513.0,513.0,513.0,513.0,513.0,513.0,513.0,7.06,1,JordanManual,CCCAGG,7.07,7.06,7.07,NEOS,1514449620,2017-12-28 09:08:10.302309,105.65,745.92
514,514.0,514.0,514.0,514.0,514.0,514.0,514.0,7.05,1,JordanManual,CCCAGG,7.1,7.05,7.08,NEOS,1514449800,2017-12-28 09:08:10.302309,2107.68,14861.43
515,515.0,515.0,515.0,515.0,515.0,515.0,515.0,7.06,1,JordanManual,CCCAGG,7.06,7.05,7.05,NEOS,1514449980,2017-12-28 09:08:10.302309,100.28,707.96
516,516.0,516.0,516.0,516.0,516.0,516.0,516.0,7.05,1,JordanManual,CCCAGG,7.07,7.05,7.06,NEOS,1514450160,2017-12-28 09:08:10.302309,17.83,126.02
517,517.0,517.0,517.0,517.0,517.0,517.0,517.0,7.07,1,JordanManual,CCCAGG,7.07,7.05,7.05,NEOS,1514450340,2017-12-28 09:08:10.302309,0.0,0.0
518,518.0,518.0,518.0,518.0,518.0,518.0,518.0,7.07,1,JordanManual,CCCAGG,7.07,7.07,7.07,NEOS,1514450520,2017-12-28 09:08:10.302309,59.98,424.06
519,519.0,519.0,519.0,519.0,519.0,519.0,519.0,7.05,1,JordanManual,CCCAGG,7.07,7.05,7.07,NEOS,1514450700,2017-12-28 09:08:10.302309,27.98,197.37
520,520.0,520.0,520.0,520.0,520.0,520.0,520.0,7.05,1,JordanManual,CCCAGG,7.05,7.05,7.05,NEOS,1514450880,2017-12-28 09:08:10.302309,16.07,113.29
521,521.0,521.0,521.0,521.0,521.0,521.0,521.0,7.06,1,JordanManual,CCCAGG,7.06,7.05,7.05,NEOS,1514451060,2017-12-28 09:08:10.302309,0.0,0.0
522,522.0,522.0,522.0,522.0,522.0,522.0,522.0,7.1,1,JordanManual,CCCAGG,7.1,7.06,7.06,NEOS,1514451240,2017-12-28 09:08:10.302309,7.95,56.29
523,523.0,523.0,523.0,523.0,523.0,523.0,523.0,7.1,1,JordanManual,CCCAGG,7.11,7.08,7.11,NEOS,1514451420,2017-12-28 09:08:10.302309,164.24,1163.28
524,524.0,524.0,524.0,524.0,524.0,524.0,524.0,7.1,1,JordanManual,CCCAGG,7.11,7.1,7.1,NEOS,1514451600,2017-12-28 09:08:10.302309,3.55,25.21
525,525.0,525.0,525.0,525.0,525.0,525.0,525.0,7.08,1,JordanManual,CCCAGG,7.09,7.08,7.09,NEOS,1514451780,2017-12-28 09:08:10.302309,0.0,0.0
526,526.0,526.0,526.0,526.0,526.0,526.0,526.0,7.1,1,JordanManual,CCCAGG,7.1,7.08,7.08,NEOS,1514451960,2017-12-28 09:08:10.302309,7.59,53.74
527,527.0,527.0,527.0,527.0,527.0,527.0,527.0,7.09,1,JordanManual,CCCAGG,7.1,7.09,7.1,NEOS,1514452140,2017-12-28 09:08:10.302309,17.57,124.75
528,528.0,528.0,528.0,528.0,528.0,528.0,528.0,7.09,1,JordanManual,CCCAGG,7.09,7.08,7.09,NEOS,1514452320,2017-12-28 09:08:10.302309,10.49,74.37
529,529.0,529.0,529.0,529.0,529.0,529.0,529.0,7.09,1,JordanManual,CCCAGG,7.09,7.08,7.08,NEOS,1514452500,2017-12-28 09:08:10.302309,0.0,0.0
530,530.0,530.0,530.0,530.0,530.0,530.0,530.0,7.12,1,JordanManual,CCCAGG,7.12,7.1,7.1,NEOS,1514452680,2017-12-28 09:08:10.302309,6.4,45.5
531,531.0,531.0,531.0,531.0,531.0,531.0,531.0,7.12,1,JordanManual,CCCAGG,7.12,7.12,7.12,NEOS,1514452860,2017-12-28 09:08:10.302309,997.45,7101.84
532,532.0,532.0,532.0,532.0,532.0,532.0,532.0,7.15,1,JordanManual,CCCAGG,7.15,7.13,7.13,NEOS,1514453040,2017-12-28 09:08:10.302309,20.0,143.0
533,533.0,533.0,533.0,533.0,533.0,533.0,533.0,7.18,1,JordanManual,CCCAGG,7.18,7.16,7.16,NEOS,1514453220,2017-12-28 09:08:10.302309,6.18,44.25
534,534.0,534.0,534.0,534.0,534.0,534.0,534.0,7.22,1,JordanManual,CCCAGG,7.22,7.19,7.19,NEOS,1514453400,2017-12-28 09:08:10.302309,0.0,0.0
535,535.0,535.0,535.0,535.0,535.0,535.0,535.0,7.22,1,JordanManual,CCCAGG,7.23,7.21,7.21,NEOS,1514453580,2017-12-28 09:08:10.302309,2.31,16.68
536,536.0,536.0,536.0,536.0,536.0,536.0,536.0,7.21,1,JordanManual,CCCAGG,7.22,7.2,7.2,NEOS,1514453760,2017-12-28 09:08:10.302309,3.4,24.51
537,537.0,537.0,537.0,537.0,537.0,537.0,537.0,7.21,1,JordanManual,CCCAGG,7.21,7.2,7.2,NEOS,1514453940,2017-12-28 09:08:10.302309,0.0,0.0
538,538.0,538.0,538.0,538.0,538.0,538.0,538.0,7.21,1,JordanManual,CCCAGG,7.21,7.21,7.21,NEOS,1514454120,2017-12-28 09:08:10.302309,0.4561,3.29
539,539.0,539.0,539.0,539.0,539.0,539.0,539.0,7.18,1,JordanManual,CCCAGG,7.19,7.18,7.19,NEOS,1514454300,2017-12-28 09:08:10.302309,0.0,0.0
540,540.0,540.0,540.0,540.0,540.0,540.0,540.0,7.19,1,JordanManual,CCCAGG,7.19,7.18,7.18,NEOS,1514454480,2017-12-28 09:08:10.302309,6.45,46.38
541,541.0,541.0,541.0,541.0,541.0,541.0,541.0,7.21,1,JordanManual,CCCAGG,7.21,7.2,7.2,NEOS,1514454660,2017-12-28 09:08:10.302309,0.2959,2.13
542,542.0,542.0,542.0,542.0,542.0,542.0,542.0,7.17,1,JordanManual,CCCAGG,7.21,7.17,7.21,NEOS,1514454840,2017-12-28 09:08:10.302309,5.26,37.71
543,543.0,543.0,543.0,543.0,543.0,543.0,543.0,7.13,1,JordanManual,CCCAGG,7.15,7.13,7.15,NEOS,1514455020,2017-12-28 09:08:10.302309,6.5,46.35
544,544.0,544.0,544.0,544.0,544.0,544.0,544.0,7.14,1,JordanManual,CCCAGG,7.14,7.14,7.14,NEOS,1514455200,2017-12-28 09:08:10.302309,245.95,1756.09
545,545.0,545.0,545.0,545.0,545.0,545.0,545.0,7.14,1,JordanManual,CCCAGG,7.14,7.14,7.14,NEOS,1514455380,2017-12-28 09:08:10.302309,0.0,0.0
546,546.0,546.0,546.0,546.0,546.0,546.0,546.0,7.17,1,JordanManual,CCCAGG,7.17,7.15,7.15,NEOS,1514455560,2017-12-28 09:08:10.302309,0.0,0.0
547,547.0,547.0,547.0,547.0,547.0,547.0,547.0,7.17,1,JordanManual,CCCAGG,7.17,7.17,7.17,NEOS,1514455740,2017-12-28 09:08:10.302309,50.0,358.5
548,548.0,548.0,548.0,548.0,548.0,548.0,548.0,7.15,1,JordanManual,CCCAGG,7.16,7.15,7.16,NEOS,1514455920,2017-12-28 09:08:10.302309,54.35,389.11
549,549.0,549.0,549.0,549.0,549.0,549.0,549.0,7.12,1,JordanManual,CCCAGG,7.14,7.12,7.14,NEOS,1514456100,2017-12-28 09:08:10.302309,44.3,316.3
550,550.0,550.0,550.0,550.0,550.0,550.0,550.0,7.12,1,JordanManual,CCCAGG,7.12,7.12,7.12,NEOS,1514456280,2017-12-28 09:08:10.302309,0.0,0.0
551,551.0,551.0,551.0,551.0,551.0,551.0,551.0,7.11,1,JordanManual,CCCAGG,7.11,7.11,7.11,NEOS,1514456460,2017-12-28 09:08:10.302309,100.74,716.26
552,552.0,552.0,552.0,552.0,552.0,552.0,552.0,7.13,1,JordanManual,CCCAGG,7.13,7.11,7.11,NEOS,1514456640,2017-12-28 09:08:10.302309,0.0,0.0
553,553.0,553.0,553.0,553.0,553.0,553.0,553.0,7.12,1,JordanManual,CCCAGG,7.13,7.12,7.13,NEOS,1514456820,2017-12-28 09:08:10.302309,0.0,0.0
554,554.0,554.0,554.0,554.0,554.0,554.0,554.0,7.09,1,JordanManual,CCCAGG,7.11,7.09,7.11,NEOS,1514457000,2017-12-28 09:08:10.302309,20.0,142.2
555,555.0,555.0,555.0,555.0,555.0,555.0,555.0,7.04,1,JordanManual,CCCAGG,7.09,7.04,7.09,NEOS,1514457180,2017-12-28 09:08:10.302309,0.0,0.0
556,556.0,556.0,556.0,556.0,556.0,556.0,556.0,6.98,1,JordanManual,CCCAGG,7.02,6.98,7.0,NEOS,1514457360,2017-12-28 09:08:10.302309,199.95,1403.65
557,557.0,557.0,557.0,557.0,557.0,557.0,557.0,6.99,1,JordanManual,CCCAGG,6.99,6.97,6.97,NEOS,1514457540,2017-12-28 09:08:10.302309,5.08,35.41
558,558.0,558.0,558.0,558.0,558.0,558.0,558.0,6.98,1,JordanManual,CCCAGG,6.98,6.97,6.98,NEOS,1514457720,2017-12-28 09:08:10.302309,0.0,0.0
559,559.0,559.0,559.0,559.0,559.0,559.0,559.0,6.98,1,JordanManual,CCCAGG,6.98,6.97,6.97,NEOS,1514457900,2017-12-28 09:08:10.302309,0.0,0.0
560,560.0,560.0,560.0,560.0,560.0,560.0,560.0,6.99,1,JordanManual,CCCAGG,6.99,6.99,6.99,NEOS,1514458080,2017-12-28 09:08:10.302309,0.0,0.0
561,561.0,561.0,561.0,561.0,561.0,561.0,561.0,6.93,1,JordanManual,CCCAGG,6.98,6.93,6.98,NEOS,1514458260,2017-12-28 09:08:10.302309,14.0,97.58
562,562.0,562.0,562.0,562.0,562.0,562.0,562.0,6.83,1,JordanManual,CCCAGG,6.89,6.83,6.89,NEOS,1514458440,2017-12-28 09:08:10.302309,2.0,13.78
563,563.0,563.0,563.0,563.0,563.0,563.0,563.0,6.74,1,JordanManual,CCCAGG,6.84,6.74,6.84,NEOS,1514458620,2017-12-28 09:08:10.302309,298.15,2010.43
564,564.0,564.0,564.0,564.0,564.0,564.0,564.0,6.79,1,JordanManual,CCCAGG,6.8,6.75,6.75,NEOS,1514458800,2017-12-28 09:08:10.302309,0.0,0.0
565,565.0,565.0,565.0,565.0,565.0,565.0,565.0,6.77,1,JordanManual,CCCAGG,6.77,6.75,6.76,NEOS,1514458980,2017-12-28 09:08:10.302309,0.0,0.0
566,566.0,566.0,566.0,566.0,566.0,566.0,566.0,6.81,1,JordanManual,CCCAGG,6.82,6.77,6.82,NEOS,1514459160,2017-12-28 09:08:10.302309,10.8213,73.59
567,567.0,567.0,567.0,567.0,567.0,567.0,567.0,6.82,1,JordanManual,CCCAGG,6.82,6.82,6.82,NEOS,1514459340,2017-12-28 09:08:10.302309,11.59,79.04
568,568.0,568.0,568.0,568.0,568.0,568.0,568.0,6.84,1,JordanManual,CCCAGG,6.85,6.83,6.83,NEOS,1514459520,2017-12-28 09:08:10.302309,199.95,1369.66
569,569.0,569.0,569.0,569.0,569.0,569.0,569.0,6.83,1,JordanManual,CCCAGG,6.83,6.81,6.82,NEOS,1514459700,2017-12-28 09:08:10.302309,0.0,0.0
570,570.0,570.0,570.0,570.0,570.0,570.0,570.0,6.81,1,JordanManual,CCCAGG,6.85,6.81,6.85,NEOS,1514459880,2017-12-28 09:08:10.302309,0.9999,6.81
571,571.0,571.0,571.0,571.0,571.0,571.0,571.0,6.83,1,JordanManual,CCCAGG,6.83,6.81,6.81,NEOS,1514460060,2017-12-28 09:08:10.302309,0.0,0.0
572,572.0,572.0,572.0,572.0,572.0,572.0,572.0,6.85,1,JordanManual,CCCAGG,6.87,6.85,6.86,NEOS,1514460240,2017-12-28 09:08:10.302309,0.0,0.0
573,573.0,573.0,573.0,573.0,573.0,573.0,573.0,6.86,1,JordanManual,CCCAGG,6.87,6.86,6.86,NEOS,1514460420,2017-12-28 09:08:10.302309,70.54,483.91
574,574.0,574.0,574.0,574.0,574.0,574.0,574.0,6.85,1,JordanManual,CCCAGG,6.87,6.85,6.87,NEOS,1514460600,2017-12-28 09:08:10.302309,10.37,71.15
575,575.0,575.0,575.0,575.0,575.0,575.0,575.0,6.82,1,JordanManual,CCCAGG,6.84,6.81,6.84,NEOS,1514460780,2017-12-28 09:08:10.302309,0.0,0.0
576,576.0,576.0,576.0,576.0,576.0,576.0,576.0,6.8,1,JordanManual,CCCAGG,6.8,6.8,6.8,NEOS,1514460960,2017-12-28 09:08:10.302309,0.0,0.0
577,577.0,577.0,577.0,577.0,577.0,577.0,577.0,6.86,1,JordanManual,CCCAGG,6.86,6.81,6.81,NEOS,1514461140,2017-12-28 09:08:10.302309,0.0,0.0
578,578.0,578.0,578.0,578.0,578.0,578.0,578.0,6.87,1,JordanManual,CCCAGG,6.87,6.86,6.86,NEOS,1514461320,2017-12-28 09:08:10.302309,3.28,22.5
579,579.0,579.0,579.0,579.0,579.0,579.0,579.0,6.87,1,JordanManual,CCCAGG,6.88,6.87,6.87,NEOS,1514461500,2017-12-28 09:08:10.302309,0.0,0.0
580,580.0,580.0,580.0,580.0,580.0,580.0,580.0,6.87,1,JordanManual,CCCAGG,6.87,6.86,6.86,NEOS,1514461680,2017-12-28 09:08:10.302309,0.0,0.0
581,581.0,581.0,581.0,581.0,581.0,581.0,581.0,6.88,1,JordanManual,CCCAGG,6.88,6.87,6.87,NEOS,1514461860,2017-12-28 09:08:10.302309,0.0,0.0
582,582.0,582.0,582.0,582.0,582.0,582.0,582.0,6.93,1,JordanManual,CCCAGG,6.93,6.88,6.88,NEOS,1514462040,2017-12-28 09:08:10.302309,0.0,0.0
583,583.0,583.0,583.0,583.0,583.0,583.0,583.0,6.92,1,JordanManual,CCCAGG,6.92,6.91,6.91,NEOS,1514462220,2017-12-28 09:08:10.302309,0.0,0.0
584,584.0,584.0,584.0,584.0,584.0,584.0,584.0,6.9,1,JordanManual,CCCAGG,6.93,6.9,6.93,NEOS,1514462400,2017-12-28 09:08:10.302309,0.0,0.0
585,585.0,585.0,585.0,585.0,585.0,585.0,585.0,6.88,1,JordanManual,CCCAGG,6.88,6.86,6.87,NEOS,1514462580,2017-12-28 09:08:10.302309,91.22,627.41
586,586.0,586.0,586.0,586.0,586.0,586.0,586.0,6.87,1,JordanManual,CCCAGG,6.87,6.86,6.86,NEOS,1514462760,2017-12-28 09:08:10.302309,3.35,23.01
587,587.0,587.0,587.0,587.0,587.0,587.0,587.0,6.88,1,JordanManual,CCCAGG,6.88,6.87,6.88,NEOS,1514462940,2017-12-28 09:08:10.302309,49.6,340.94
588,588.0,588.0,588.0,588.0,588.0,588.0,588.0,6.88,1,JordanManual,CCCAGG,6.89,6.88,6.89,NEOS,1514463120,2017-12-28 09:08:10.302309,12.45,85.78
589,589.0,589.0,589.0,589.0,589.0,589.0,589.0,6.84,1,JordanManual,CCCAGG,6.88,6.84,6.88,NEOS,1514463300,2017-12-28 09:08:10.302309,0.0,0.0
590,590.0,590.0,590.0,590.0,590.0,590.0,590.0,6.83,1,JordanManual,CCCAGG,6.84,6.82,6.84,NEOS,1514463480,2017-12-28 09:08:10.302309,0.0,0.0
591,591.0,591.0,591.0,591.0,591.0,591.0,591.0,6.84,1,JordanManual,CCCAGG,6.84,6.84,6.84,NEOS,1514463660,2017-12-28 09:08:10.302309,0.0,0.0
592,592.0,592.0,592.0,592.0,592.0,592.0,592.0,6.85,1,JordanManual,CCCAGG,6.85,6.85,6.85,NEOS,1514463840,2017-12-28 09:08:10.302309,0.0,0.0
593,593.0,593.0,593.0,593.0,593.0,593.0,593.0,6.93,1,JordanManual,CCCAGG,6.94,6.86,6.86,NEOS,1514464020,2017-12-28 09:08:10.302309,109.82,761.03
594,594.0,594.0,594.0,594.0,594.0,594.0,594.0,6.93,1,JordanManual,CCCAGG,6.94,6.93,6.94,NEOS,1514464200,2017-12-28 09:08:10.302309,0.0,0.0
595,595.0,595.0,595.0,595.0,595.0,595.0,595.0,6.91,1,JordanManual,CCCAGG,6.91,6.9,6.91,NEOS,1514464380,2017-12-28 09:08:10.302309,18.89,130.53
596,596.0,596.0,596.0,596.0,596.0,596.0,596.0,6.93,1,JordanManual,CCCAGG,6.93,6.92,6.92,NEOS,1514464560,2017-12-28 09:08:10.302309,0.0,0.0
597,597.0,597.0,597.0,597.0,597.0,597.0,597.0,6.93,1,JordanManual,CCCAGG,6.93,6.93,6.93,NEOS,1514464740,2017-12-28 09:08:10.302309,0.4382,3.04
598,598.0,598.0,598.0,598.0,598.0,598.0,598.0,6.93,1,JordanManual,CCCAGG,6.93,6.93,6.93,NEOS,1514464920,2017-12-28 09:08:10.302309,0.0,0.0
599,599.0,599.0,599.0,599.0,599.0,599.0,599.0,7.05,1,JordanManual,CCCAGG,7.05,6.93,6.93,NEOS,1514465100,2017-12-28 09:08:10.302309,0.9975,6.91
600,600.0,600.0,600.0,600.0,600.0,600.0,600.0,7.06,1,JordanManual,CCCAGG,7.06,7.05,7.06,NEOS,1514465280,2017-12-28 09:08:10.302309,22.61,159.58
601,601.0,601.0,601.0,601.0,601.0,601.0,601.0,7.06,1,JordanManual,CCCAGG,7.06,7.06,7.06,NEOS,1514465460,2017-12-28 09:08:10.302309,0.0,0.0
602,602.0,602.0,602.0,602.0,602.0,602.0,602.0,7.05,1,JordanManual,CCCAGG,7.06,7.05,7.06,NEOS,1514465640,2017-12-28 09:08:10.302309,0.0,0.0
603,603.0,603.0,603.0,603.0,603.0,603.0,603.0,7.04,1,JordanManual,CCCAGG,7.04,7.02,7.03,NEOS,1514465820,2017-12-28 09:08:10.302309,0.0,0.0
604,604.0,604.0,604.0,604.0,604.0,604.0,604.0,7.04,1,JordanManual,CCCAGG,7.04,7.03,7.03,NEOS,1514466000,2017-12-28 09:08:10.302309,55.18,388.47
605,605.0,605.0,605.0,605.0,605.0,605.0,605.0,6.87,1,JordanManual,CCCAGG,7.06,6.87,7.05,NEOS,1514466180,2017-12-28 09:08:10.302309,509.0,3496.83
606,606.0,606.0,606.0,606.0,606.0,606.0,606.0,6.87,1,JordanManual,CCCAGG,6.87,6.86,6.87,NEOS,1514466360,2017-12-28 09:08:10.302309,147.32,1012.09
607,607.0,607.0,607.0,607.0,607.0,607.0,607.0,6.87,1,JordanManual,CCCAGG,6.87,6.86,6.86,NEOS,1514466540,2017-12-28 09:08:10.302309,505.33,3466.56
608,608.0,608.0,608.0,608.0,608.0,608.0,608.0,6.88,1,JordanManual,CCCAGG,6.88,6.87,6.87,NEOS,1514466720,2017-12-28 09:08:10.302309,49.51,340.13
609,609.0,609.0,609.0,609.0,609.0,609.0,609.0,6.9,1,JordanManual,CCCAGG,6.9,6.88,6.88,NEOS,1514466900,2017-12-28 09:08:10.302309,1.61,11.11
610,610.0,610.0,610.0,610.0,610.0,610.0,610.0,7.0,1,JordanManual,CCCAGG,7.0,6.91,6.91,NEOS,1514467080,2017-12-28 09:08:10.302309,26.05,182.35
611,611.0,611.0,611.0,611.0,611.0,611.0,611.0,7.0,1,JordanManual,CCCAGG,7.0,6.99,6.99,NEOS,1514467260,2017-12-28 09:08:10.302309,0.0,0.0
612,612.0,612.0,612.0,612.0,612.0,612.0,612.0,6.97,1,JordanManual,CCCAGG,7.0,6.97,7.0,NEOS,1514467440,2017-12-28 09:08:10.302309,0.0,0.0
613,613.0,613.0,613.0,613.0,613.0,613.0,613.0,6.97,1,JordanManual,CCCAGG,6.98,6.97,6.98,NEOS,1514467620,2017-12-28 09:08:10.302309,20.68,144.35
614,614.0,614.0,614.0,614.0,614.0,614.0,614.0,6.97,1,JordanManual,CCCAGG,6.98,6.97,6.98,NEOS,1514467800,2017-12-28 09:08:10.302309,0.0,0.0
615,615.0,615.0,615.0,615.0,615.0,615.0,615.0,6.93,1,JordanManual,CCCAGG,6.95,6.93,6.95,NEOS,1514467980,2017-12-28 09:08:10.302309,0.0,0.0
616,616.0,616.0,616.0,616.0,616.0,616.0,616.0,6.92,1,JordanManual,CCCAGG,6.93,6.91,6.91,NEOS,1514468160,2017-12-28 09:08:10.302309,22.0,152.02
617,617.0,617.0,617.0,617.0,617.0,617.0,617.0,6.95,1,JordanManual,CCCAGG,6.96,6.94,6.94,NEOS,1514468340,2017-12-28 09:08:10.302309,2.1,14.6
618,618.0,618.0,618.0,618.0,618.0,618.0,618.0,6.95,1,JordanManual,CCCAGG,6.96,6.95,6.95,NEOS,1514468520,2017-12-28 09:08:10.302309,0.0,0.0
619,619.0,619.0,619.0,619.0,619.0,619.0,619.0,6.96,1,JordanManual,CCCAGG,6.96,6.95,6.95,NEOS,1514468700,2017-12-28 09:08:10.302309,484.21,3365.29
620,620.0,620.0,620.0,620.0,620.0,620.0,620.0,6.95,1,JordanManual,CCCAGG,6.96,6.95,6.95,NEOS,1514468880,2017-12-28 09:08:10.302309,0.0,0.0
621,621.0,621.0,621.0,621.0,621.0,621.0,621.0,6.94,1,JordanManual,CCCAGG,6.95,6.94,6.95,NEOS,1514469060,2017-12-28 09:08:10.302309,13.29,92.23
622,622.0,622.0,622.0,622.0,622.0,622.0,622.0,6.94,1,JordanManual,CCCAGG,6.95,6.94,6.95,NEOS,1514469240,2017-12-28 09:08:10.302309,13.29,92.37
623,623.0,623.0,623.0,623.0,623.0,623.0,623.0,6.95,1,JordanManual,CCCAGG,6.95,6.88,6.94,NEOS,1514469420,2017-12-28 09:08:10.302309,18.5144,128.66
624,624.0,624.0,624.0,624.0,624.0,624.0,624.0,6.93,1,JordanManual,CCCAGG,6.94,6.93,6.94,NEOS,1514469600,2017-12-28 09:08:10.302309,0.0,0.0
625,625.0,625.0,625.0,625.0,625.0,625.0,625.0,6.89,1,JordanManual,CCCAGG,6.9,6.89,6.9,NEOS,1514469780,2017-12-28 09:08:10.302309,0.0,0.0
626,626.0,626.0,626.0,626.0,626.0,626.0,626.0,6.85,1,JordanManual,CCCAGG,6.88,6.85,6.88,NEOS,1514469960,2017-12-28 09:08:10.302309,0.0,0.0
627,627.0,627.0,627.0,627.0,627.0,627.0,627.0,6.8,1,JordanManual,CCCAGG,6.82,6.8,6.81,NEOS,1514470140,2017-12-28 09:08:10.302309,1280.43,8719.73
628,628.0,628.0,628.0,628.0,628.0,628.0,628.0,6.82,1,JordanManual,CCCAGG,6.84,6.81,6.81,NEOS,1514470320,2017-12-28 09:08:10.302309,0.0,0.0
629,629.0,629.0,629.0,629.0,629.0,629.0,629.0,6.85,1,JordanManual,CCCAGG,6.85,6.82,6.82,NEOS,1514470500,2017-12-28 09:08:10.302309,3.27,22.3
630,630.0,630.0,630.0,630.0,630.0,630.0,630.0,6.88,1,JordanManual,CCCAGG,6.88,6.86,6.86,NEOS,1514470680,2017-12-28 09:08:10.302309,11.52,79.2
631,631.0,631.0,631.0,631.0,631.0,631.0,631.0,6.89,1,JordanManual,CCCAGG,6.89,6.86,6.89,NEOS,1514470860,2017-12-28 09:08:10.302309,79.6,546.77
632,632.0,632.0,632.0,632.0,632.0,632.0,632.0,6.86,1,JordanManual,CCCAGG,6.88,6.83,6.88,NEOS,1514471040,2017-12-28 09:08:10.302309,35.74,244.1
633,633.0,633.0,633.0,633.0,633.0,633.0,633.0,6.93,1,JordanManual,CCCAGG,6.93,6.86,6.86,NEOS,1514471220,2017-12-28 09:08:10.302309,6.13,42.48
634,634.0,634.0,634.0,634.0,634.0,634.0,634.0,6.91,1,JordanManual,CCCAGG,6.94,6.91,6.94,NEOS,1514471400,2017-12-28 09:08:10.302309,18.39,127.32
635,635.0,635.0,635.0,635.0,635.0,635.0,635.0,6.93,1,JordanManual,CCCAGG,6.93,6.91,6.91,NEOS,1514471580,2017-12-28 09:08:10.302309,15.94,110.46
636,636.0,636.0,636.0,636.0,636.0,636.0,636.0,6.93,1,JordanManual,CCCAGG,6.95,6.93,6.93,NEOS,1514471760,2017-12-28 09:08:10.302309,48.31,335.45
637,637.0,637.0,637.0,637.0,637.0,637.0,637.0,6.93,1,JordanManual,CCCAGG,6.93,6.92,6.92,NEOS,1514471940,2017-12-28 09:08:10.302309,14.26,98.68
638,638.0,638.0,638.0,638.0,638.0,638.0,638.0,6.92,1,JordanManual,CCCAGG,6.93,6.92,6.93,NEOS,1514472120,2017-12-28 09:08:10.302309,120.74,835.52
639,639.0,639.0,639.0,639.0,639.0,639.0,639.0,6.91,1,JordanManual,CCCAGG,6.91,6.91,6.91,NEOS,1514472300,2017-12-28 09:08:10.302309,0.0,0.0
640,640.0,640.0,640.0,640.0,640.0,640.0,640.0,6.97,1,JordanManual,CCCAGG,6.97,6.93,6.93,NEOS,1514472480,2017-12-28 09:08:10.302309,0.0,0.0
641,641.0,641.0,641.0,641.0,641.0,641.0,641.0,7.01,1,JordanManual,CCCAGG,7.01,6.99,6.99,NEOS,1514472660,2017-12-28 09:08:10.302309,142.14,996.4
642,642.0,642.0,642.0,642.0,642.0,642.0,642.0,7.02,1,JordanManual,CCCAGG,7.02,7.01,7.01,NEOS,1514472840,2017-12-28 09:08:10.302309,2.05,14.39
643,643.0,643.0,643.0,643.0,643.0,643.0,643.0,7.01,1,JordanManual,CCCAGG,7.02,7.01,7.02,NEOS,1514473020,2017-12-28 09:08:10.302309,0.0,0.0
644,644.0,644.0,644.0,644.0,644.0,644.0,644.0,7.07,1,JordanManual,CCCAGG,7.07,7.02,7.02,NEOS,1514473200,2017-12-28 09:08:10.302309,2.79,19.73
645,645.0,645.0,645.0,645.0,645.0,645.0,645.0,7.02,1,JordanManual,CCCAGG,7.04,7.02,7.04,NEOS,1514473380,2017-12-28 09:08:10.302309,44.86,314.99
646,646.0,646.0,646.0,646.0,646.0,646.0,646.0,7.07,1,JordanManual,CCCAGG,7.07,7.04,7.04,NEOS,1514473560,2017-12-28 09:08:10.302309,0.6149,4.33
647,647.0,647.0,647.0,647.0,647.0,647.0,647.0,7.13,1,JordanManual,CCCAGG,7.13,7.05,7.05,NEOS,1514473740,2017-12-28 09:08:10.302309,7.65,54.09
648,648.0,648.0,648.0,648.0,648.0,648.0,648.0,7.08,1,JordanManual,CCCAGG,7.12,7.08,7.12,NEOS,1514473920,2017-12-28 09:08:10.302309,0.0,0.0
649,649.0,649.0,649.0,649.0,649.0,649.0,649.0,7.06,1,JordanManual,CCCAGG,7.08,7.06,7.06,NEOS,1514474100,2017-12-28 09:08:10.302309,68.8,485.73
650,650.0,650.0,650.0,650.0,650.0,650.0,650.0,7.01,1,JordanManual,CCCAGG,7.1,7.01,7.07,NEOS,1514474280,2017-12-28 09:08:10.302309,32.21,226.01
651,651.0,651.0,651.0,651.0,651.0,651.0,651.0,7.0,1,JordanManual,CCCAGG,7.0,6.99,6.99,NEOS,1514474460,2017-12-28 09:08:10.302309,12.51,87.57
652,652.0,652.0,652.0,652.0,652.0,652.0,652.0,7.0,1,JordanManual,CCCAGG,7.0,6.99,7.0,NEOS,1514474640,2017-12-28 09:08:10.302309,1.6,11.2
653,653.0,653.0,653.0,653.0,653.0,653.0,653.0,7.02,1,JordanManual,CCCAGG,7.02,7.01,7.01,NEOS,1514474820,2017-12-28 09:08:10.302309,5.25,36.85
654,654.0,654.0,654.0,654.0,654.0,654.0,654.0,6.98,1,JordanManual,CCCAGG,7.0,6.98,7.0,NEOS,1514475000,2017-12-28 09:08:10.302309,0.0,0.0
655,655.0,655.0,655.0,655.0,655.0,655.0,655.0,6.95,1,JordanManual,CCCAGG,6.98,6.95,6.98,NEOS,1514475180,2017-12-28 09:08:10.302309,11.5786,80.5
656,656.0,656.0,656.0,656.0,656.0,656.0,656.0,6.95,1,JordanManual,CCCAGG,6.96,6.95,6.95,NEOS,1514475360,2017-12-28 09:08:10.302309,0.0,0.0
657,657.0,657.0,657.0,657.0,657.0,657.0,657.0,7.0,1,JordanManual,CCCAGG,7.0,6.98,7.0,NEOS,1514475540,2017-12-28 09:08:10.302309,23.78,166.4
658,658.0,658.0,658.0,658.0,658.0,658.0,658.0,7.0,1,JordanManual,CCCAGG,7.01,6.98,6.98,NEOS,1514475720,2017-12-28 09:08:10.302309,0.8674,6.08
659,659.0,659.0,659.0,659.0,659.0,659.0,659.0,7.01,1,JordanManual,CCCAGG,7.01,7.01,7.01,NEOS,1514475900,2017-12-28 09:08:10.302309,6.4,44.86
660,660.0,660.0,660.0,660.0,660.0,660.0,660.0,7.0,1,JordanManual,CCCAGG,7.01,7.0,7.01,NEOS,1514476080,2017-12-28 09:08:10.302309,0.0,0.0
661,661.0,661.0,661.0,661.0,661.0,661.0,661.0,6.99,1,JordanManual,CCCAGG,6.99,6.98,6.98,NEOS,1514476260,2017-12-28 09:08:10.302309,173.56,1212.46
662,662.0,662.0,662.0,662.0,662.0,662.0,662.0,7.02,1,JordanManual,CCCAGG,7.02,6.99,7.0,NEOS,1514476440,2017-12-28 09:08:10.302309,1.05,7.37
663,663.0,663.0,663.0,663.0,663.0,663.0,663.0,6.98,1,JordanManual,CCCAGG,7.01,6.98,7.01,NEOS,1514476620,2017-12-28 09:08:10.302309,58.4123,408.87
664,664.0,664.0,664.0,664.0,664.0,664.0,664.0,6.98,1,JordanManual,CCCAGG,6.99,6.98,6.98,NEOS,1514476800,2017-12-28 09:08:10.302309,0.0,0.0
665,665.0,665.0,665.0,665.0,665.0,665.0,665.0,6.96,1,JordanManual,CCCAGG,6.98,6.96,6.98,NEOS,1514476980,2017-12-28 09:08:10.302309,0.5794,4.04
666,666.0,666.0,666.0,666.0,666.0,666.0,666.0,6.95,1,JordanManual,CCCAGG,6.96,6.95,6.96,NEOS,1514477160,2017-12-28 09:08:10.302309,19.0,132.24
667,667.0,667.0,667.0,667.0,667.0,667.0,,6.94,1,JordanManual,CCCAGG,6.95,6.94,6.95,NEOS,1514477340,2017-12-28 09:12:43.798780,0.0,0.0
668,668.0,668.0,668.0,668.0,668.0,668.0,,6.92,1,JordanManual,CCCAGG,6.93,6.93,6.93,NEOS,1514477520,2017-12-28 09:12:43.798780,0.0,0.0
669,669.0,669.0,669.0,669.0,669.0,,,6.92,1,JordanManual,CCCAGG,6.94,6.92,6.94,NEOS,1514477700,2017-12-28 09:19:52.292532,7.14,49.55
670,670.0,670.0,670.0,670.0,670.0,,,6.91,1,JordanManual,CCCAGG,6.92,6.9,6.92,NEOS,1514477880,2017-12-28 09:19:52.292532,57.92,399.65
671,671.0,671.0,671.0,671.0,,,,6.98,1,JordanManual,CCCAGG,6.93,6.93,6.93,NEOS,1514478060,2017-12-28 09:23:41.259601,0.0,0.0
672,672.0,672.0,672.0,,,,,6.97,1,JordanManual,CCCAGG,6.97,6.96,6.96,NEOS,1514478240,2017-12-28 09:27:37.645429,0.0,0.0
673,673.0,673.0,673.0,,,,,7.0,1,JordanManual,CCCAGG,6.97,6.97,6.97,NEOS,1514478420,2017-12-28 09:27:37.645429,0.0,0.0
674,674.0,674.0,,,,,,7.0,1,JordanManual,CCCAGG,6.97,6.97,6.97,NEOS,1514478600,2017-12-28 09:30:48.407534,0.0,0.0
675,675.0,,,,,,,7.01,1,JordanManual,CCCAGG,7.01,6.99,6.99,NEOS,1514478780,2017-12-28 10:09:15.839650,9.94,69.65
676,676.0,,,,,,,7.02,1,JordanManual,CCCAGG,7.02,7.01,7.01,NEOS,1514478960,2017-12-28 10:09:15.839650,24.4893,171.92
677,677.0,,,,,,,7.0,1,JordanManual,CCCAGG,7.03,7.0,7.02,NEOS,1514479140,2017-12-28 10:09:15.839650,21.02,147.14
678,678.0,,,,,,,6.97,1,JordanManual,CCCAGG,6.99,6.97,6.99,NEOS,1514479320,2017-12-28 10:09:15.839650,64.38,449.22
679,679.0,,,,,,,6.95,1,JordanManual,CCCAGG,6.95,6.95,6.95,NEOS,1514479500,2017-12-28 10:09:15.839650,0.0,0.0
680,680.0,,,,,,,6.93,1,JordanManual,CCCAGG,6.94,6.93,6.94,NEOS,1514479680,2017-12-28 10:09:15.839650,99.225,687.63
681,681.0,,,,,,,6.88,1,JordanManual,CCCAGG,6.93,6.88,6.93,NEOS,1514479860,2017-12-28 10:09:15.839650,0.99,6.86
682,682.0,,,,,,,6.84,1,JordanManual,CCCAGG,6.85,6.84,6.85,NEOS,1514480040,2017-12-28 10:09:15.839650,90.91,622.73
683,683.0,,,,,,,6.82,1,JordanManual,CCCAGG,6.83,6.81,6.81,NEOS,1514480220,2017-12-28 10:09:15.839650,75.36,513.96
684,684.0,,,,,,,6.86,1,JordanManual,CCCAGG,6.86,6.84,6.84,NEOS,1514480400,2017-12-28 10:09:15.839650,7.56,51.71
685,685.0,,,,,,,6.85,1,JordanManual,CCCAGG,6.85,6.84,6.84,NEOS,1514480580,2017-12-28 10:09:15.839650,130.02,890.64
686,686.0,,,,,,,6.88,1,JordanManual,CCCAGG,6.88,6.86,6.86,NEOS,1514480760,2017-12-28 10:09:15.839650,0.0,0.0
687,687.0,,,,,,,6.84,1,JordanManual,CCCAGG,6.88,6.88,6.88,NEOS,1514480940,2017-12-28 10:09:15.839650,0.0,0.0
688,,,,,,,,6.8,1,JordanManual,CCCAGG,6.8,6.79,6.79,NEOS,1514481120,2017-12-28 10:33:22.598894,105.04,714.27
689,,,,,,,,6.83,1,JordanManual,CCCAGG,6.83,6.8,6.8,NEOS,1514481300,2017-12-28 10:33:22.598894,20.0,136.3
690,,,,,,,,6.76,1,JordanManual,CCCAGG,6.82,6.76,6.82,NEOS,1514481480,2017-12-28 10:33:22.598894,0.0,0.0
691,,,,,,,,6.74,1,JordanManual,CCCAGG,6.77,6.74,6.75,NEOS,1514481660,2017-12-28 10:33:22.598894,4.0,27.0
692,,,,,,,,6.77,1,JordanManual,CCCAGG,6.77,6.74,6.74,NEOS,1514481840,2017-12-28 10:33:22.598894,7.68,51.93
693,,,,,,,,6.75,1,JordanManual,CCCAGG,6.79,6.75,6.79,NEOS,1514482020,2017-12-28 10:33:22.598894,1.04,7.03
694,,,,,,,,6.76,1,JordanManual,CCCAGG,6.76,6.75,6.75,NEOS,1514482200,2017-12-28 10:33:22.598894,6.16,41.58
695,,,,,,,,6.77,1,JordanManual,CCCAGG,6.77,6.77,6.77,NEOS,1514482380,2017-12-28 10:33:22.598894,0.0,0.0
