Id,Id,close,coin_units,computer_name,exchange,high,low,open,symbol,time,timestamp_api_call,volumefrom,volumeto
0,0.0,0.00219,1,JordanManual,CCCAGG,0.002195,0.00219,0.002195,OPES,1514330640,2017-12-28 01:44:58.934836,0.0,0.0
1,1.0,0.002186,1,JordanManual,CCCAGG,0.002189,0.002185,0.002189,OPES,1514330820,2017-12-28 01:44:58.934836,0.0,0.0
2,2.0,0.002192,1,JordanManual,CCCAGG,0.002192,0.002184,0.002184,OPES,1514331000,2017-12-28 01:44:58.934836,0.0,0.0
3,3.0,0.002191,1,JordanManual,CCCAGG,0.002197,0.002191,0.002197,OPES,1514331180,2017-12-28 01:44:58.934836,0.0,0.0
4,4.0,0.002194,1,JordanManual,CCCAGG,0.002194,0.002193,0.002193,OPES,1514331360,2017-12-28 01:44:58.934836,0.0,0.0
5,5.0,0.002191,1,JordanManual,CCCAGG,0.002191,0.002189,0.002191,OPES,1514331540,2017-12-28 01:44:58.934836,0.0,0.0
6,6.0,0.002194,1,JordanManual,CCCAGG,0.002194,0.00219,0.00219,OPES,1514331720,2017-12-28 01:44:58.934836,0.0,0.0
7,7.0,0.002195,1,JordanManual,CCCAGG,0.002196,0.002195,0.002195,OPES,1514331900,2017-12-28 01:44:58.934836,0.0,0.0
8,8.0,0.002194,1,JordanManual,CCCAGG,0.002196,0.002194,0.002196,OPES,1514332080,2017-12-28 01:44:58.934836,0.0,0.0
9,9.0,0.002204,1,JordanManual,CCCAGG,0.002204,0.002196,0.002196,OPES,1514332260,2017-12-28 01:44:58.934836,0.0,0.0
10,10.0,0.002203,1,JordanManual,CCCAGG,0.002203,0.002202,0.002202,OPES,1514332440,2017-12-28 01:44:58.934836,0.0,0.0
11,11.0,0.002206,1,JordanManual,CCCAGG,0.002206,0.002203,0.002203,OPES,1514332620,2017-12-28 01:44:58.934836,0.0,0.0
12,12.0,0.002199,1,JordanManual,CCCAGG,0.002201,0.002199,0.002201,OPES,1514332800,2017-12-28 01:44:58.934836,0.0,0.0
13,13.0,0.002198,1,JordanManual,CCCAGG,0.002199,0.002198,0.002199,OPES,1514332980,2017-12-28 01:44:58.934836,0.0,0.0
14,14.0,0.00219,1,JordanManual,CCCAGG,0.002195,0.00219,0.002195,OPES,1514333160,2017-12-28 01:44:58.934836,0.0,0.0
15,15.0,0.002187,1,JordanManual,CCCAGG,0.002191,0.002187,0.002191,OPES,1514333340,2017-12-28 01:44:58.934836,0.0,0.0
16,16.0,0.002186,1,JordanManual,CCCAGG,0.002186,0.002186,0.002186,OPES,1514333520,2017-12-28 01:44:58.934836,0.0,0.0
17,17.0,0.00219,1,JordanManual,CCCAGG,0.00219,0.002187,0.002187,OPES,1514333700,2017-12-28 01:44:58.934836,0.0,0.0
18,18.0,0.002191,1,JordanManual,CCCAGG,0.002191,0.00219,0.00219,OPES,1514333880,2017-12-28 01:44:58.934836,0.0,0.0
19,19.0,0.002194,1,JordanManual,CCCAGG,0.002194,0.00219,0.00219,OPES,1514334060,2017-12-28 01:44:58.934836,0.0,0.0
20,20.0,0.002202,1,JordanManual,CCCAGG,0.002202,0.002195,0.002195,OPES,1514334240,2017-12-28 01:44:58.934836,0.0,0.0
21,21.0,0.002209,1,JordanManual,CCCAGG,0.002209,0.002208,0.002208,OPES,1514334420,2017-12-28 01:44:58.934836,0.0,0.0
22,22.0,0.002206,1,JordanManual,CCCAGG,0.002208,0.002206,0.002208,OPES,1514334600,2017-12-28 01:44:58.934836,0.0,0.0
23,23.0,0.002206,1,JordanManual,CCCAGG,0.002206,0.002205,0.002205,OPES,1514334780,2017-12-28 01:44:58.934836,0.0,0.0
24,24.0,0.002204,1,JordanManual,CCCAGG,0.002208,0.002204,0.002208,OPES,1514334960,2017-12-28 01:44:58.934836,0.0,0.0
25,25.0,0.002204,1,JordanManual,CCCAGG,0.002204,0.002202,0.002203,OPES,1514335140,2017-12-28 01:44:58.934836,0.0,0.0
26,26.0,0.002201,1,JordanManual,CCCAGG,0.002203,0.002201,0.002203,OPES,1514335320,2017-12-28 01:44:58.934836,0.0,0.0
27,27.0,0.002206,1,JordanManual,CCCAGG,0.002206,0.0022,0.0022,OPES,1514335500,2017-12-28 01:44:58.934836,0.0,0.0
28,28.0,0.002202,1,JordanManual,CCCAGG,0.002209,0.002202,0.002209,OPES,1514335680,2017-12-28 01:44:58.934836,0.0,0.0
29,29.0,0.002204,1,JordanManual,CCCAGG,0.002204,0.002201,0.002201,OPES,1514335860,2017-12-28 01:44:58.934836,0.0,0.0
30,30.0,0.002204,1,JordanManual,CCCAGG,0.002204,0.002203,0.002203,OPES,1514336040,2017-12-28 01:44:58.934836,0.0,0.0
31,31.0,0.002202,1,JordanManual,CCCAGG,0.002203,0.002202,0.002203,OPES,1514336220,2017-12-28 01:44:58.934836,0.0,0.0
32,32.0,0.002207,1,JordanManual,CCCAGG,0.002207,0.002204,0.002204,OPES,1514336400,2017-12-28 01:44:58.934836,0.0,0.0
33,33.0,0.002213,1,JordanManual,CCCAGG,0.002213,0.002207,0.002207,OPES,1514336580,2017-12-28 01:44:58.934836,0.0,0.0
34,34.0,0.002227,1,JordanManual,CCCAGG,0.002227,0.002218,0.002218,OPES,1514336760,2017-12-28 01:44:58.934836,0.0,0.0
35,35.0,0.002229,1,JordanManual,CCCAGG,0.002229,0.002226,0.002228,OPES,1514336940,2017-12-28 01:44:58.934836,1149.25,2.56
36,36.0,0.002234,1,JordanManual,CCCAGG,0.002234,0.002232,0.002232,OPES,1514337120,2017-12-28 01:44:58.934836,0.0,0.0
37,37.0,0.002234,1,JordanManual,CCCAGG,0.002234,0.002233,0.002233,OPES,1514337300,2017-12-28 01:44:58.934836,0.0,0.0
38,38.0,0.002227,1,JordanManual,CCCAGG,0.002233,0.002227,0.002233,OPES,1514337480,2017-12-28 01:44:58.934836,0.0,0.0
39,39.0,0.002231,1,JordanManual,CCCAGG,0.002231,0.00223,0.00223,OPES,1514337660,2017-12-28 01:44:58.934836,0.0,0.0
40,40.0,0.00223,1,JordanManual,CCCAGG,0.00223,0.002229,0.002229,OPES,1514337840,2017-12-28 01:44:58.934836,0.0,0.0
41,41.0,0.002224,1,JordanManual,CCCAGG,0.002228,0.002224,0.002228,OPES,1514338020,2017-12-28 01:44:58.934836,0.0,0.0
42,42.0,0.002232,1,JordanManual,CCCAGG,0.002232,0.00223,0.00223,OPES,1514338200,2017-12-28 01:44:58.934836,0.0,0.0
43,43.0,0.002236,1,JordanManual,CCCAGG,0.002236,0.002236,0.002236,OPES,1514338380,2017-12-28 01:44:58.934836,0.0,0.0
44,44.0,0.002238,1,JordanManual,CCCAGG,0.002238,0.002236,0.002236,OPES,1514338560,2017-12-28 01:44:58.934836,0.0,0.0
45,45.0,0.00224,1,JordanManual,CCCAGG,0.00224,0.002238,0.002238,OPES,1514338740,2017-12-28 01:44:58.934836,0.0,0.0
46,46.0,0.002237,1,JordanManual,CCCAGG,0.00224,0.002237,0.00224,OPES,1514338920,2017-12-28 01:44:58.934836,0.0,0.0
47,47.0,0.002237,1,JordanManual,CCCAGG,0.00224,0.002237,0.002238,OPES,1514339100,2017-12-28 01:44:58.934836,0.0,0.0
48,48.0,0.002231,1,JordanManual,CCCAGG,0.002235,0.002231,0.002235,OPES,1514339280,2017-12-28 01:44:58.934836,0.0,0.0
49,49.0,0.002229,1,JordanManual,CCCAGG,0.002231,0.002224,0.002231,OPES,1514339460,2017-12-28 01:44:58.934836,0.0,0.0
50,50.0,0.00223,1,JordanManual,CCCAGG,0.002231,0.00223,0.002231,OPES,1514339640,2017-12-28 01:44:58.934836,0.0,0.0
51,51.0,0.002229,1,JordanManual,CCCAGG,0.002231,0.002229,0.002229,OPES,1514339820,2017-12-28 01:44:58.934836,0.0,0.0
52,52.0,0.002228,1,JordanManual,CCCAGG,0.002228,0.002228,0.002228,OPES,1514340000,2017-12-28 01:44:58.934836,0.0,0.0
53,53.0,0.002228,1,JordanManual,CCCAGG,0.002229,0.002228,0.002229,OPES,1514340180,2017-12-28 01:44:58.934836,0.0,0.0
54,54.0,0.002227,1,JordanManual,CCCAGG,0.002228,0.002227,0.002227,OPES,1514340360,2017-12-28 01:44:58.934836,0.0,0.0
55,55.0,0.002218,1,JordanManual,CCCAGG,0.002223,0.002218,0.002223,OPES,1514340540,2017-12-28 01:44:58.934836,0.0,0.0
56,56.0,0.002213,1,JordanManual,CCCAGG,0.002218,0.002213,0.002218,OPES,1514340720,2017-12-28 01:44:58.934836,0.0,0.0
57,57.0,0.002211,1,JordanManual,CCCAGG,0.002212,0.002211,0.002212,OPES,1514340900,2017-12-28 01:44:58.934836,0.0,0.0
58,58.0,0.002216,1,JordanManual,CCCAGG,0.002216,0.002211,0.002211,OPES,1514341080,2017-12-28 01:44:58.934836,0.0,0.0
59,59.0,0.00221,1,JordanManual,CCCAGG,0.002214,0.00221,0.002214,OPES,1514341260,2017-12-28 01:44:58.934836,0.0,0.0
60,60.0,0.00221,1,JordanManual,CCCAGG,0.002211,0.00221,0.00221,OPES,1514341440,2017-12-28 01:44:58.934836,0.0,0.0
61,61.0,0.002213,1,JordanManual,CCCAGG,0.002214,0.002211,0.002211,OPES,1514341620,2017-12-28 01:44:58.934836,0.0,0.0
62,62.0,0.002208,1,JordanManual,CCCAGG,0.002209,0.002208,0.002209,OPES,1514341800,2017-12-28 01:44:58.934836,0.0,0.0
63,63.0,0.00221,1,JordanManual,CCCAGG,0.00221,0.002208,0.002208,OPES,1514341980,2017-12-28 01:44:58.934836,0.0,0.0
64,64.0,0.002214,1,JordanManual,CCCAGG,0.002214,0.002211,0.002212,OPES,1514342160,2017-12-28 01:44:58.934836,0.0,0.0
65,65.0,0.00222,1,JordanManual,CCCAGG,0.00222,0.002214,0.002214,OPES,1514342340,2017-12-28 01:44:58.934836,0.0,0.0
66,66.0,0.002225,1,JordanManual,CCCAGG,0.002225,0.002222,0.002222,OPES,1514342520,2017-12-28 01:44:58.934836,0.0,0.0
67,67.0,0.002222,1,JordanManual,CCCAGG,0.002225,0.002222,0.002225,OPES,1514342700,2017-12-28 01:44:58.934836,0.0,0.0
68,68.0,0.002215,1,JordanManual,CCCAGG,0.002221,0.002215,0.002221,OPES,1514342880,2017-12-28 01:44:58.934836,0.0,0.0
69,69.0,0.002217,1,JordanManual,CCCAGG,0.002217,0.002216,0.002216,OPES,1514343060,2017-12-28 01:44:58.934836,0.0,0.0
70,70.0,0.002216,1,JordanManual,CCCAGG,0.002217,0.002216,0.002216,OPES,1514343240,2017-12-28 01:44:58.934836,0.0,0.0
71,71.0,0.002217,1,JordanManual,CCCAGG,0.002217,0.002216,0.002216,OPES,1514343420,2017-12-28 01:44:58.934836,0.0,0.0
72,72.0,0.00222,1,JordanManual,CCCAGG,0.00222,0.002217,0.002217,OPES,1514343600,2017-12-28 01:44:58.934836,0.0,0.0
73,73.0,0.002219,1,JordanManual,CCCAGG,0.002221,0.002219,0.002221,OPES,1514343780,2017-12-28 01:44:58.934836,0.0,0.0
74,74.0,0.002217,1,JordanManual,CCCAGG,0.002218,0.002217,0.002217,OPES,1514343960,2017-12-28 01:44:58.934836,0.0,0.0
75,75.0,0.002211,1,JordanManual,CCCAGG,0.002214,0.002211,0.002214,OPES,1514344140,2017-12-28 01:44:58.934836,0.0,0.0
76,76.0,0.002211,1,JordanManual,CCCAGG,0.002211,0.00221,0.00221,OPES,1514344320,2017-12-28 01:44:58.934836,0.0,0.0
77,77.0,0.002213,1,JordanManual,CCCAGG,0.002214,0.002213,0.002213,OPES,1514344500,2017-12-28 01:44:58.934836,0.0,0.0
78,78.0,0.002211,1,JordanManual,CCCAGG,0.002211,0.00221,0.00221,OPES,1514344680,2017-12-28 01:44:58.934836,0.0,0.0
79,79.0,0.002206,1,JordanManual,CCCAGG,0.00221,0.002206,0.00221,OPES,1514344860,2017-12-28 01:44:58.934836,0.0,0.0
80,80.0,0.002206,1,JordanManual,CCCAGG,0.002208,0.002206,0.002208,OPES,1514345040,2017-12-28 01:44:58.934836,0.0,0.0
81,81.0,0.002208,1,JordanManual,CCCAGG,0.002208,0.002206,0.002206,OPES,1514345220,2017-12-28 01:44:58.934836,0.0,0.0
82,82.0,0.002212,1,JordanManual,CCCAGG,0.002212,0.00221,0.00221,OPES,1514345400,2017-12-28 01:44:58.934836,0.0,0.0
83,83.0,0.002214,1,JordanManual,CCCAGG,0.002215,0.002212,0.002212,OPES,1514345580,2017-12-28 01:44:58.934836,0.0,0.0
84,84.0,0.002214,1,JordanManual,CCCAGG,0.002214,0.002214,0.002214,OPES,1514345760,2017-12-28 01:44:58.934836,0.0,0.0
85,85.0,0.002214,1,JordanManual,CCCAGG,0.002215,0.002214,0.002214,OPES,1514345940,2017-12-28 01:44:58.934836,0.0,0.0
86,86.0,0.002213,1,JordanManual,CCCAGG,0.002213,0.002213,0.002213,OPES,1514346120,2017-12-28 01:44:58.934836,0.0,0.0
87,87.0,0.002213,1,JordanManual,CCCAGG,0.002213,0.002213,0.002213,OPES,1514346300,2017-12-28 01:44:58.934836,0.0,0.0
88,88.0,0.002214,1,JordanManual,CCCAGG,0.002214,0.002213,0.002213,OPES,1514346480,2017-12-28 01:44:58.934836,0.0,0.0
89,89.0,0.002216,1,JordanManual,CCCAGG,0.002219,0.002215,0.002215,OPES,1514346660,2017-12-28 01:44:58.934836,0.0,0.0
90,90.0,0.002222,1,JordanManual,CCCAGG,0.002222,0.002218,0.002218,OPES,1514346840,2017-12-28 01:44:58.934836,0.0,0.0
91,91.0,0.002222,1,JordanManual,CCCAGG,0.002223,0.002222,0.002223,OPES,1514347020,2017-12-28 01:44:58.934836,0.0,0.0
92,92.0,0.002229,1,JordanManual,CCCAGG,0.002229,0.002225,0.002225,OPES,1514347200,2017-12-28 01:44:58.934836,0.0,0.0
93,93.0,0.00224,1,JordanManual,CCCAGG,0.00224,0.002234,0.002234,OPES,1514347380,2017-12-28 01:44:58.934836,0.0,0.0
94,94.0,0.002239,1,JordanManual,CCCAGG,0.002241,0.002236,0.002241,OPES,1514347560,2017-12-28 01:44:58.934836,0.0,0.0
95,95.0,0.002247,1,JordanManual,CCCAGG,0.002247,0.002239,0.002239,OPES,1514347740,2017-12-28 01:44:58.934836,0.0,0.0
96,96.0,0.002262,1,JordanManual,CCCAGG,0.002262,0.002255,0.002255,OPES,1514347920,2017-12-28 01:44:58.934836,0.0,0.0
97,97.0,0.002268,1,JordanManual,CCCAGG,0.002268,0.002256,0.002256,OPES,1514348100,2017-12-28 01:44:58.934836,0.0,0.0
98,98.0,0.00228,1,JordanManual,CCCAGG,0.00228,0.002271,0.002271,OPES,1514348280,2017-12-28 01:44:58.934836,0.0,0.0
99,99.0,0.002281,1,JordanManual,CCCAGG,0.002287,0.002281,0.002287,OPES,1514348460,2017-12-28 01:44:58.934836,0.0,0.0
100,100.0,0.002288,1,JordanManual,CCCAGG,0.002289,0.002287,0.002289,OPES,1514348640,2017-12-28 01:44:58.934836,0.0,0.0
101,101.0,0.002285,1,JordanManual,CCCAGG,0.002288,0.002285,0.002287,OPES,1514348820,2017-12-28 01:44:58.934836,0.0,0.0
102,102.0,0.002285,1,JordanManual,CCCAGG,0.002287,0.002285,0.002287,OPES,1514349000,2017-12-28 01:44:58.934836,0.0,0.0
103,103.0,0.002292,1,JordanManual,CCCAGG,0.002292,0.002286,0.002286,OPES,1514349180,2017-12-28 01:44:58.934836,0.0,0.0
104,104.0,0.002293,1,JordanManual,CCCAGG,0.002298,0.002293,0.002298,OPES,1514349360,2017-12-28 01:44:58.934836,0.0,0.0
105,105.0,0.002296,1,JordanManual,CCCAGG,0.002296,0.002294,0.002294,OPES,1514349540,2017-12-28 01:44:58.934836,0.0,0.0
106,106.0,0.002293,1,JordanManual,CCCAGG,0.002296,0.002293,0.002296,OPES,1514349720,2017-12-28 01:44:58.934836,0.0,0.0
107,107.0,0.0023,1,JordanManual,CCCAGG,0.0023,0.002297,0.002297,OPES,1514349900,2017-12-28 01:44:58.934836,0.0,0.0
108,108.0,0.002297,1,JordanManual,CCCAGG,0.0023,0.002297,0.0023,OPES,1514350080,2017-12-28 01:44:58.934836,0.0,0.0
109,109.0,0.002305,1,JordanManual,CCCAGG,0.002305,0.0023,0.0023,OPES,1514350260,2017-12-28 01:44:58.934836,0.0,0.0
110,110.0,0.002304,1,JordanManual,CCCAGG,0.002305,0.002303,0.002305,OPES,1514350440,2017-12-28 01:44:58.934836,0.0,0.0
111,111.0,0.002293,1,JordanManual,CCCAGG,0.002304,0.002293,0.002304,OPES,1514350620,2017-12-28 01:44:58.934836,0.0,0.0
112,112.0,0.002293,1,JordanManual,CCCAGG,0.002295,0.002293,0.002293,OPES,1514350800,2017-12-28 01:44:58.934836,0.0,0.0
113,113.0,0.002292,1,JordanManual,CCCAGG,0.002293,0.002291,0.002293,OPES,1514350980,2017-12-28 01:44:58.934836,0.0,0.0
114,114.0,0.002297,1,JordanManual,CCCAGG,0.002297,0.002293,0.002293,OPES,1514351160,2017-12-28 01:44:58.934836,0.0,0.0
115,115.0,0.002295,1,JordanManual,CCCAGG,0.002298,0.002295,0.002296,OPES,1514351340,2017-12-28 01:44:58.934836,0.0,0.0
116,116.0,0.00228,1,JordanManual,CCCAGG,0.002292,0.00228,0.002292,OPES,1514351520,2017-12-28 01:44:58.934836,0.0,0.0
117,117.0,0.00228,1,JordanManual,CCCAGG,0.002284,0.00228,0.002284,OPES,1514351700,2017-12-28 01:44:58.934836,0.0,0.0
118,118.0,0.00228,1,JordanManual,CCCAGG,0.002281,0.002279,0.002281,OPES,1514351880,2017-12-28 01:44:58.934836,0.0,0.0
119,119.0,0.002283,1,JordanManual,CCCAGG,0.002283,0.002279,0.002279,OPES,1514352060,2017-12-28 01:44:58.934836,0.0,0.0
120,120.0,0.002283,1,JordanManual,CCCAGG,0.002284,0.002283,0.002284,OPES,1514352240,2017-12-28 01:44:58.934836,0.0,0.0
121,121.0,0.002288,1,JordanManual,CCCAGG,0.002288,0.002285,0.002285,OPES,1514352420,2017-12-28 01:44:58.934836,0.0,0.0
122,122.0,0.002291,1,JordanManual,CCCAGG,0.002291,0.002289,0.002289,OPES,1514352600,2017-12-28 01:44:58.934836,0.0,0.0
123,123.0,0.002291,1,JordanManual,CCCAGG,0.002292,0.002291,0.002292,OPES,1514352780,2017-12-28 01:44:58.934836,0.0,0.0
124,124.0,0.002286,1,JordanManual,CCCAGG,0.00229,0.002286,0.00229,OPES,1514352960,2017-12-28 01:44:58.934836,0.0,0.0
125,125.0,0.002286,1,JordanManual,CCCAGG,0.002286,0.002283,0.002283,OPES,1514353140,2017-12-28 01:44:58.934836,0.0,0.0
126,126.0,0.002287,1,JordanManual,CCCAGG,0.002288,0.002287,0.002288,OPES,1514353320,2017-12-28 01:44:58.934836,0.0,0.0
127,127.0,0.002292,1,JordanManual,CCCAGG,0.002292,0.002288,0.002288,OPES,1514353500,2017-12-28 01:44:58.934836,0.0,0.0
128,128.0,0.002295,1,JordanManual,CCCAGG,0.002297,0.002295,0.002295,OPES,1514353680,2017-12-28 01:44:58.934836,0.0,0.0
129,129.0,0.002295,1,JordanManual,CCCAGG,0.002295,0.002295,0.002295,OPES,1514353860,2017-12-28 01:44:58.934836,0.0,0.0
130,130.0,0.002295,1,JordanManual,CCCAGG,0.002295,0.002293,0.002295,OPES,1514354040,2017-12-28 01:44:58.934836,0.0,0.0
131,131.0,0.002298,1,JordanManual,CCCAGG,0.002298,0.002296,0.002296,OPES,1514354220,2017-12-28 01:44:58.934836,0.0,0.0
132,132.0,0.002305,1,JordanManual,CCCAGG,0.002305,0.0023,0.0023,OPES,1514354400,2017-12-28 01:44:58.934836,0.0,0.0
133,133.0,0.002309,1,JordanManual,CCCAGG,0.002309,0.002308,0.002308,OPES,1514354580,2017-12-28 01:44:58.934836,0.0,0.0
134,134.0,0.002307,1,JordanManual,CCCAGG,0.002309,0.002307,0.002309,OPES,1514354760,2017-12-28 01:44:58.934836,0.0,0.0
135,135.0,0.002305,1,JordanManual,CCCAGG,0.002306,0.002305,0.002306,OPES,1514354940,2017-12-28 01:44:58.934836,0.0,0.0
136,136.0,0.002304,1,JordanManual,CCCAGG,0.002304,0.002302,0.002304,OPES,1514355120,2017-12-28 01:44:58.934836,0.0,0.0
137,137.0,0.002304,1,JordanManual,CCCAGG,0.002305,0.002304,0.002304,OPES,1514355300,2017-12-28 01:44:58.934836,0.0,0.0
138,138.0,0.002298,1,JordanManual,CCCAGG,0.002304,0.002298,0.002304,OPES,1514355480,2017-12-28 01:44:58.934836,0.0,0.0
139,139.0,0.00231,1,JordanManual,CCCAGG,0.00231,0.002303,0.002303,OPES,1514355660,2017-12-28 01:44:58.934836,0.0,0.0
140,140.0,0.00231,1,JordanManual,CCCAGG,0.002312,0.00231,0.002311,OPES,1514355840,2017-12-28 01:44:58.934836,0.0,0.0
141,141.0,0.002309,1,JordanManual,CCCAGG,0.00231,0.002309,0.00231,OPES,1514356020,2017-12-28 01:44:58.934836,0.0,0.0
142,142.0,0.002307,1,JordanManual,CCCAGG,0.002309,0.002307,0.002308,OPES,1514356200,2017-12-28 01:44:58.934836,0.0,0.0
143,143.0,0.002302,1,JordanManual,CCCAGG,0.002304,0.002302,0.002304,OPES,1514356380,2017-12-28 01:44:58.934836,0.0,0.0
144,144.0,0.0023,1,JordanManual,CCCAGG,0.002301,0.0023,0.0023,OPES,1514356560,2017-12-28 01:44:58.934836,0.0,0.0
145,145.0,0.002299,1,JordanManual,CCCAGG,0.002301,0.002299,0.0023,OPES,1514356740,2017-12-28 01:44:58.934836,0.0,0.0
146,146.0,0.0023,1,JordanManual,CCCAGG,0.0023,0.002298,0.002298,OPES,1514356920,2017-12-28 01:44:58.934836,0.0,0.0
147,147.0,0.002295,1,JordanManual,CCCAGG,0.002297,0.002295,0.002297,OPES,1514357100,2017-12-28 01:44:58.934836,0.0,0.0
148,148.0,0.002295,1,JordanManual,CCCAGG,0.002295,0.002295,0.002295,OPES,1514357280,2017-12-28 01:44:58.934836,0.0,0.0
149,149.0,0.002297,1,JordanManual,CCCAGG,0.002297,0.002297,0.002297,OPES,1514357460,2017-12-28 01:44:58.934836,0.0,0.0
150,150.0,0.002299,1,JordanManual,CCCAGG,0.002299,0.002293,0.002296,OPES,1514357640,2017-12-28 01:44:58.934836,0.0,0.0
151,151.0,0.002298,1,JordanManual,CCCAGG,0.002298,0.002296,0.002297,OPES,1514357820,2017-12-28 01:44:58.934836,0.0,0.0
152,152.0,0.002302,1,JordanManual,CCCAGG,0.002302,0.002297,0.002297,OPES,1514358000,2017-12-28 01:44:58.934836,0.0,0.0
153,153.0,0.002302,1,JordanManual,CCCAGG,0.002302,0.002301,0.002301,OPES,1514358180,2017-12-28 01:44:58.934836,0.0,0.0
154,154.0,0.002302,1,JordanManual,CCCAGG,0.002303,0.002302,0.002303,OPES,1514358360,2017-12-28 01:44:58.934836,0.0,0.0
155,155.0,0.002302,1,JordanManual,CCCAGG,0.002304,0.002302,0.002303,OPES,1514358540,2017-12-28 01:44:58.934836,0.0,0.0
156,156.0,0.002279,1,JordanManual,CCCAGG,0.002296,0.002279,0.002296,OPES,1514358720,2017-12-28 01:44:58.934836,0.0,0.0
157,157.0,0.002277,1,JordanManual,CCCAGG,0.002277,0.002274,0.002277,OPES,1514358900,2017-12-28 01:44:58.934836,0.0,0.0
158,158.0,0.002278,1,JordanManual,CCCAGG,0.002278,0.002276,0.002277,OPES,1514359080,2017-12-28 01:44:58.934836,0.0,0.0
159,159.0,0.002281,1,JordanManual,CCCAGG,0.002281,0.00228,0.00228,OPES,1514359260,2017-12-28 01:44:58.934836,0.0,0.0
160,160.0,0.002283,1,JordanManual,CCCAGG,0.002284,0.002283,0.002283,OPES,1514359440,2017-12-28 01:44:58.934836,0.0,0.0
161,161.0,0.002271,1,JordanManual,CCCAGG,0.002282,0.002271,0.002282,OPES,1514359620,2017-12-28 01:44:58.934836,0.0,0.0
162,162.0,0.002263,1,JordanManual,CCCAGG,0.002271,0.002263,0.002271,OPES,1514359800,2017-12-28 01:44:58.934836,0.0,0.0
163,163.0,0.00226,1,JordanManual,CCCAGG,0.00226,0.002254,0.00226,OPES,1514359980,2017-12-28 01:44:58.934836,0.0,0.0
164,164.0,0.002266,1,JordanManual,CCCAGG,0.002266,0.002262,0.002262,OPES,1514360160,2017-12-28 01:44:58.934836,0.0,0.0
165,165.0,0.002258,1,JordanManual,CCCAGG,0.002263,0.002258,0.002263,OPES,1514360340,2017-12-28 01:44:58.934836,0.0,0.0
166,166.0,0.002253,1,JordanManual,CCCAGG,0.002258,0.002253,0.002258,OPES,1514360520,2017-12-28 01:44:58.934836,0.0,0.0
167,167.0,0.002251,1,JordanManual,CCCAGG,0.002253,0.002251,0.002253,OPES,1514360700,2017-12-28 01:44:58.934836,0.0,0.0
168,168.0,0.00226,1,JordanManual,CCCAGG,0.00226,0.002255,0.002255,OPES,1514360880,2017-12-28 01:44:58.934836,0.0,0.0
169,169.0,0.002269,1,JordanManual,CCCAGG,0.002269,0.002259,0.002259,OPES,1514361060,2017-12-28 01:44:58.934836,0.0,0.0
170,170.0,0.00227,1,JordanManual,CCCAGG,0.00227,0.002269,0.002269,OPES,1514361240,2017-12-28 01:44:58.934836,0.0,0.0
171,171.0,0.002272,1,JordanManual,CCCAGG,0.002272,0.00227,0.002271,OPES,1514361420,2017-12-28 01:44:58.934836,0.0,0.0
172,172.0,0.002277,1,JordanManual,CCCAGG,0.002277,0.002274,0.002275,OPES,1514361600,2017-12-28 01:44:58.934836,0.0,0.0
173,173.0,0.002267,1,JordanManual,CCCAGG,0.002278,0.002267,0.002278,OPES,1514361780,2017-12-28 01:44:58.934836,0.0,0.0
174,174.0,0.002267,1,JordanManual,CCCAGG,0.002269,0.002267,0.002269,OPES,1514361960,2017-12-28 01:44:58.934836,0.0,0.0
175,175.0,0.002264,1,JordanManual,CCCAGG,0.00227,0.002264,0.00227,OPES,1514362140,2017-12-28 01:44:58.934836,0.0,0.0
176,176.0,0.002261,1,JordanManual,CCCAGG,0.002264,0.002261,0.002264,OPES,1514362320,2017-12-28 01:44:58.934836,0.0,0.0
177,177.0,0.002265,1,JordanManual,CCCAGG,0.002265,0.002261,0.002261,OPES,1514362500,2017-12-28 01:44:58.934836,0.0,0.0
178,178.0,0.002266,1,JordanManual,CCCAGG,0.002266,0.002263,0.002265,OPES,1514362680,2017-12-28 01:44:58.934836,0.0,0.0
179,179.0,0.002268,1,JordanManual,CCCAGG,0.002268,0.002268,0.002268,OPES,1514362860,2017-12-28 01:44:58.934836,0.0,0.0
180,180.0,0.002276,1,JordanManual,CCCAGG,0.002276,0.00227,0.00227,OPES,1514363040,2017-12-28 01:44:58.934836,0.0,0.0
181,181.0,0.002276,1,JordanManual,CCCAGG,0.002277,0.002275,0.002275,OPES,1514363220,2017-12-28 01:44:58.934836,0.0,0.0
182,182.0,0.002276,1,JordanManual,CCCAGG,0.002276,0.002275,0.002275,OPES,1514363400,2017-12-28 01:44:58.934836,0.0,0.0
183,183.0,0.00227,1,JordanManual,CCCAGG,0.002274,0.00227,0.002274,OPES,1514363580,2017-12-28 01:44:58.934836,0.0,0.0
184,184.0,0.00227,1,JordanManual,CCCAGG,0.002271,0.00227,0.002271,OPES,1514363760,2017-12-28 01:44:58.934836,0.0,0.0
185,185.0,0.002272,1,JordanManual,CCCAGG,0.002272,0.002272,0.002272,OPES,1514363940,2017-12-28 01:44:58.934836,0.0,0.0
186,186.0,0.002275,1,JordanManual,CCCAGG,0.002275,0.002274,0.002274,OPES,1514364120,2017-12-28 01:44:58.934836,0.0,0.0
187,187.0,0.002274,1,JordanManual,CCCAGG,0.002275,0.002274,0.002275,OPES,1514364300,2017-12-28 01:44:58.934836,0.0,0.0
188,188.0,0.002271,1,JordanManual,CCCAGG,0.002274,0.002271,0.002274,OPES,1514364480,2017-12-28 01:44:58.934836,0.0,0.0
189,189.0,0.002268,1,JordanManual,CCCAGG,0.002268,0.002268,0.002268,OPES,1514364660,2017-12-28 01:44:58.934836,0.0,0.0
190,190.0,0.002258,1,JordanManual,CCCAGG,0.002267,0.002258,0.002267,OPES,1514364840,2017-12-28 01:44:58.934836,0.0,0.0
191,191.0,0.002254,1,JordanManual,CCCAGG,0.002257,0.002254,0.002257,OPES,1514365020,2017-12-28 01:44:58.934836,0.0,0.0
192,192.0,0.002258,1,JordanManual,CCCAGG,0.002258,0.002254,0.002255,OPES,1514365200,2017-12-28 01:44:58.934836,0.0,0.0
193,193.0,0.002258,1,JordanManual,CCCAGG,0.00226,0.002258,0.00226,OPES,1514365380,2017-12-28 01:44:58.934836,0.0,0.0
194,194.0,0.002259,1,JordanManual,CCCAGG,0.002259,0.002257,0.002257,OPES,1514365560,2017-12-28 01:44:58.934836,0.0,0.0
195,195.0,0.002265,1,JordanManual,CCCAGG,0.002265,0.002259,0.002259,OPES,1514365740,2017-12-28 01:44:58.934836,0.0,0.0
196,196.0,0.002268,1,JordanManual,CCCAGG,0.002268,0.002264,0.002264,OPES,1514365920,2017-12-28 01:44:58.934836,0.0,0.0
197,197.0,0.002268,1,JordanManual,CCCAGG,0.002272,0.002268,0.002272,OPES,1514366100,2017-12-28 01:44:58.934836,0.0,0.0
198,198.0,0.002265,1,JordanManual,CCCAGG,0.002265,0.002263,0.002263,OPES,1514366280,2017-12-28 01:44:58.934836,0.0,0.0
199,199.0,0.002258,1,JordanManual,CCCAGG,0.002263,0.002258,0.002263,OPES,1514366460,2017-12-28 01:44:58.934836,0.0,0.0
200,200.0,0.002245,1,JordanManual,CCCAGG,0.002253,0.002245,0.002253,OPES,1514366640,2017-12-28 01:44:58.934836,0.0,0.0
201,201.0,0.002236,1,JordanManual,CCCAGG,0.002242,0.002236,0.002242,OPES,1514366820,2017-12-28 01:44:58.934836,0.0,0.0
202,202.0,0.002225,1,JordanManual,CCCAGG,0.002237,0.002225,0.002237,OPES,1514367000,2017-12-28 01:44:58.934836,0.0,0.0
203,203.0,0.002224,1,JordanManual,CCCAGG,0.002224,0.002222,0.002223,OPES,1514367180,2017-12-28 01:44:58.934836,0.0,0.0
204,204.0,0.002208,1,JordanManual,CCCAGG,0.002224,0.002208,0.002224,OPES,1514367360,2017-12-28 01:44:58.934836,0.0,0.0
205,205.0,0.002225,1,JordanManual,CCCAGG,0.002225,0.002217,0.002217,OPES,1514367540,2017-12-28 01:44:58.934836,0.0,0.0
206,206.0,0.002218,1,JordanManual,CCCAGG,0.002222,0.002218,0.002219,OPES,1514367720,2017-12-28 01:44:58.934836,0.0,0.0
207,207.0,0.002211,1,JordanManual,CCCAGG,0.002213,0.002211,0.002212,OPES,1514367900,2017-12-28 01:44:58.934836,0.0,0.0
208,208.0,0.002212,1,JordanManual,CCCAGG,0.002212,0.002212,0.002212,OPES,1514368080,2017-12-28 01:44:58.934836,0.0,0.0
209,209.0,0.00222,1,JordanManual,CCCAGG,0.00222,0.00221,0.00221,OPES,1514368260,2017-12-28 01:44:58.934836,0.0,0.0
210,210.0,0.002221,1,JordanManual,CCCAGG,0.002223,0.002221,0.002223,OPES,1514368440,2017-12-28 01:44:58.934836,0.0,0.0
211,211.0,0.00222,1,JordanManual,CCCAGG,0.002222,0.002218,0.002222,OPES,1514368620,2017-12-28 01:44:58.934836,0.0,0.0
212,212.0,0.002228,1,JordanManual,CCCAGG,0.002228,0.00222,0.00222,OPES,1514368800,2017-12-28 01:44:58.934836,0.0,0.0
213,213.0,0.002233,1,JordanManual,CCCAGG,0.002233,0.002229,0.002229,OPES,1514368980,2017-12-28 01:44:58.934836,0.0,0.0
214,214.0,0.00223,1,JordanManual,CCCAGG,0.002233,0.00223,0.002233,OPES,1514369160,2017-12-28 01:44:58.934836,0.0,0.0
215,215.0,0.002221,1,JordanManual,CCCAGG,0.002232,0.002221,0.002232,OPES,1514369340,2017-12-28 01:44:58.934836,0.0,0.0
216,216.0,0.002221,1,JordanManual,CCCAGG,0.002221,0.002217,0.002217,OPES,1514369520,2017-12-28 01:44:58.934836,0.0,0.0
217,217.0,0.00222,1,JordanManual,CCCAGG,0.00222,0.002216,0.002218,OPES,1514369700,2017-12-28 01:44:58.934836,0.0,0.0
218,218.0,0.002213,1,JordanManual,CCCAGG,0.002219,0.002213,0.002219,OPES,1514369880,2017-12-28 01:44:58.934836,0.0,0.0
219,219.0,0.002192,1,JordanManual,CCCAGG,0.002209,0.002192,0.002209,OPES,1514370060,2017-12-28 01:44:58.934836,0.0,0.0
220,220.0,0.00219,1,JordanManual,CCCAGG,0.002192,0.00219,0.00219,OPES,1514370240,2017-12-28 01:44:58.934836,0.0,0.0
221,221.0,0.00217,1,JordanManual,CCCAGG,0.002184,0.00217,0.002184,OPES,1514370420,2017-12-28 01:44:58.934836,0.0,0.0
222,222.0,0.002175,1,JordanManual,CCCAGG,0.002179,0.002172,0.002172,OPES,1514370600,2017-12-28 01:44:58.934836,0.0,0.0
223,223.0,0.002184,1,JordanManual,CCCAGG,0.002184,0.002173,0.002174,OPES,1514370780,2017-12-28 01:44:58.934836,0.0,0.0
224,224.0,0.002184,1,JordanManual,CCCAGG,0.002194,0.002184,0.00219,OPES,1514370960,2017-12-28 01:44:58.934836,0.0,0.0
225,225.0,0.002192,1,JordanManual,CCCAGG,0.002192,0.002185,0.002185,OPES,1514371140,2017-12-28 01:44:58.934836,0.0,0.0
226,226.0,0.00219,1,JordanManual,CCCAGG,0.00219,0.002188,0.00219,OPES,1514371320,2017-12-28 01:44:58.934836,0.0,0.0
227,227.0,0.002189,1,JordanManual,CCCAGG,0.002193,0.002189,0.002193,OPES,1514371500,2017-12-28 01:44:58.934836,0.0,0.0
228,228.0,0.002175,1,JordanManual,CCCAGG,0.002183,0.002175,0.002183,OPES,1514371680,2017-12-28 01:44:58.934836,0.0,0.0
229,229.0,0.002176,1,JordanManual,CCCAGG,0.002179,0.002176,0.002179,OPES,1514371860,2017-12-28 01:44:58.934836,0.0,0.0
230,230.0,0.002179,1,JordanManual,CCCAGG,0.002179,0.002177,0.002179,OPES,1514372040,2017-12-28 01:44:58.934836,0.0,0.0
231,231.0,0.00219,1,JordanManual,CCCAGG,0.00219,0.002179,0.002179,OPES,1514372220,2017-12-28 01:44:58.934836,0.0,0.0
232,232.0,0.002205,1,JordanManual,CCCAGG,0.002205,0.002198,0.002198,OPES,1514372400,2017-12-28 01:44:58.934836,0.0,0.0
233,233.0,0.002202,1,JordanManual,CCCAGG,0.002202,0.002198,0.002198,OPES,1514372580,2017-12-28 01:44:58.934836,0.0,0.0
234,234.0,0.002198,1,JordanManual,CCCAGG,0.002201,0.002198,0.002201,OPES,1514372760,2017-12-28 01:44:58.934836,0.0,0.0
235,235.0,0.002191,1,JordanManual,CCCAGG,0.002195,0.002191,0.002195,OPES,1514372940,2017-12-28 01:44:58.934836,0.0,0.0
236,236.0,0.002199,1,JordanManual,CCCAGG,0.002199,0.002195,0.002195,OPES,1514373120,2017-12-28 01:44:58.934836,0.0,0.0
237,237.0,0.002205,1,JordanManual,CCCAGG,0.002205,0.0022,0.0022,OPES,1514373300,2017-12-28 01:44:58.934836,0.0,0.0
238,238.0,0.002198,1,JordanManual,CCCAGG,0.002207,0.002198,0.002207,OPES,1514373480,2017-12-28 01:44:58.934836,0.0,0.0
239,239.0,0.002197,1,JordanManual,CCCAGG,0.002197,0.002197,0.002197,OPES,1514373660,2017-12-28 01:44:58.934836,0.0,0.0
240,240.0,0.002187,1,JordanManual,CCCAGG,0.002194,0.002187,0.002194,OPES,1514373840,2017-12-28 01:44:58.934836,0.0,0.0
241,241.0,0.002192,1,JordanManual,CCCAGG,0.002192,0.002183,0.002183,OPES,1514374020,2017-12-28 01:44:58.934836,0.0,0.0
242,242.0,0.00219,1,JordanManual,CCCAGG,0.00219,0.002189,0.00219,OPES,1514374200,2017-12-28 01:44:58.934836,0.0,0.0
243,243.0,0.002194,1,JordanManual,CCCAGG,0.002194,0.00219,0.00219,OPES,1514374380,2017-12-28 01:44:58.934836,0.0,0.0
244,244.0,0.002203,1,JordanManual,CCCAGG,0.002203,0.002197,0.002197,OPES,1514374560,2017-12-28 01:44:58.934836,0.0,0.0
245,245.0,0.002203,1,JordanManual,CCCAGG,0.002206,0.002203,0.002206,OPES,1514374740,2017-12-28 01:44:58.934836,0.0,0.0
246,246.0,0.002206,1,JordanManual,CCCAGG,0.002206,0.002203,0.002203,OPES,1514374920,2017-12-28 01:44:58.934836,0.0,0.0
247,247.0,0.002207,1,JordanManual,CCCAGG,0.002207,0.002206,0.002206,OPES,1514375100,2017-12-28 01:44:58.934836,0.0,0.0
248,248.0,0.002206,1,JordanManual,CCCAGG,0.002208,0.002206,0.002208,OPES,1514375280,2017-12-28 01:44:58.934836,0.0,0.0
249,249.0,0.002203,1,JordanManual,CCCAGG,0.002204,0.002203,0.002204,OPES,1514375460,2017-12-28 01:44:58.934836,0.0,0.0
250,250.0,0.002201,1,JordanManual,CCCAGG,0.002201,0.002197,0.002201,OPES,1514375640,2017-12-28 01:44:58.934836,0.0,0.0
251,251.0,0.0022,1,JordanManual,CCCAGG,0.002204,0.0022,0.002204,OPES,1514375820,2017-12-28 01:44:58.934836,0.0,0.0
252,252.0,0.002207,1,JordanManual,CCCAGG,0.002207,0.002204,0.002204,OPES,1514376000,2017-12-28 01:44:58.934836,0.0,0.0
253,253.0,0.002212,1,JordanManual,CCCAGG,0.002212,0.002208,0.002208,OPES,1514376180,2017-12-28 01:44:58.934836,0.0,0.0
254,254.0,0.002218,1,JordanManual,CCCAGG,0.002218,0.002214,0.002214,OPES,1514376360,2017-12-28 01:44:58.934836,0.0,0.0
255,255.0,0.002224,1,JordanManual,CCCAGG,0.002224,0.002218,0.002218,OPES,1514376540,2017-12-28 01:44:58.934836,0.0,0.0
256,256.0,0.002226,1,JordanManual,CCCAGG,0.002226,0.002225,0.002225,OPES,1514376720,2017-12-28 01:44:58.934836,0.0,0.0
257,257.0,0.00222,1,JordanManual,CCCAGG,0.002225,0.00222,0.002225,OPES,1514376900,2017-12-28 01:44:58.934836,0.0,0.0
258,258.0,0.002222,1,JordanManual,CCCAGG,0.002225,0.002222,0.002225,OPES,1514377080,2017-12-28 01:44:58.934836,0.0,0.0
259,259.0,0.002224,1,JordanManual,CCCAGG,0.002224,0.002221,0.002221,OPES,1514377260,2017-12-28 01:44:58.934836,0.0,0.0
260,260.0,0.002228,1,JordanManual,CCCAGG,0.002228,0.002225,0.002225,OPES,1514377440,2017-12-28 01:44:58.934836,0.0,0.0
261,261.0,0.002229,1,JordanManual,CCCAGG,0.002229,0.002228,0.002228,OPES,1514377620,2017-12-28 01:44:58.934836,0.0,0.0
262,262.0,0.002232,1,JordanManual,CCCAGG,0.002232,0.002229,0.002229,OPES,1514377800,2017-12-28 01:44:58.934836,0.0,0.0
263,263.0,0.002241,1,JordanManual,CCCAGG,0.002241,0.002234,0.002234,OPES,1514377980,2017-12-28 01:44:58.934836,0.0,0.0
264,264.0,0.002226,1,JordanManual,CCCAGG,0.002239,0.002226,0.002239,OPES,1514378160,2017-12-28 01:44:58.934836,0.0,0.0
265,265.0,0.002225,1,JordanManual,CCCAGG,0.002229,0.002225,0.002229,OPES,1514378340,2017-12-28 01:44:58.934836,0.0,0.0
266,266.0,0.002222,1,JordanManual,CCCAGG,0.002223,0.00222,0.002223,OPES,1514378520,2017-12-28 01:44:58.934836,0.0,0.0
267,267.0,0.002222,1,JordanManual,CCCAGG,0.002225,0.002222,0.002223,OPES,1514378700,2017-12-28 01:44:58.934836,0.0,0.0
268,268.0,0.002224,1,JordanManual,CCCAGG,0.002227,0.002224,0.002226,OPES,1514378880,2017-12-28 01:44:58.934836,0.0,0.0
269,269.0,0.002223,1,JordanManual,CCCAGG,0.002224,0.002223,0.002224,OPES,1514379060,2017-12-28 01:44:58.934836,0.0,0.0
270,270.0,0.002227,1,JordanManual,CCCAGG,0.002227,0.002224,0.002224,OPES,1514379240,2017-12-28 01:44:58.934836,0.0,0.0
271,271.0,0.002233,1,JordanManual,CCCAGG,0.002233,0.002225,0.002225,OPES,1514379420,2017-12-28 01:44:58.934836,0.0,0.0
272,272.0,0.002226,1,JordanManual,CCCAGG,0.002228,0.002225,0.002228,OPES,1514379600,2017-12-28 01:44:58.934836,0.0,0.0
273,273.0,0.002227,1,JordanManual,CCCAGG,0.00223,0.002227,0.002228,OPES,1514379780,2017-12-28 01:44:58.934836,0.0,0.0
274,274.0,0.002215,1,JordanManual,CCCAGG,0.002226,0.002215,0.002226,OPES,1514379960,2017-12-28 01:44:58.934836,0.0,0.0
275,275.0,0.002202,1,JordanManual,CCCAGG,0.00221,0.002198,0.00221,OPES,1514380140,2017-12-28 01:44:58.934836,0.0,0.0
276,276.0,0.002201,1,JordanManual,CCCAGG,0.002201,0.002201,0.002201,OPES,1514380320,2017-12-28 01:44:58.934836,0.0,0.0
277,277.0,0.002186,1,JordanManual,CCCAGG,0.002201,0.002186,0.002201,OPES,1514380500,2017-12-28 01:44:58.934836,0.0,0.0
278,278.0,0.002189,1,JordanManual,CCCAGG,0.002194,0.002189,0.002194,OPES,1514380680,2017-12-28 01:44:58.934836,0.0,0.0
279,279.0,0.002199,1,JordanManual,CCCAGG,0.002199,0.00219,0.00219,OPES,1514380860,2017-12-28 01:44:58.934836,0.0,0.0
280,280.0,0.002202,1,JordanManual,CCCAGG,0.002204,0.002202,0.002202,OPES,1514381040,2017-12-28 01:44:58.934836,0.0,0.0
281,281.0,0.002204,1,JordanManual,CCCAGG,0.002204,0.002203,0.002204,OPES,1514381220,2017-12-28 01:44:58.934836,0.0,0.0
282,282.0,0.002208,1,JordanManual,CCCAGG,0.002208,0.002205,0.002205,OPES,1514381400,2017-12-28 01:44:58.934836,0.0,0.0
283,283.0,0.002209,1,JordanManual,CCCAGG,0.002209,0.002207,0.002207,OPES,1514381580,2017-12-28 01:44:58.934836,0.0,0.0
284,284.0,0.002205,1,JordanManual,CCCAGG,0.00221,0.002205,0.00221,OPES,1514381760,2017-12-28 01:44:58.934836,0.0,0.0
285,285.0,0.002205,1,JordanManual,CCCAGG,0.002205,0.002204,0.002204,OPES,1514381940,2017-12-28 01:44:58.934836,0.0,0.0
286,286.0,0.002209,1,JordanManual,CCCAGG,0.002209,0.002205,0.002205,OPES,1514382120,2017-12-28 01:44:58.934836,0.0,0.0
287,287.0,0.002213,1,JordanManual,CCCAGG,0.002213,0.002209,0.002209,OPES,1514382300,2017-12-28 01:44:58.934836,0.0,0.0
288,288.0,0.002215,1,JordanManual,CCCAGG,0.002215,0.002212,0.002212,OPES,1514382480,2017-12-28 01:44:58.934836,0.0,0.0
289,289.0,0.002219,1,JordanManual,CCCAGG,0.002219,0.002215,0.002218,OPES,1514382660,2017-12-28 01:44:58.934836,0.0,0.0
290,290.0,0.00222,1,JordanManual,CCCAGG,0.00222,0.002219,0.002219,OPES,1514382840,2017-12-28 01:44:58.934836,0.0,0.0
291,291.0,0.002216,1,JordanManual,CCCAGG,0.002223,0.002216,0.002223,OPES,1514383020,2017-12-28 01:44:58.934836,0.0,0.0
292,292.0,0.002218,1,JordanManual,CCCAGG,0.002218,0.002217,0.002218,OPES,1514383200,2017-12-28 01:44:58.934836,0.0,0.0
293,293.0,0.002216,1,JordanManual,CCCAGG,0.002218,0.002216,0.002218,OPES,1514383380,2017-12-28 01:44:58.934836,0.0,0.0
294,294.0,0.00221,1,JordanManual,CCCAGG,0.002213,0.00221,0.002213,OPES,1514383560,2017-12-28 01:44:58.934836,0.0,0.0
295,295.0,0.002205,1,JordanManual,CCCAGG,0.002209,0.002203,0.002209,OPES,1514383740,2017-12-28 01:44:58.934836,0.0,0.0
296,296.0,0.002199,1,JordanManual,CCCAGG,0.002202,0.002199,0.002202,OPES,1514383920,2017-12-28 01:44:58.934836,0.0,0.0
297,297.0,0.002201,1,JordanManual,CCCAGG,0.002203,0.002201,0.002202,OPES,1514384100,2017-12-28 01:44:58.934836,0.0,0.0
298,298.0,0.002206,1,JordanManual,CCCAGG,0.002206,0.002202,0.002202,OPES,1514384280,2017-12-28 01:44:58.934836,0.0,0.0
299,299.0,0.002203,1,JordanManual,CCCAGG,0.002205,0.002203,0.002205,OPES,1514384460,2017-12-28 01:44:58.934836,0.0,0.0
300,300.0,0.002205,1,JordanManual,CCCAGG,0.002207,0.002205,0.002207,OPES,1514384640,2017-12-28 01:44:58.934836,0.0,0.0
301,301.0,0.002205,1,JordanManual,CCCAGG,0.002205,0.002203,0.002205,OPES,1514384820,2017-12-28 01:44:58.934836,0.0,0.0
302,302.0,0.002199,1,JordanManual,CCCAGG,0.002201,0.002199,0.002201,OPES,1514385000,2017-12-28 01:44:58.934836,0.0,0.0
303,303.0,0.002192,1,JordanManual,CCCAGG,0.002199,0.002192,0.002199,OPES,1514385180,2017-12-28 01:44:58.934836,0.0,0.0
304,304.0,0.002181,1,JordanManual,CCCAGG,0.00219,0.002181,0.00219,OPES,1514385360,2017-12-28 01:44:58.934836,0.0,0.0
305,305.0,0.002168,1,JordanManual,CCCAGG,0.00217,0.002163,0.00217,OPES,1514385540,2017-12-28 01:44:58.934836,0.0,0.0
306,306.0,0.002151,1,JordanManual,CCCAGG,0.002165,0.002151,0.002165,OPES,1514385720,2017-12-28 01:44:58.934836,0.0,0.0
307,307.0,0.002145,1,JordanManual,CCCAGG,0.002146,0.002142,0.002146,OPES,1514385900,2017-12-28 01:44:58.934836,0.0,0.0
308,308.0,0.002146,1,JordanManual,CCCAGG,0.002151,0.002146,0.002151,OPES,1514386080,2017-12-28 01:44:58.934836,0.0,0.0
309,309.0,0.002139,1,JordanManual,CCCAGG,0.002139,0.002133,0.002139,OPES,1514386260,2017-12-28 01:44:58.934836,0.0,0.0
310,310.0,0.002142,1,JordanManual,CCCAGG,0.002143,0.002138,0.002143,OPES,1514386440,2017-12-28 01:44:58.934836,0.0,0.0
311,311.0,0.002142,1,JordanManual,CCCAGG,0.002146,0.002142,0.002146,OPES,1514386620,2017-12-28 01:44:58.934836,0.0,0.0
312,312.0,0.00213,1,JordanManual,CCCAGG,0.002138,0.00213,0.002138,OPES,1514386800,2017-12-28 01:44:58.934836,0.0,0.0
313,313.0,0.002115,1,JordanManual,CCCAGG,0.002126,0.002115,0.002126,OPES,1514386980,2017-12-28 01:44:58.934836,0.0,0.0
314,314.0,0.00213,1,JordanManual,CCCAGG,0.00213,0.002118,0.002118,OPES,1514387160,2017-12-28 01:44:58.934836,0.0,0.0
315,315.0,0.002128,1,JordanManual,CCCAGG,0.002128,0.00212,0.00212,OPES,1514387340,2017-12-28 01:44:58.934836,0.0,0.0
316,316.0,0.002124,1,JordanManual,CCCAGG,0.002127,0.002123,0.002127,OPES,1514387520,2017-12-28 01:44:58.934836,0.0,0.0
317,317.0,0.002139,1,JordanManual,CCCAGG,0.002139,0.002127,0.002127,OPES,1514387700,2017-12-28 01:44:58.934836,0.0,0.0
318,318.0,0.00214,1,JordanManual,CCCAGG,0.00214,0.002134,0.002134,OPES,1514387880,2017-12-28 01:44:58.934836,0.0,0.0
319,319.0,0.002137,1,JordanManual,CCCAGG,0.002142,0.002137,0.002142,OPES,1514388060,2017-12-28 01:44:58.934836,0.0,0.0
320,320.0,0.002148,1,JordanManual,CCCAGG,0.002148,0.00214,0.00214,OPES,1514388240,2017-12-28 01:44:58.934836,0.0,0.0
321,321.0,0.002152,1,JordanManual,CCCAGG,0.002155,0.002152,0.002152,OPES,1514388420,2017-12-28 01:44:58.934836,0.0,0.0
322,322.0,0.002145,1,JordanManual,CCCAGG,0.002147,0.002145,0.002147,OPES,1514388600,2017-12-28 01:44:58.934836,0.0,0.0
323,323.0,0.002151,1,JordanManual,CCCAGG,0.002154,0.002151,0.002153,OPES,1514388780,2017-12-28 01:44:58.934836,0.0,0.0
324,324.0,0.002139,1,JordanManual,CCCAGG,0.002147,0.002139,0.002147,OPES,1514388960,2017-12-28 01:44:58.934836,0.0,0.0
325,325.0,0.002139,1,JordanManual,CCCAGG,0.002142,0.002139,0.002142,OPES,1514389140,2017-12-28 01:44:58.934836,0.0,0.0
326,326.0,0.002135,1,JordanManual,CCCAGG,0.002135,0.00213,0.002135,OPES,1514389320,2017-12-28 01:44:58.934836,0.0,0.0
327,327.0,0.002136,1,JordanManual,CCCAGG,0.002136,0.002133,0.002133,OPES,1514389500,2017-12-28 01:44:58.934836,0.0,0.0
328,328.0,0.002142,1,JordanManual,CCCAGG,0.002142,0.002138,0.002138,OPES,1514389680,2017-12-28 01:44:58.934836,0.0,0.0
329,329.0,0.002144,1,JordanManual,CCCAGG,0.002144,0.00214,0.00214,OPES,1514389860,2017-12-28 01:44:58.934836,0.0,0.0
330,330.0,0.002142,1,JordanManual,CCCAGG,0.002144,0.002142,0.002144,OPES,1514390040,2017-12-28 01:44:58.934836,0.0,0.0
331,331.0,0.002146,1,JordanManual,CCCAGG,0.002146,0.002142,0.002142,OPES,1514390220,2017-12-28 01:44:58.934836,0.0,0.0
332,332.0,0.002153,1,JordanManual,CCCAGG,0.002153,0.002144,0.002144,OPES,1514390400,2017-12-28 01:44:58.934836,0.0,0.0
333,333.0,0.002159,1,JordanManual,CCCAGG,0.002159,0.002155,0.002155,OPES,1514390580,2017-12-28 01:44:58.934836,0.0,0.0
334,334.0,0.002155,1,JordanManual,CCCAGG,0.002157,0.002154,0.002157,OPES,1514390760,2017-12-28 01:44:58.934836,0.0,0.0
335,335.0,0.002154,1,JordanManual,CCCAGG,0.002156,0.002154,0.002156,OPES,1514390940,2017-12-28 01:44:58.934836,0.0,0.0
336,336.0,0.00215,1,JordanManual,CCCAGG,0.002153,0.00215,0.002153,OPES,1514391120,2017-12-28 01:44:58.934836,0.0,0.0
337,337.0,0.002147,1,JordanManual,CCCAGG,0.002149,0.002147,0.002149,OPES,1514391300,2017-12-28 01:44:58.934836,0.0,0.0
338,338.0,0.00215,1,JordanManual,CCCAGG,0.00215,0.002148,0.002148,OPES,1514391480,2017-12-28 01:44:58.934836,0.0,0.0
339,339.0,0.002151,1,JordanManual,CCCAGG,0.002151,0.002151,0.002151,OPES,1514391660,2017-12-28 01:44:58.934836,0.0,0.0
340,340.0,0.002152,1,JordanManual,CCCAGG,0.002152,0.00215,0.00215,OPES,1514391840,2017-12-28 01:44:58.934836,0.0,0.0
341,341.0,0.002132,1,JordanManual,CCCAGG,0.002139,0.002132,0.002139,OPES,1514392020,2017-12-28 01:44:58.934836,0.0,0.0
342,342.0,0.002113,1,JordanManual,CCCAGG,0.002124,0.002113,0.002124,OPES,1514392200,2017-12-28 01:44:58.934836,0.0,0.0
343,343.0,0.002083,1,JordanManual,CCCAGG,0.002112,0.002083,0.002112,OPES,1514392380,2017-12-28 01:44:58.934836,0.0,0.0
344,344.0,0.002073,1,JordanManual,CCCAGG,0.002085,0.002073,0.002085,OPES,1514392560,2017-12-28 01:44:58.934836,0.0,0.0
345,345.0,0.002084,1,JordanManual,CCCAGG,0.002084,0.002068,0.002068,OPES,1514392740,2017-12-28 01:44:58.934836,0.0,0.0
346,346.0,0.002087,1,JordanManual,CCCAGG,0.002087,0.002075,0.002075,OPES,1514392920,2017-12-28 01:44:58.934836,0.0,0.0
347,347.0,0.002083,1,JordanManual,CCCAGG,0.002083,0.00208,0.00208,OPES,1514393100,2017-12-28 01:44:58.934836,0.0,0.0
348,348.0,0.002086,1,JordanManual,CCCAGG,0.002088,0.002086,0.002088,OPES,1514393280,2017-12-28 01:44:58.934836,0.0,0.0
349,349.0,0.002075,1,JordanManual,CCCAGG,0.002088,0.002075,0.002088,OPES,1514393460,2017-12-28 01:44:58.934836,0.0,0.0
350,350.0,0.002061,1,JordanManual,CCCAGG,0.002073,0.002061,0.002073,OPES,1514393640,2017-12-28 01:44:58.934836,0.0,0.0
351,351.0,0.002069,1,JordanManual,CCCAGG,0.002069,0.002065,0.002069,OPES,1514393820,2017-12-28 01:44:58.934836,0.0,0.0
352,352.0,0.002049,1,JordanManual,CCCAGG,0.002067,0.002049,0.002067,OPES,1514394000,2017-12-28 01:44:58.934836,0.0,0.0
353,353.0,0.002046,1,JordanManual,CCCAGG,0.002053,0.00204,0.00204,OPES,1514394180,2017-12-28 01:44:58.934836,0.0,0.0
354,354.0,0.002055,1,JordanManual,CCCAGG,0.002055,0.002037,0.002037,OPES,1514394360,2017-12-28 01:44:58.934836,0.0,0.0
355,355.0,0.00207,1,JordanManual,CCCAGG,0.00207,0.002056,0.002056,OPES,1514394540,2017-12-28 01:44:58.934836,0.0,0.0
356,356.0,0.002068,1,JordanManual,CCCAGG,0.002075,0.002068,0.002075,OPES,1514394720,2017-12-28 01:44:58.934836,0.0,0.0
357,357.0,0.002064,1,JordanManual,CCCAGG,0.002069,0.002064,0.002066,OPES,1514394900,2017-12-28 01:44:58.934836,0.0,0.0
358,358.0,0.002069,1,JordanManual,CCCAGG,0.002069,0.002067,0.002067,OPES,1514395080,2017-12-28 01:44:58.934836,0.0,0.0
359,359.0,0.002072,1,JordanManual,CCCAGG,0.002072,0.002068,0.002068,OPES,1514395260,2017-12-28 01:44:58.934836,0.0,0.0
360,360.0,0.002076,1,JordanManual,CCCAGG,0.002076,0.002075,0.002076,OPES,1514395440,2017-12-28 01:44:58.934836,0.0,0.0
361,361.0,0.002088,1,JordanManual,CCCAGG,0.002088,0.002083,0.002083,OPES,1514395620,2017-12-28 01:44:58.934836,0.0,0.0
362,362.0,0.002085,1,JordanManual,CCCAGG,0.00209,0.002081,0.00209,OPES,1514395800,2017-12-28 01:44:58.934836,0.0,0.0
363,363.0,0.00209,1,JordanManual,CCCAGG,0.00209,0.002087,0.002089,OPES,1514395980,2017-12-28 01:44:58.934836,0.0,0.0
364,364.0,0.002097,1,JordanManual,CCCAGG,0.002098,0.002093,0.002093,OPES,1514396160,2017-12-28 01:44:58.934836,0.0,0.0
365,365.0,0.002099,1,JordanManual,CCCAGG,0.0021,0.002096,0.002096,OPES,1514396340,2017-12-28 01:44:58.934836,0.0,0.0
366,366.0,0.002081,1,JordanManual,CCCAGG,0.002098,0.002081,0.002098,OPES,1514396520,2017-12-28 01:44:58.934836,0.0,0.0
367,367.0,0.002083,1,JordanManual,CCCAGG,0.002085,0.002078,0.002078,OPES,1514396700,2017-12-28 01:44:58.934836,0.0,0.0
368,368.0,0.002092,1,JordanManual,CCCAGG,0.002092,0.002086,0.002086,OPES,1514396880,2017-12-28 01:44:58.934836,0.0,0.0
369,369.0,0.002096,1,JordanManual,CCCAGG,0.002096,0.002095,0.002095,OPES,1514397060,2017-12-28 01:44:58.934836,0.0,0.0
370,370.0,0.002102,1,JordanManual,CCCAGG,0.002102,0.002096,0.002096,OPES,1514397240,2017-12-28 01:44:58.934836,0.0,0.0
371,371.0,0.002092,1,JordanManual,CCCAGG,0.002099,0.002092,0.002099,OPES,1514397420,2017-12-28 01:44:58.934836,0.0,0.0
372,372.0,0.002099,1,JordanManual,CCCAGG,0.002099,0.002093,0.002093,OPES,1514397600,2017-12-28 01:44:58.934836,0.0,0.0
373,373.0,0.002101,1,JordanManual,CCCAGG,0.002101,0.002099,0.002101,OPES,1514397780,2017-12-28 01:44:58.934836,0.0,0.0
374,374.0,0.002117,1,JordanManual,CCCAGG,0.002117,0.002102,0.002102,OPES,1514397960,2017-12-28 01:44:58.934836,0.0,0.0
375,375.0,0.002121,1,JordanManual,CCCAGG,0.002124,0.002121,0.002121,OPES,1514398140,2017-12-28 01:44:58.934836,0.0,0.0
376,376.0,0.002125,1,JordanManual,CCCAGG,0.002125,0.002119,0.002119,OPES,1514398320,2017-12-28 01:44:58.934836,0.0,0.0
377,377.0,0.002119,1,JordanManual,CCCAGG,0.002121,0.002117,0.002121,OPES,1514398500,2017-12-28 01:44:58.934836,0.0,0.0
378,378.0,0.00212,1,JordanManual,CCCAGG,0.002124,0.00212,0.00212,OPES,1514398680,2017-12-28 01:44:58.934836,0.0,0.0
379,379.0,0.002123,1,JordanManual,CCCAGG,0.002124,0.002123,0.002124,OPES,1514398860,2017-12-28 01:44:58.934836,0.0,0.0
380,380.0,0.002105,1,JordanManual,CCCAGG,0.002121,0.002105,0.002121,OPES,1514399040,2017-12-28 01:44:58.934836,0.0,0.0
381,381.0,0.002096,1,JordanManual,CCCAGG,0.002098,0.002093,0.002098,OPES,1514399220,2017-12-28 01:44:58.934836,0.0,0.0
382,382.0,0.002091,1,JordanManual,CCCAGG,0.002096,0.002091,0.002091,OPES,1514399400,2017-12-28 01:44:58.934836,0.0,0.0
383,383.0,0.002079,1,JordanManual,CCCAGG,0.002086,0.002079,0.002086,OPES,1514399580,2017-12-28 01:44:58.934836,0.0,0.0
384,384.0,0.002092,1,JordanManual,CCCAGG,0.002092,0.002089,0.00209,OPES,1514399760,2017-12-28 01:44:58.934836,0.0,0.0
385,385.0,0.002101,1,JordanManual,CCCAGG,0.002101,0.002097,0.002097,OPES,1514399940,2017-12-28 01:44:58.934836,0.0,0.0
386,386.0,0.00211,1,JordanManual,CCCAGG,0.002111,0.002107,0.002107,OPES,1514400120,2017-12-28 01:44:58.934836,0.0,0.0
387,387.0,0.002103,1,JordanManual,CCCAGG,0.002107,0.002103,0.002107,OPES,1514400300,2017-12-28 01:44:58.934836,0.0,0.0
388,388.0,0.002106,1,JordanManual,CCCAGG,0.002106,0.002105,0.002105,OPES,1514400480,2017-12-28 01:44:58.934836,0.0,0.0
389,389.0,0.002106,1,JordanManual,CCCAGG,0.002107,0.002106,0.002107,OPES,1514400660,2017-12-28 01:44:58.934836,0.0,0.0
390,390.0,0.002098,1,JordanManual,CCCAGG,0.002102,0.002098,0.002102,OPES,1514400840,2017-12-28 01:44:58.934836,0.0,0.0
391,391.0,0.002105,1,JordanManual,CCCAGG,0.002105,0.002099,0.002099,OPES,1514401020,2017-12-28 01:44:58.934836,0.0,0.0
392,392.0,0.002112,1,JordanManual,CCCAGG,0.002112,0.002107,0.002107,OPES,1514401200,2017-12-28 01:44:58.934836,0.0,0.0
393,393.0,0.002123,1,JordanManual,CCCAGG,0.002123,0.002111,0.002111,OPES,1514401380,2017-12-28 01:44:58.934836,0.0,0.0
394,394.0,0.002118,1,JordanManual,CCCAGG,0.002124,0.002118,0.002124,OPES,1514401560,2017-12-28 01:44:58.934836,0.0,0.0
395,395.0,0.002123,1,JordanManual,CCCAGG,0.002123,0.002121,0.002121,OPES,1514401740,2017-12-28 01:44:58.934836,0.0,0.0
396,396.0,0.002134,1,JordanManual,CCCAGG,0.002134,0.002125,0.002125,OPES,1514401920,2017-12-28 01:44:58.934836,0.0,0.0
397,397.0,0.002129,1,JordanManual,CCCAGG,0.002137,0.002129,0.002137,OPES,1514402100,2017-12-28 01:44:58.934836,0.0,0.0
398,398.0,0.00213,1,JordanManual,CCCAGG,0.002131,0.002127,0.002127,OPES,1514402280,2017-12-28 01:44:58.934836,0.0,0.0
399,399.0,0.002133,1,JordanManual,CCCAGG,0.002133,0.00213,0.00213,OPES,1514402460,2017-12-28 01:44:58.934836,0.0,0.0
400,400.0,0.002129,1,JordanManual,CCCAGG,0.002133,0.002129,0.002133,OPES,1514402640,2017-12-28 01:44:58.934836,0.0,0.0
401,401.0,0.002125,1,JordanManual,CCCAGG,0.002125,0.002121,0.002121,OPES,1514402820,2017-12-28 01:44:58.934836,0.0,0.0
402,402.0,0.002116,1,JordanManual,CCCAGG,0.002124,0.002116,0.002124,OPES,1514403000,2017-12-28 01:44:58.934836,0.0,0.0
403,403.0,0.002112,1,JordanManual,CCCAGG,0.002112,0.002111,0.002112,OPES,1514403180,2017-12-28 01:44:58.934836,0.0,0.0
404,404.0,0.002116,1,JordanManual,CCCAGG,0.002116,0.002111,0.002111,OPES,1514403360,2017-12-28 01:44:58.934836,0.0,0.0
405,405.0,0.002116,1,JordanManual,CCCAGG,0.002118,0.002116,0.002118,OPES,1514403540,2017-12-28 01:44:58.934836,0.0,0.0
406,406.0,0.002103,1,JordanManual,CCCAGG,0.002113,0.002103,0.002113,OPES,1514403720,2017-12-28 01:44:58.934836,0.0,0.0
407,407.0,0.002097,1,JordanManual,CCCAGG,0.002098,0.002091,0.002098,OPES,1514403900,2017-12-28 01:44:58.934836,0.0,0.0
408,408.0,0.002094,1,JordanManual,CCCAGG,0.002097,0.002094,0.002097,OPES,1514404080,2017-12-28 01:44:58.934836,0.0,0.0
409,409.0,0.002073,1,JordanManual,CCCAGG,0.002088,0.002073,0.002088,OPES,1514404260,2017-12-28 01:44:58.934836,0.0,0.0
410,410.0,0.002079,1,JordanManual,CCCAGG,0.002079,0.002073,0.002073,OPES,1514404440,2017-12-28 01:44:58.934836,0.0,0.0
411,411.0,0.002081,1,JordanManual,CCCAGG,0.002081,0.002077,0.002077,OPES,1514404620,2017-12-28 01:44:58.934836,0.0,0.0
412,412.0,0.002099,1,JordanManual,CCCAGG,0.002099,0.002093,0.002093,OPES,1514404800,2017-12-28 01:44:58.934836,0.0,0.0
413,413.0,0.002094,1,JordanManual,CCCAGG,0.002099,0.002094,0.002099,OPES,1514404980,2017-12-28 01:44:58.934836,0.0,0.0
414,414.0,0.002089,1,JordanManual,CCCAGG,0.002092,0.002088,0.002092,OPES,1514405160,2017-12-28 01:44:58.934836,0.0,0.0
415,415.0,0.002078,1,JordanManual,CCCAGG,0.002087,0.002078,0.002087,OPES,1514405340,2017-12-28 01:44:58.934836,0.0,0.0
416,416.0,0.002075,1,JordanManual,CCCAGG,0.002079,0.002075,0.002079,OPES,1514405520,2017-12-28 01:44:58.934836,0.0,0.0
417,417.0,0.002086,1,JordanManual,CCCAGG,0.002086,0.002075,0.002075,OPES,1514405700,2017-12-28 01:44:58.934836,0.0,0.0
418,418.0,0.002083,1,JordanManual,CCCAGG,0.002083,0.002081,0.002081,OPES,1514405880,2017-12-28 01:44:58.934836,0.0,0.0
419,419.0,0.002091,1,JordanManual,CCCAGG,0.002091,0.002083,0.002083,OPES,1514406060,2017-12-28 01:44:58.934836,0.0,0.0
420,420.0,0.00209,1,JordanManual,CCCAGG,0.002097,0.00209,0.002093,OPES,1514406240,2017-12-28 01:44:58.934836,0.0,0.0
421,421.0,0.002076,1,JordanManual,CCCAGG,0.002083,0.002076,0.002083,OPES,1514406420,2017-12-28 01:44:58.934836,0.0,0.0
422,422.0,0.002056,1,JordanManual,CCCAGG,0.00207,0.002056,0.00207,OPES,1514406600,2017-12-28 01:44:58.934836,0.0,0.0
423,423.0,0.002059,1,JordanManual,CCCAGG,0.002065,0.002051,0.002065,OPES,1514406780,2017-12-28 01:44:58.934836,0.0,0.0
424,424.0,0.002057,1,JordanManual,CCCAGG,0.002064,0.002054,0.002064,OPES,1514406960,2017-12-28 01:44:58.934836,0.0,0.0
425,425.0,0.002067,1,JordanManual,CCCAGG,0.002067,0.002056,0.002056,OPES,1514407140,2017-12-28 01:44:58.934836,0.0,0.0
426,426.0,0.002067,1,JordanManual,CCCAGG,0.002067,0.002064,0.002064,OPES,1514407320,2017-12-28 01:44:58.934836,0.0,0.0
427,427.0,0.002074,1,JordanManual,CCCAGG,0.002074,0.002067,0.002067,OPES,1514407500,2017-12-28 01:44:58.934836,0.0,0.0
428,428.0,0.002076,1,JordanManual,CCCAGG,0.002081,0.002076,0.002077,OPES,1514407680,2017-12-28 01:44:58.934836,0.0,0.0
429,429.0,0.002079,1,JordanManual,CCCAGG,0.002079,0.002075,0.002076,OPES,1514407860,2017-12-28 01:44:58.934836,0.0,0.0
430,430.0,0.002069,1,JordanManual,CCCAGG,0.002078,0.002069,0.002078,OPES,1514408040,2017-12-28 01:44:58.934836,0.0,0.0
431,431.0,0.002069,1,JordanManual,CCCAGG,0.002074,0.002069,0.002069,OPES,1514408220,2017-12-28 01:44:58.934836,0.0,0.0
432,432.0,0.002066,1,JordanManual,CCCAGG,0.002067,0.002065,0.002067,OPES,1514408400,2017-12-28 01:44:58.934836,0.0,0.0
433,433.0,0.002084,1,JordanManual,CCCAGG,0.002084,0.002072,0.002072,OPES,1514408580,2017-12-28 01:44:58.934836,0.0,0.0
434,434.0,0.0021,1,JordanManual,CCCAGG,0.0021,0.002091,0.002091,OPES,1514408760,2017-12-28 01:44:58.934836,0.0,0.0
435,435.0,0.002106,1,JordanManual,CCCAGG,0.002113,0.002106,0.002109,OPES,1514408940,2017-12-28 01:44:58.934836,0.0,0.0
436,436.0,0.002112,1,JordanManual,CCCAGG,0.002112,0.002106,0.002106,OPES,1514409120,2017-12-28 01:44:58.934836,0.0,0.0
437,437.0,0.002108,1,JordanManual,CCCAGG,0.002112,0.002108,0.002112,OPES,1514409300,2017-12-28 01:44:58.934836,0.0,0.0
438,438.0,0.002111,1,JordanManual,CCCAGG,0.002111,0.002105,0.002105,OPES,1514409480,2017-12-28 01:44:58.934836,0.0,0.0
439,439.0,0.002131,1,JordanManual,CCCAGG,0.002131,0.002118,0.002118,OPES,1514409660,2017-12-28 01:44:58.934836,0.0,0.0
440,440.0,0.002127,1,JordanManual,CCCAGG,0.002136,0.002127,0.002136,OPES,1514409840,2017-12-28 01:44:58.934836,0.0,0.0
441,441.0,0.002132,1,JordanManual,CCCAGG,0.002132,0.00213,0.002132,OPES,1514410020,2017-12-28 01:44:58.934836,0.0,0.0
442,442.0,0.002125,1,JordanManual,CCCAGG,0.00213,0.002125,0.00213,OPES,1514410200,2017-12-28 01:44:58.934836,0.0,0.0
443,443.0,0.002124,1,JordanManual,CCCAGG,0.002124,0.002123,0.002124,OPES,1514410380,2017-12-28 01:44:58.934836,0.0,0.0
444,444.0,0.002129,1,JordanManual,CCCAGG,0.002129,0.002128,0.002128,OPES,1514410560,2017-12-28 01:44:58.934836,0.0,0.0
445,445.0,0.002129,1,JordanManual,CCCAGG,0.00213,0.002127,0.002127,OPES,1514410740,2017-12-28 01:44:58.934836,0.0,0.0
446,446.0,0.002112,1,JordanManual,CCCAGG,0.002124,0.002112,0.002124,OPES,1514410920,2017-12-28 01:44:58.934836,0.0,0.0
447,447.0,0.002124,1,JordanManual,CCCAGG,0.002124,0.002118,0.002118,OPES,1514411100,2017-12-28 01:44:58.934836,0.0,0.0
448,448.0,0.002122,1,JordanManual,CCCAGG,0.002122,0.002119,0.002121,OPES,1514411280,2017-12-28 01:44:58.934836,0.0,0.0
449,449.0,0.002125,1,JordanManual,CCCAGG,0.002125,0.00212,0.002123,OPES,1514411460,2017-12-28 01:44:58.934836,0.0,0.0
450,450.0,0.002121,1,JordanManual,CCCAGG,0.002125,0.002121,0.002124,OPES,1514411640,2017-12-28 01:44:58.934836,0.0,0.0
451,451.0,0.002131,1,JordanManual,CCCAGG,0.002131,0.002123,0.002123,OPES,1514411820,2017-12-28 01:44:58.934836,0.0,0.0
452,452.0,0.002129,1,JordanManual,CCCAGG,0.002134,0.002129,0.002134,OPES,1514412000,2017-12-28 01:44:58.934836,0.0,0.0
453,453.0,0.002132,1,JordanManual,CCCAGG,0.002132,0.002125,0.002125,OPES,1514412180,2017-12-28 01:44:58.934836,0.0,0.0
454,454.0,0.002126,1,JordanManual,CCCAGG,0.00213,0.002126,0.00213,OPES,1514412360,2017-12-28 01:44:58.934836,0.0,0.0
455,455.0,0.002127,1,JordanManual,CCCAGG,0.002128,0.002126,0.002126,OPES,1514412540,2017-12-28 01:44:58.934836,0.0,0.0
456,456.0,0.002129,1,JordanManual,CCCAGG,0.002129,0.002127,0.002127,OPES,1514412720,2017-12-28 01:44:58.934836,0.0,0.0
457,457.0,0.002141,1,JordanManual,CCCAGG,0.002141,0.002132,0.002132,OPES,1514412900,2017-12-28 01:44:58.934836,0.0,0.0
458,458.0,0.002149,1,JordanManual,CCCAGG,0.002149,0.002141,0.002141,OPES,1514413080,2017-12-28 01:44:58.934836,0.0,0.0
459,459.0,0.002148,1,JordanManual,CCCAGG,0.002148,0.002146,0.002147,OPES,1514413260,2017-12-28 01:44:58.934836,0.0,0.0
460,460.0,0.002154,1,JordanManual,CCCAGG,0.002154,0.002152,0.002152,OPES,1514413440,2017-12-28 01:44:58.934836,0.0,0.0
461,461.0,0.002154,1,JordanManual,CCCAGG,0.002155,0.002154,0.002155,OPES,1514413620,2017-12-28 01:44:58.934836,0.0,0.0
462,462.0,0.002158,1,JordanManual,CCCAGG,0.002158,0.002154,0.002154,OPES,1514413800,2017-12-28 01:44:58.934836,0.0,0.0
463,463.0,0.002167,1,JordanManual,CCCAGG,0.002167,0.002164,0.002164,OPES,1514413980,2017-12-28 01:44:58.934836,0.0,0.0
464,464.0,0.002165,1,JordanManual,CCCAGG,0.002168,0.002165,0.002167,OPES,1514414160,2017-12-28 01:44:58.934836,0.0,0.0
465,465.0,0.002161,1,JordanManual,CCCAGG,0.002162,0.002161,0.002162,OPES,1514414340,2017-12-28 01:44:58.934836,0.0,0.0
466,466.0,0.002151,1,JordanManual,CCCAGG,0.002155,0.002151,0.002155,OPES,1514414520,2017-12-28 01:44:58.934836,0.0,0.0
467,467.0,0.002159,1,JordanManual,CCCAGG,0.00216,0.002153,0.002153,OPES,1514414700,2017-12-28 01:44:58.934836,0.0,0.0
468,468.0,0.002155,1,JordanManual,CCCAGG,0.00216,0.002155,0.00216,OPES,1514414880,2017-12-28 01:44:58.934836,0.0,0.0
469,469.0,0.002155,1,JordanManual,CCCAGG,0.002155,0.002154,0.002154,OPES,1514415060,2017-12-28 01:44:58.934836,0.0,0.0
470,470.0,0.002149,1,JordanManual,CCCAGG,0.002155,0.002149,0.002155,OPES,1514415240,2017-12-28 01:44:58.934836,0.0,0.0
471,471.0,0.002144,1,JordanManual,CCCAGG,0.002144,0.002144,0.002144,OPES,1514415420,2017-12-28 01:44:58.934836,0.0,0.0
472,472.0,0.002144,1,JordanManual,CCCAGG,0.002147,0.002144,0.002147,OPES,1514415600,2017-12-28 01:44:58.934836,0.0,0.0
473,473.0,0.002136,1,JordanManual,CCCAGG,0.002142,0.002136,0.002142,OPES,1514415780,2017-12-28 01:44:58.934836,0.0,0.0
474,474.0,0.00214,1,JordanManual,CCCAGG,0.00214,0.002137,0.002137,OPES,1514415960,2017-12-28 01:44:58.934836,0.0,0.0
475,475.0,0.002142,1,JordanManual,CCCAGG,0.002142,0.002139,0.002139,OPES,1514416140,2017-12-28 01:44:58.934836,0.0,0.0
476,476.0,0.002152,1,JordanManual,CCCAGG,0.002152,0.002146,0.002146,OPES,1514416320,2017-12-28 01:44:58.934836,0.0,0.0
477,477.0,0.002147,1,JordanManual,CCCAGG,0.002153,0.002147,0.002153,OPES,1514416500,2017-12-28 01:44:58.934836,0.0,0.0
478,478.0,0.002149,1,JordanManual,CCCAGG,0.002149,0.002145,0.002145,OPES,1514416680,2017-12-28 01:44:58.934836,0.0,0.0
479,479.0,0.002155,1,JordanManual,CCCAGG,0.002155,0.002148,0.002148,OPES,1514416860,2017-12-28 01:44:58.934836,0.0,0.0
480,480.0,0.002158,1,JordanManual,CCCAGG,0.002158,0.002155,0.002155,OPES,1514417040,2017-12-28 01:44:58.934836,0.0,0.0
481,481.0,0.002157,1,JordanManual,CCCAGG,0.002158,0.002157,0.002158,OPES,1514417220,2017-12-28 01:44:58.934836,0.0,0.0
482,482.0,0.002157,1,JordanManual,CCCAGG,0.002157,0.002156,0.002157,OPES,1514417400,2017-12-28 01:44:58.934836,0.0,0.0
483,483.0,0.00216,1,JordanManual,CCCAGG,0.00216,0.002158,0.002158,OPES,1514417580,2017-12-28 01:44:58.934836,0.0,0.0
484,484.0,0.002166,1,JordanManual,CCCAGG,0.002167,0.002165,0.002165,OPES,1514417760,2017-12-28 01:44:58.934836,0.0,0.0
485,485.0,0.002165,1,JordanManual,CCCAGG,0.002169,0.002165,0.002167,OPES,1514417940,2017-12-28 01:44:58.934836,0.0,0.0
486,486.0,0.002167,1,JordanManual,CCCAGG,0.002167,0.002164,0.002164,OPES,1514418120,2017-12-28 01:44:58.934836,0.0,0.0
487,487.0,0.002168,1,JordanManual,CCCAGG,0.00217,0.002168,0.00217,OPES,1514418300,2017-12-28 01:44:58.934836,0.0,0.0
488,488.0,0.002165,1,JordanManual,CCCAGG,0.002167,0.002165,0.002167,OPES,1514418480,2017-12-28 01:44:58.934836,0.0,0.0
489,489.0,0.002158,1,JordanManual,CCCAGG,0.002165,0.002158,0.002164,OPES,1514418660,2017-12-28 01:44:58.934836,0.0,0.0
490,490.0,0.002159,1,JordanManual,CCCAGG,0.002159,0.002157,0.002159,OPES,1514418840,2017-12-28 01:44:58.934836,0.0,0.0
491,491.0,0.002158,1,JordanManual,CCCAGG,0.002159,0.002158,0.002158,OPES,1514419020,2017-12-28 01:44:58.934836,0.0,0.0
492,492.0,0.002165,1,JordanManual,CCCAGG,0.002165,0.002161,0.002161,OPES,1514419200,2017-12-28 01:44:58.934836,0.0,0.0
493,493.0,0.002161,1,JordanManual,CCCAGG,0.002164,0.002161,0.002164,OPES,1514419380,2017-12-28 01:44:58.934836,0.0,0.0
494,494.0,0.002161,1,JordanManual,CCCAGG,0.002161,0.002158,0.002158,OPES,1514419560,2017-12-28 01:44:58.934836,0.0,0.0
495,495.0,0.002165,1,JordanManual,CCCAGG,0.002165,0.002162,0.002162,OPES,1514419740,2017-12-28 01:44:58.934836,0.0,0.0
496,496.0,0.002164,1,JordanManual,CCCAGG,0.002165,0.002164,0.002165,OPES,1514419920,2017-12-28 01:44:58.934836,0.0,0.0
497,497.0,0.002164,1,JordanManual,CCCAGG,0.002164,0.002163,0.002163,OPES,1514420100,2017-12-28 01:44:58.934836,0.0,0.0
498,498.0,0.002163,1,JordanManual,CCCAGG,0.002163,0.002163,0.002163,OPES,1514420280,2017-12-28 01:44:58.934836,0.0,0.0
499,499.0,0.00216,1,JordanManual,CCCAGG,0.002162,0.00216,0.002162,OPES,1514420460,2017-12-28 01:44:58.934836,0.0,0.0
500,500.0,0.00215,1,JordanManual,CCCAGG,0.002159,0.00215,0.002159,OPES,1514420640,2017-12-28 01:44:58.934836,0.0,0.0
501,501.0,0.002141,1,JordanManual,CCCAGG,0.002145,0.002141,0.002145,OPES,1514420820,2017-12-28 01:44:58.934836,0.0,0.0
502,502.0,0.002132,1,JordanManual,CCCAGG,0.002136,0.002129,0.002136,OPES,1514421000,2017-12-28 01:44:58.934836,0.0,0.0
503,503.0,0.00213,1,JordanManual,CCCAGG,0.00213,0.002125,0.002125,OPES,1514421180,2017-12-28 01:44:58.934836,0.0,0.0
504,504.0,0.002129,1,JordanManual,CCCAGG,0.002131,0.002129,0.00213,OPES,1514421360,2017-12-28 01:44:58.934836,0.0,0.0
505,505.0,0.002133,1,JordanManual,CCCAGG,0.002134,0.002133,0.002133,OPES,1514421540,2017-12-28 01:44:58.934836,0.0,0.0
506,506.0,0.002133,1,JordanManual,CCCAGG,0.002134,0.002133,0.002133,OPES,1514421720,2017-12-28 01:44:58.934836,0.0,0.0
507,507.0,0.002117,1,JordanManual,CCCAGG,0.002131,0.002117,0.002131,OPES,1514421900,2017-12-28 01:44:58.934836,0.0,0.0
508,508.0,0.002118,1,JordanManual,CCCAGG,0.00212,0.002116,0.002116,OPES,1514422080,2017-12-28 01:44:58.934836,0.0,0.0
509,509.0,0.002118,1,JordanManual,CCCAGG,0.002118,0.002114,0.002114,OPES,1514422260,2017-12-28 01:44:58.934836,0.0,0.0
510,510.0,0.002124,1,JordanManual,CCCAGG,0.002125,0.002121,0.002121,OPES,1514422440,2017-12-28 01:44:58.934836,0.0,0.0
511,511.0,0.002129,1,JordanManual,CCCAGG,0.002129,0.002126,0.002126,OPES,1514422620,2017-12-28 01:44:58.934836,0.0,0.0
512,512.0,0.002128,1,JordanManual,CCCAGG,0.002132,0.002128,0.00213,OPES,1514422800,2017-12-28 01:44:58.934836,0.0,0.0
513,513.0,0.002138,1,JordanManual,CCCAGG,0.002138,0.00213,0.00213,OPES,1514422980,2017-12-28 01:44:58.934836,0.0,0.0
514,514.0,0.00214,1,JordanManual,CCCAGG,0.00214,0.002138,0.002138,OPES,1514423160,2017-12-28 01:44:58.934836,0.0,0.0
515,515.0,0.002134,1,JordanManual,CCCAGG,0.002138,0.002134,0.002138,OPES,1514423340,2017-12-28 01:44:58.934836,0.0,0.0
516,516.0,0.002125,1,JordanManual,CCCAGG,0.002132,0.002125,0.002132,OPES,1514423520,2017-12-28 01:44:58.934836,0.0,0.0
517,517.0,0.002134,1,JordanManual,CCCAGG,0.002134,0.002132,0.002132,OPES,1514423700,2017-12-28 01:44:58.934836,0.0,0.0
518,518.0,0.002134,1,JordanManual,CCCAGG,0.002135,0.002134,0.002135,OPES,1514423880,2017-12-28 01:44:58.934836,0.0,0.0
519,519.0,0.002143,1,JordanManual,CCCAGG,0.002143,0.002138,0.002138,OPES,1514424060,2017-12-28 01:44:58.934836,0.0,0.0
520,520.0,0.002151,1,JordanManual,CCCAGG,0.002151,0.002147,0.002147,OPES,1514424240,2017-12-28 01:44:58.934836,0.0,0.0
521,521.0,0.002154,1,JordanManual,CCCAGG,0.002154,0.002151,0.002151,OPES,1514424420,2017-12-28 01:44:58.934836,0.0,0.0
522,522.0,0.002157,1,JordanManual,CCCAGG,0.002157,0.002155,0.002155,OPES,1514424600,2017-12-28 01:44:58.934836,0.0,0.0
523,523.0,0.002156,1,JordanManual,CCCAGG,0.002157,0.002156,0.002156,OPES,1514424780,2017-12-28 01:44:58.934836,0.0,0.0
524,524.0,0.002151,1,JordanManual,CCCAGG,0.002154,0.002151,0.002154,OPES,1514424960,2017-12-28 01:44:58.934836,0.0,0.0
525,525.0,0.002147,1,JordanManual,CCCAGG,0.002148,0.002147,0.002148,OPES,1514425140,2017-12-28 01:44:58.934836,0.0,0.0
526,526.0,0.002149,1,JordanManual,CCCAGG,0.002149,0.002148,0.002148,OPES,1514425320,2017-12-28 01:44:58.934836,0.0,0.0
527,527.0,0.002154,1,JordanManual,CCCAGG,0.002154,0.00215,0.00215,OPES,1514425500,2017-12-28 01:44:58.934836,0.0,0.0
528,528.0,0.002153,1,JordanManual,CCCAGG,0.002153,0.002152,0.002153,OPES,1514425680,2017-12-28 01:44:58.934836,0.0,0.0
529,529.0,0.002153,1,JordanManual,CCCAGG,0.002153,0.002151,0.002151,OPES,1514425860,2017-12-28 01:44:58.934836,0.0,0.0
530,530.0,0.002157,1,JordanManual,CCCAGG,0.002157,0.002153,0.002153,OPES,1514426040,2017-12-28 01:44:58.934836,0.0,0.0
531,531.0,0.002164,1,JordanManual,CCCAGG,0.002164,0.00216,0.00216,OPES,1514426220,2017-12-28 01:44:58.934836,0.0,0.0
532,532.0,0.00217,1,JordanManual,CCCAGG,0.00217,0.002168,0.002168,OPES,1514426400,2017-12-28 01:44:58.934836,0.0,0.0
533,533.0,0.00216,1,JordanManual,CCCAGG,0.002167,0.00216,0.002167,OPES,1514426580,2017-12-28 01:44:58.934836,0.0,0.0
534,534.0,0.002163,1,JordanManual,CCCAGG,0.002164,0.002163,0.002164,OPES,1514426760,2017-12-28 01:44:58.934836,0.0,0.0
535,535.0,0.002152,1,JordanManual,CCCAGG,0.002158,0.002152,0.002158,OPES,1514426940,2017-12-28 01:44:58.934836,0.0,0.0
536,536.0,0.00214,1,JordanManual,CCCAGG,0.002152,0.00214,0.002152,OPES,1514427120,2017-12-28 01:44:58.934836,0.0,0.0
537,537.0,0.002141,1,JordanManual,CCCAGG,0.002144,0.002141,0.002142,OPES,1514427300,2017-12-28 01:44:58.934836,0.0,0.0
538,538.0,0.002136,1,JordanManual,CCCAGG,0.002138,0.002136,0.002138,OPES,1514427480,2017-12-28 01:44:58.934836,0.0,0.0
539,539.0,0.002137,1,JordanManual,CCCAGG,0.002138,0.002137,0.002137,OPES,1514427660,2017-12-28 01:44:58.934836,0.0,0.0
540,540.0,0.00214,1,JordanManual,CCCAGG,0.002141,0.002138,0.002138,OPES,1514427840,2017-12-28 01:44:58.934836,0.0,0.0
541,541.0,0.002138,1,JordanManual,CCCAGG,0.002139,0.002138,0.002139,OPES,1514428020,2017-12-28 01:44:58.934836,0.0,0.0
542,542.0,0.002122,1,JordanManual,CCCAGG,0.002131,0.002122,0.002131,OPES,1514428200,2017-12-28 01:44:58.934836,0.0,0.0
543,543.0,0.002121,1,JordanManual,CCCAGG,0.002125,0.002121,0.002125,OPES,1514428380,2017-12-28 01:44:58.934836,0.0,0.0
544,544.0,0.002096,1,JordanManual,CCCAGG,0.002125,0.002096,0.002125,OPES,1514428560,2017-12-28 01:44:58.934836,0.0,0.0
545,545.0,0.002086,1,JordanManual,CCCAGG,0.002086,0.002079,0.002083,OPES,1514428740,2017-12-28 01:44:58.934836,0.0,0.0
546,546.0,0.002064,1,JordanManual,CCCAGG,0.002081,0.002064,0.002081,OPES,1514428920,2017-12-28 01:44:58.934836,0.0,0.0
547,547.0,0.00204,1,JordanManual,CCCAGG,0.002054,0.00204,0.002054,OPES,1514429100,2017-12-28 01:44:58.934836,0.0,0.0
548,548.0,0.002016,1,JordanManual,CCCAGG,0.002028,0.002016,0.002028,OPES,1514429280,2017-12-28 01:44:58.934836,0.0,0.0
549,549.0,0.001408,1,JordanManual,CCCAGG,0.001994,0.001408,0.001994,OPES,1514429460,2017-12-28 01:44:58.934836,49339.93,79.727
550,550.0,0.001441,1,JordanManual,CCCAGG,0.001441,0.00143,0.00143,OPES,1514429640,2017-12-28 01:44:58.934836,0.0,0.0
551,551.0,0.001428,1,JordanManual,CCCAGG,0.001446,0.001428,0.001446,OPES,1514429820,2017-12-28 01:44:58.934836,0.0,0.0
552,552.0,0.001446,1,JordanManual,CCCAGG,0.001446,0.001429,0.001429,OPES,1514430000,2017-12-28 01:44:58.934836,0.0,0.0
553,553.0,0.001433,1,JordanManual,CCCAGG,0.001441,0.001433,0.001437,OPES,1514430180,2017-12-28 01:44:58.934836,0.0,0.0
554,554.0,0.001428,1,JordanManual,CCCAGG,0.001428,0.001419,0.001423,OPES,1514430360,2017-12-28 01:44:58.934836,0.0,0.0
555,555.0,0.001429,1,JordanManual,CCCAGG,0.001436,0.001429,0.001436,OPES,1514430540,2017-12-28 01:44:58.934836,0.0,0.0
556,556.0,0.00145,1,JordanManual,CCCAGG,0.001453,0.001444,0.001444,OPES,1514430720,2017-12-28 01:44:58.934836,0.0,0.0
557,557.0,0.001456,1,JordanManual,CCCAGG,0.001456,0.001451,0.001451,OPES,1514430900,2017-12-28 01:44:58.934836,0.0,0.0
558,558.0,0.001455,1,JordanManual,CCCAGG,0.001455,0.001453,0.001453,OPES,1514431080,2017-12-28 01:44:58.934836,0.0,0.0
559,559.0,0.001458,1,JordanManual,CCCAGG,0.00146,0.001458,0.00146,OPES,1514431260,2017-12-28 01:44:58.934836,0.0,0.0
560,560.0,0.001454,1,JordanManual,CCCAGG,0.001454,0.001451,0.001451,OPES,1514431440,2017-12-28 01:44:58.934836,0.0,0.0
561,561.0,0.001428,1,JordanManual,CCCAGG,0.001451,0.001428,0.001451,OPES,1514431620,2017-12-28 01:44:58.934836,0.0,0.0
562,562.0,0.001437,1,JordanManual,CCCAGG,0.001439,0.001436,0.001436,OPES,1514431800,2017-12-28 01:44:58.934836,0.0,0.0
563,563.0,0.001415,1,JordanManual,CCCAGG,0.001433,0.001415,0.001433,OPES,1514431980,2017-12-28 01:44:58.934836,0.0,0.0
564,564.0,0.001395,1,JordanManual,CCCAGG,0.00141,0.001395,0.00141,OPES,1514432160,2017-12-28 01:44:58.934836,0.0,0.0
565,565.0,0.00142,1,JordanManual,CCCAGG,0.00142,0.001392,0.001392,OPES,1514432340,2017-12-28 01:44:58.934836,0.0,0.0
566,566.0,0.001424,1,JordanManual,CCCAGG,0.001424,0.001412,0.001412,OPES,1514432520,2017-12-28 01:44:58.934836,0.0,0.0
567,567.0,0.001431,1,JordanManual,CCCAGG,0.001433,0.001427,0.001433,OPES,1514432700,2017-12-28 01:44:58.934836,0.0,0.0
568,568.0,0.00143,1,JordanManual,CCCAGG,0.001432,0.001428,0.001428,OPES,1514432880,2017-12-28 01:44:58.934836,0.0,0.0
569,569.0,0.001444,1,JordanManual,CCCAGG,0.001446,0.001434,0.001434,OPES,1514433060,2017-12-28 01:44:58.934836,0.0,0.0
570,570.0,0.001445,1,JordanManual,CCCAGG,0.001448,0.001444,0.001444,OPES,1514433240,2017-12-28 01:44:58.934836,0.0,0.0
571,571.0,0.001436,1,JordanManual,CCCAGG,0.001439,0.001436,0.001437,OPES,1514433420,2017-12-28 01:44:58.934836,0.0,0.0
572,572.0,0.001432,1,JordanManual,CCCAGG,0.001442,0.001432,0.001442,OPES,1514433600,2017-12-28 01:44:58.934836,0.0,0.0
573,573.0,0.001415,1,JordanManual,CCCAGG,0.001431,0.001415,0.001431,OPES,1514433780,2017-12-28 01:44:58.934836,0.0,0.0
574,574.0,0.001422,1,JordanManual,CCCAGG,0.001423,0.001414,0.001414,OPES,1514433960,2017-12-28 01:44:58.934836,0.0,0.0
575,575.0,0.001436,1,JordanManual,CCCAGG,0.001436,0.001428,0.001428,OPES,1514434140,2017-12-28 01:44:58.934836,0.0,0.0
576,576.0,0.001435,1,JordanManual,CCCAGG,0.001436,0.001434,0.001434,OPES,1514434320,2017-12-28 01:44:58.934836,0.0,0.0
577,577.0,0.001441,1,JordanManual,CCCAGG,0.001441,0.001434,0.001434,OPES,1514434500,2017-12-28 01:44:58.934836,0.0,0.0
578,578.0,0.001444,1,JordanManual,CCCAGG,0.00145,0.001444,0.00145,OPES,1514434680,2017-12-28 01:44:58.934836,0.0,0.0
579,579.0,0.001456,1,JordanManual,CCCAGG,0.001456,0.001447,0.001447,OPES,1514434860,2017-12-28 01:44:58.934836,0.0,0.0
580,580.0,0.001455,1,JordanManual,CCCAGG,0.001457,0.001455,0.001457,OPES,1514435040,2017-12-28 01:44:58.934836,0.0,0.0
581,581.0,0.001456,1,JordanManual,CCCAGG,0.001456,0.001449,0.001449,OPES,1514435220,2017-12-28 01:44:58.934836,0.0,0.0
582,582.0,0.001464,1,JordanManual,CCCAGG,0.001467,0.001463,0.001463,OPES,1514435400,2017-12-28 01:44:58.934836,0.0,0.0
583,583.0,0.00146,1,JordanManual,CCCAGG,0.001463,0.00146,0.001463,OPES,1514435580,2017-12-28 01:44:58.934836,0.0,0.0
584,584.0,0.001452,1,JordanManual,CCCAGG,0.001453,0.001452,0.001452,OPES,1514435760,2017-12-28 01:44:58.934836,0.0,0.0
585,585.0,0.001453,1,JordanManual,CCCAGG,0.001453,0.001452,0.001453,OPES,1514435940,2017-12-28 01:44:58.934836,0.0,0.0
586,586.0,0.001455,1,JordanManual,CCCAGG,0.001455,0.001454,0.001455,OPES,1514436120,2017-12-28 01:44:58.934836,0.0,0.0
587,587.0,0.001441,1,JordanManual,CCCAGG,0.001451,0.001437,0.001451,OPES,1514436300,2017-12-28 01:44:58.934836,0.0,0.0
588,588.0,0.001447,1,JordanManual,CCCAGG,0.001447,0.001443,0.001443,OPES,1514436480,2017-12-28 01:44:58.934836,0.0,0.0
589,589.0,0.001435,1,JordanManual,CCCAGG,0.001447,0.001435,0.001447,OPES,1514436660,2017-12-28 01:44:58.934836,0.0,0.0
590,590.0,0.001435,1,JordanManual,CCCAGG,0.001438,0.001435,0.001435,OPES,1514436840,2017-12-28 01:44:58.934836,0.0,0.0
591,591.0,0.001439,1,JordanManual,CCCAGG,0.001439,0.001435,0.001436,OPES,1514437020,2017-12-28 01:44:58.934836,0.0,0.0
592,592.0,0.001443,1,JordanManual,CCCAGG,0.001444,0.001442,0.001442,OPES,1514437200,2017-12-28 01:44:58.934836,0.0,0.0
593,593.0,0.001433,1,JordanManual,CCCAGG,0.001437,0.001433,0.001437,OPES,1514437380,2017-12-28 01:44:58.934836,0.0,0.0
594,594.0,0.001418,1,JordanManual,CCCAGG,0.001432,0.001418,0.001432,OPES,1514437560,2017-12-28 01:44:58.934836,0.0,0.0
595,595.0,0.00142,1,JordanManual,CCCAGG,0.001422,0.001419,0.001422,OPES,1514437740,2017-12-28 01:44:58.934836,0.0,0.0
596,596.0,0.001411,1,JordanManual,CCCAGG,0.001421,0.001411,0.001421,OPES,1514437920,2017-12-28 01:44:58.934836,0.0,0.0
597,597.0,0.001408,1,JordanManual,CCCAGG,0.001414,0.001408,0.001414,OPES,1514438100,2017-12-28 01:44:58.934836,0.0,0.0
598,598.0,0.001388,1,JordanManual,CCCAGG,0.0014,0.001388,0.0014,OPES,1514438280,2017-12-28 01:44:58.934836,0.0,0.0
599,599.0,0.001397,1,JordanManual,CCCAGG,0.001397,0.001387,0.001387,OPES,1514438460,2017-12-28 01:44:58.934836,0.0,0.0
600,600.0,0.001404,1,JordanManual,CCCAGG,0.001405,0.0014,0.001405,OPES,1514438640,2017-12-28 01:44:58.934836,0.0,0.0
601,601.0,0.001415,1,JordanManual,CCCAGG,0.001415,0.001408,0.001408,OPES,1514438820,2017-12-28 01:44:58.934836,0.0,0.0
602,602.0,0.001414,1,JordanManual,CCCAGG,0.001419,0.001414,0.001419,OPES,1514439000,2017-12-28 01:44:58.934836,0.0,0.0
603,603.0,0.001401,1,JordanManual,CCCAGG,0.001408,0.001401,0.001408,OPES,1514439180,2017-12-28 01:44:58.934836,0.0,0.0
604,604.0,0.001404,1,JordanManual,CCCAGG,0.001404,0.001403,0.001403,OPES,1514439360,2017-12-28 01:44:58.934836,0.0,0.0
605,605.0,0.001396,1,JordanManual,CCCAGG,0.001404,0.001396,0.001404,OPES,1514439540,2017-12-28 01:44:58.934836,0.0,0.0
606,606.0,0.00138,1,JordanManual,CCCAGG,0.001389,0.00138,0.001389,OPES,1514439720,2017-12-28 01:44:58.934836,0.0,0.0
607,607.0,0.001384,1,JordanManual,CCCAGG,0.001384,0.001372,0.001372,OPES,1514439900,2017-12-28 01:44:58.934836,0.0,0.0
608,608.0,0.001389,1,JordanManual,CCCAGG,0.001389,0.001383,0.001386,OPES,1514440080,2017-12-28 01:44:58.934836,0.0,0.0
609,609.0,0.001393,1,JordanManual,CCCAGG,0.001397,0.001388,0.001397,OPES,1514440260,2017-12-28 01:44:58.934836,0.0,0.0
610,610.0,0.001377,1,JordanManual,CCCAGG,0.001385,0.001377,0.001385,OPES,1514440440,2017-12-28 01:44:58.934836,0.0,0.0
611,611.0,0.001377,1,JordanManual,CCCAGG,0.001379,0.001374,0.001374,OPES,1514440620,2017-12-28 01:44:58.934836,0.0,0.0
612,612.0,0.001387,1,JordanManual,CCCAGG,0.001387,0.001375,0.001375,OPES,1514440800,2017-12-28 01:44:58.934836,0.0,0.0
613,613.0,0.001383,1,JordanManual,CCCAGG,0.001386,0.001383,0.001386,OPES,1514440980,2017-12-28 01:44:58.934836,0.0,0.0
614,614.0,0.001382,1,JordanManual,CCCAGG,0.001383,0.001377,0.001377,OPES,1514441160,2017-12-28 01:44:58.934836,0.0,0.0
615,615.0,0.001392,1,JordanManual,CCCAGG,0.001394,0.001383,0.001383,OPES,1514441340,2017-12-28 01:44:58.934836,0.0,0.0
616,616.0,0.001398,1,JordanManual,CCCAGG,0.001403,0.001397,0.001397,OPES,1514441520,2017-12-28 01:44:58.934836,0.0,0.0
617,617.0,0.001397,1,JordanManual,CCCAGG,0.001399,0.001395,0.001399,OPES,1514441700,2017-12-28 01:44:58.934836,0.0,0.0
618,618.0,0.001395,1,JordanManual,CCCAGG,0.0014,0.001395,0.001399,OPES,1514441880,2017-12-28 01:44:58.934836,0.0,0.0
619,619.0,0.001387,1,JordanManual,CCCAGG,0.001389,0.001383,0.001389,OPES,1514442060,2017-12-28 01:44:58.934836,0.0,0.0
620,620.0,0.001389,1,JordanManual,CCCAGG,0.00139,0.001385,0.00139,OPES,1514442240,2017-12-28 01:44:58.934836,0.0,0.0
621,621.0,0.001393,1,JordanManual,CCCAGG,0.001393,0.00139,0.00139,OPES,1514442420,2017-12-28 01:44:58.934836,0.0,0.0
622,622.0,0.001408,1,JordanManual,CCCAGG,0.001408,0.001396,0.001396,OPES,1514442600,2017-12-28 01:44:58.934836,0.0,0.0
623,623.0,0.001403,1,JordanManual,CCCAGG,0.001406,0.001403,0.001404,OPES,1514442780,2017-12-28 01:44:58.934836,0.0,0.0
624,624.0,0.001401,1,JordanManual,CCCAGG,0.001401,0.001398,0.001399,OPES,1514442960,2017-12-28 01:44:58.934836,0.0,0.0
625,625.0,0.001403,1,JordanManual,CCCAGG,0.001403,0.0014,0.0014,OPES,1514443140,2017-12-28 01:44:58.934836,0.0,0.0
626,626.0,0.001396,1,JordanManual,CCCAGG,0.001401,0.001396,0.001401,OPES,1514443320,2017-12-28 01:44:58.934836,0.0,0.0
627,627.0,0.001387,1,JordanManual,CCCAGG,0.001391,0.001384,0.001391,OPES,1514443500,2017-12-28 01:44:58.934836,0.0,0.0
628,628.0,0.001388,1,JordanManual,CCCAGG,0.001388,0.001384,0.001384,OPES,1514443680,2017-12-28 01:44:58.934836,0.0,0.0
629,629.0,0.0014,1,JordanManual,CCCAGG,0.0014,0.001395,0.001395,OPES,1514443860,2017-12-28 01:44:58.934836,0.0,0.0
630,630.0,0.001397,1,JordanManual,CCCAGG,0.0014,0.001397,0.0014,OPES,1514444040,2017-12-28 01:44:58.934836,0.0,0.0
631,631.0,0.001387,1,JordanManual,CCCAGG,0.001395,0.001387,0.001395,OPES,1514444220,2017-12-28 01:44:58.934836,0.0,0.0
632,632.0,0.001401,1,JordanManual,CCCAGG,0.001401,0.001388,0.001388,OPES,1514444400,2017-12-28 01:44:58.934836,0.0,0.0
633,633.0,0.001404,1,JordanManual,CCCAGG,0.001404,0.001401,0.001401,OPES,1514444580,2017-12-28 01:44:58.934836,0.0,0.0
634,634.0,0.001404,1,JordanManual,CCCAGG,0.001408,0.001404,0.001408,OPES,1514444760,2017-12-28 01:44:58.934836,0.0,0.0
635,635.0,0.001409,1,JordanManual,CCCAGG,0.001409,0.001407,0.001407,OPES,1514444940,2017-12-28 01:44:58.934836,0.0,0.0
636,636.0,0.001411,1,JordanManual,CCCAGG,0.001411,0.001408,0.001408,OPES,1514445120,2017-12-28 01:44:58.934836,0.0,0.0
637,637.0,0.001415,1,JordanManual,CCCAGG,0.001417,0.001415,0.001415,OPES,1514445300,2017-12-28 01:44:58.934836,0.0,0.0
638,638.0,0.00142,1,JordanManual,CCCAGG,0.00142,0.001417,0.001417,OPES,1514445480,2017-12-28 01:44:58.934836,0.0,0.0
639,639.0,0.001422,1,JordanManual,CCCAGG,0.001422,0.001421,0.001422,OPES,1514445660,2017-12-28 01:44:58.934836,0.0,0.0
640,640.0,0.001414,1,JordanManual,CCCAGG,0.001422,0.001414,0.001422,OPES,1514445840,2017-12-28 01:44:58.934836,0.0,0.0
641,641.0,0.001415,1,JordanManual,CCCAGG,0.001415,0.001415,0.001415,OPES,1514446020,2017-12-28 01:44:58.934836,0.0,0.0
642,642.0,0.001414,1,JordanManual,CCCAGG,0.001415,0.001414,0.001415,OPES,1514446200,2017-12-28 01:44:58.934836,0.0,0.0
643,643.0,0.00141,1,JordanManual,CCCAGG,0.001414,0.00141,0.001414,OPES,1514446380,2017-12-28 01:44:58.934836,0.0,0.0
644,644.0,0.001417,1,JordanManual,CCCAGG,0.001417,0.001414,0.001414,OPES,1514446560,2017-12-28 01:44:58.934836,0.0,0.0
645,645.0,0.001422,1,JordanManual,CCCAGG,0.001423,0.001418,0.001418,OPES,1514446740,2017-12-28 01:44:58.934836,0.0,0.0
646,646.0,0.001424,1,JordanManual,CCCAGG,0.001425,0.001423,0.001423,OPES,1514446920,2017-12-28 01:44:58.934836,0.0,0.0
647,647.0,0.001425,1,JordanManual,CCCAGG,0.001427,0.001425,0.001427,OPES,1514447100,2017-12-28 01:44:58.934836,0.0,0.0
648,648.0,0.001424,1,JordanManual,CCCAGG,0.001425,0.001424,0.001425,OPES,1514447280,2017-12-28 01:44:58.934836,0.0,0.0
649,649.0,0.001422,1,JordanManual,CCCAGG,0.001422,0.001419,0.00142,OPES,1514447460,2017-12-28 01:44:58.934836,0.0,0.0
650,650.0,0.001421,1,JordanManual,CCCAGG,0.001422,0.001421,0.001421,OPES,1514447640,2017-12-28 01:44:58.934836,0.0,0.0
651,651.0,0.001415,1,JordanManual,CCCAGG,0.001419,0.001415,0.001419,OPES,1514447820,2017-12-28 01:44:58.934836,0.0,0.0
652,652.0,0.001418,1,JordanManual,CCCAGG,0.001418,0.001415,0.001415,OPES,1514448000,2017-12-28 01:44:58.934836,0.0,0.0
653,653.0,0.001419,1,JordanManual,CCCAGG,0.001419,0.001418,0.001419,OPES,1514448180,2017-12-28 01:44:58.934836,0.0,0.0
654,654.0,0.001424,1,JordanManual,CCCAGG,0.001424,0.001421,0.001421,OPES,1514448360,2017-12-28 01:44:58.934836,0.0,0.0
655,655.0,0.001425,1,JordanManual,CCCAGG,0.001425,0.001424,0.001424,OPES,1514448540,2017-12-28 01:44:58.934836,0.0,0.0
656,656.0,0.001418,1,JordanManual,CCCAGG,0.001423,0.001418,0.001423,OPES,1514448720,2017-12-28 01:44:58.934836,0.0,0.0
657,657.0,0.001403,1,JordanManual,CCCAGG,0.001415,0.001403,0.001415,OPES,1514448900,2017-12-28 01:44:58.934836,0.0,0.0
658,658.0,0.001409,1,JordanManual,CCCAGG,0.001409,0.001407,0.001408,OPES,1514449080,2017-12-28 01:44:58.934836,0.0,0.0
659,659.0,0.001396,1,JordanManual,CCCAGG,0.001405,0.001396,0.001405,OPES,1514449260,2017-12-28 01:44:58.934836,0.0,0.0
660,660.0,0.001399,1,JordanManual,CCCAGG,0.0014,0.001397,0.001397,OPES,1514449440,2017-12-28 01:44:58.934836,0.0,0.0
661,661.0,0.001397,1,JordanManual,CCCAGG,0.001399,0.001397,0.001399,OPES,1514449620,2017-12-28 01:44:58.934836,0.0,0.0
662,662.0,0.001405,1,JordanManual,CCCAGG,0.001405,0.0014,0.0014,OPES,1514449800,2017-12-28 01:44:58.934836,0.0,0.0
663,663.0,0.001408,1,JordanManual,CCCAGG,0.001408,0.001405,0.001405,OPES,1514449980,2017-12-28 01:44:58.934836,0.0,0.0
664,664.0,0.001407,1,JordanManual,CCCAGG,0.001409,0.001407,0.001407,OPES,1514450160,2017-12-28 01:44:58.934836,0.0,0.0
665,665.0,0.00141,1,JordanManual,CCCAGG,0.00141,0.001406,0.001406,OPES,1514450340,2017-12-28 01:44:58.934836,0.0,0.0
666,666.0,0.001411,1,JordanManual,CCCAGG,0.00141,0.00141,0.00141,OPES,1514450520,2017-12-28 01:44:58.934836,0.0,0.0
667,,0.001407,1,JordanManual,CCCAGG,0.001411,0.001407,0.00141,OPES,1514450700,2017-12-28 10:51:53.703401,0.0,0.0
668,,0.001407,1,JordanManual,CCCAGG,0.001408,0.001407,0.001408,OPES,1514450880,2017-12-28 10:51:53.703401,0.0,0.0
669,,0.001409,1,JordanManual,CCCAGG,0.001409,0.001408,0.001408,OPES,1514451060,2017-12-28 10:51:53.703401,0.0,0.0
670,,0.001418,1,JordanManual,CCCAGG,0.001418,0.00141,0.00141,OPES,1514451240,2017-12-28 10:51:53.703401,0.0,0.0
671,,0.001421,1,JordanManual,CCCAGG,0.001421,0.001419,0.001419,OPES,1514451420,2017-12-28 10:51:53.703401,0.0,0.0
672,,0.001422,1,JordanManual,CCCAGG,0.001424,0.001422,0.001423,OPES,1514451600,2017-12-28 10:51:53.703401,0.0,0.0
673,,0.001418,1,JordanManual,CCCAGG,0.00142,0.001418,0.00142,OPES,1514451780,2017-12-28 10:51:53.703401,0.0,0.0
674,,0.001423,1,JordanManual,CCCAGG,0.001423,0.001418,0.001418,OPES,1514451960,2017-12-28 10:51:53.703401,0.0,0.0
675,,0.001421,1,JordanManual,CCCAGG,0.001423,0.001421,0.001423,OPES,1514452140,2017-12-28 10:51:53.703401,0.0,0.0
676,,0.00142,1,JordanManual,CCCAGG,0.00142,0.001419,0.00142,OPES,1514452320,2017-12-28 10:51:53.703401,0.0,0.0
677,,0.001421,1,JordanManual,CCCAGG,0.001421,0.00142,0.00142,OPES,1514452500,2017-12-28 10:51:53.703401,0.0,0.0
678,,0.001425,1,JordanManual,CCCAGG,0.001425,0.001422,0.001422,OPES,1514452680,2017-12-28 10:51:53.703401,0.0,0.0
679,,0.001424,1,JordanManual,CCCAGG,0.001425,0.001424,0.001425,OPES,1514452860,2017-12-28 10:51:53.703401,0.0,0.0
680,,0.001427,1,JordanManual,CCCAGG,0.001428,0.001427,0.001427,OPES,1514453040,2017-12-28 10:51:53.703401,0.0,0.0
681,,0.001432,1,JordanManual,CCCAGG,0.001432,0.001428,0.001428,OPES,1514453220,2017-12-28 10:51:53.703401,0.0,0.0
682,,0.00144,1,JordanManual,CCCAGG,0.00144,0.001435,0.001435,OPES,1514453400,2017-12-28 10:51:53.703401,0.0,0.0
683,,0.001444,1,JordanManual,CCCAGG,0.001444,0.00144,0.00144,OPES,1514453580,2017-12-28 10:51:53.703401,0.0,0.0
684,,0.001442,1,JordanManual,CCCAGG,0.001443,0.00144,0.00144,OPES,1514453760,2017-12-28 10:51:53.703401,0.0,0.0
685,,0.001441,1,JordanManual,CCCAGG,0.001441,0.00144,0.00144,OPES,1514453940,2017-12-28 10:51:53.703401,0.0,0.0
686,,0.001443,1,JordanManual,CCCAGG,0.001443,0.001443,0.001443,OPES,1514454120,2017-12-28 10:51:53.703401,0.0,0.0
687,,0.001438,1,JordanManual,CCCAGG,0.00144,0.001438,0.00144,OPES,1514454300,2017-12-28 10:51:53.703401,0.0,0.0
688,,0.00144,1,JordanManual,CCCAGG,0.00144,0.001438,0.001438,OPES,1514454480,2017-12-28 10:51:53.703401,0.0,0.0
689,,0.001444,1,JordanManual,CCCAGG,0.001444,0.001441,0.001441,OPES,1514454660,2017-12-28 10:51:53.703401,0.0,0.0
690,,0.001436,1,JordanManual,CCCAGG,0.001443,0.001436,0.001443,OPES,1514454840,2017-12-28 10:51:53.703401,0.0,0.0
691,,0.001426,1,JordanManual,CCCAGG,0.001432,0.001426,0.001432,OPES,1514455020,2017-12-28 10:51:53.703401,0.0,0.0
692,,0.001427,1,JordanManual,CCCAGG,0.001428,0.001427,0.001428,OPES,1514455200,2017-12-28 10:51:53.703401,0.0,0.0
693,,0.001428,1,JordanManual,CCCAGG,0.001429,0.001428,0.001429,OPES,1514455380,2017-12-28 10:51:53.703401,0.0,0.0
694,,0.001434,1,JordanManual,CCCAGG,0.001434,0.00143,0.00143,OPES,1514455560,2017-12-28 10:51:53.703401,0.0,0.0
695,,0.001433,1,JordanManual,CCCAGG,0.001434,0.001433,0.001433,OPES,1514455740,2017-12-28 10:51:53.703401,0.0,0.0
696,,0.00143,1,JordanManual,CCCAGG,0.001432,0.00143,0.001432,OPES,1514455920,2017-12-28 10:51:53.703401,0.0,0.0
697,,0.001425,1,JordanManual,CCCAGG,0.001428,0.001425,0.001428,OPES,1514456100,2017-12-28 10:51:53.703401,0.0,0.0
698,,0.001425,1,JordanManual,CCCAGG,0.001425,0.001424,0.001425,OPES,1514456280,2017-12-28 10:51:53.703401,0.0,0.0
699,,0.001423,1,JordanManual,CCCAGG,0.001423,0.001422,0.001422,OPES,1514456460,2017-12-28 10:51:53.703401,0.0,0.0
700,,0.001426,1,JordanManual,CCCAGG,0.001426,0.001422,0.001422,OPES,1514456640,2017-12-28 10:51:53.703401,0.0,0.0
701,,0.001423,1,JordanManual,CCCAGG,0.001426,0.001423,0.001426,OPES,1514456820,2017-12-28 10:51:53.703401,0.0,0.0
702,,0.001418,1,JordanManual,CCCAGG,0.001421,0.001418,0.001421,OPES,1514457000,2017-12-28 10:51:53.703401,0.0,0.0
703,,0.001408,1,JordanManual,CCCAGG,0.001418,0.001408,0.001418,OPES,1514457180,2017-12-28 10:51:53.703401,0.0,0.0
704,,0.0014,1,JordanManual,CCCAGG,0.001407,0.0014,0.001407,OPES,1514457360,2017-12-28 10:51:53.703401,0.0,0.0
705,,0.001401,1,JordanManual,CCCAGG,0.001401,0.001397,0.001397,OPES,1514457540,2017-12-28 10:51:53.703401,0.0,0.0
706,,0.001399,1,JordanManual,CCCAGG,0.001399,0.001398,0.001399,OPES,1514457720,2017-12-28 10:51:53.703401,0.0,0.0
707,,0.0014,1,JordanManual,CCCAGG,0.0014,0.001398,0.001398,OPES,1514457900,2017-12-28 10:51:53.703401,0.0,0.0
708,,0.001401,1,JordanManual,CCCAGG,0.001402,0.001401,0.001401,OPES,1514458080,2017-12-28 10:51:53.703401,0.0,0.0
709,,0.001389,1,JordanManual,CCCAGG,0.0014,0.001389,0.0014,OPES,1514458260,2017-12-28 10:51:53.703401,0.0,0.0
710,,0.00137,1,JordanManual,CCCAGG,0.001382,0.00137,0.001382,OPES,1514458440,2017-12-28 10:51:53.703401,0.0,0.0
711,,0.001353,1,JordanManual,CCCAGG,0.001365,0.001353,0.001365,OPES,1514458620,2017-12-28 10:51:53.703401,0.0,0.0
712,,0.001364,1,JordanManual,CCCAGG,0.001366,0.001357,0.001357,OPES,1514458800,2017-12-28 10:51:53.703401,0.0,0.0
713,,0.00136,1,JordanManual,CCCAGG,0.00136,0.001355,0.001359,OPES,1514458980,2017-12-28 10:51:53.703401,0.0,0.0
714,,0.001362,1,JordanManual,CCCAGG,0.001367,0.001361,0.001367,OPES,1514459160,2017-12-28 10:51:53.703401,0.0,0.0
715,,0.001363,1,JordanManual,CCCAGG,0.001364,0.001363,0.001363,OPES,1514459340,2017-12-28 10:51:53.703401,0.0,0.0
716,,0.001368,1,JordanManual,CCCAGG,0.001371,0.001365,0.001365,OPES,1514459520,2017-12-28 10:51:53.703401,0.0,0.0
717,,0.001365,1,JordanManual,CCCAGG,0.001365,0.001361,0.001363,OPES,1514459700,2017-12-28 10:51:53.703401,0.0,0.0
718,,0.001366,1,JordanManual,CCCAGG,0.00137,0.001366,0.00137,OPES,1514459880,2017-12-28 10:51:53.703401,0.0,0.0
719,,0.00137,1,JordanManual,CCCAGG,0.00137,0.001367,0.001367,OPES,1514460060,2017-12-28 10:51:53.703401,0.0,0.0
720,,0.001373,1,JordanManual,CCCAGG,0.001379,0.001373,0.001377,OPES,1514460240,2017-12-28 10:51:53.703401,0.0,0.0
721,,0.001376,1,JordanManual,CCCAGG,0.001378,0.001376,0.001376,OPES,1514460420,2017-12-28 10:51:53.703401,0.0,0.0
722,,0.001374,1,JordanManual,CCCAGG,0.001378,0.001374,0.001378,OPES,1514460600,2017-12-28 10:51:53.703401,0.0,0.0
723,,0.001368,1,JordanManual,CCCAGG,0.001372,0.001366,0.001372,OPES,1514460780,2017-12-28 10:51:53.703401,0.0,0.0
724,,0.001363,1,JordanManual,CCCAGG,0.001364,0.001363,0.001364,OPES,1514460960,2017-12-28 10:51:53.703401,0.0,0.0
725,,0.001376,1,JordanManual,CCCAGG,0.001376,0.001365,0.001365,OPES,1514461140,2017-12-28 10:51:53.703401,0.0,0.0
726,,0.001378,1,JordanManual,CCCAGG,0.001378,0.001375,0.001376,OPES,1514461320,2017-12-28 10:51:53.703401,0.0,0.0
727,,0.001378,1,JordanManual,CCCAGG,0.00138,0.001377,0.001377,OPES,1514461500,2017-12-28 10:51:53.703401,0.0,0.0
728,,0.001378,1,JordanManual,CCCAGG,0.001378,0.001376,0.001377,OPES,1514461680,2017-12-28 10:51:53.703401,0.0,0.0
729,,0.001381,1,JordanManual,CCCAGG,0.001381,0.001378,0.001378,OPES,1514461860,2017-12-28 10:51:53.703401,0.0,0.0
730,,0.00139,1,JordanManual,CCCAGG,0.00139,0.001381,0.001381,OPES,1514462040,2017-12-28 10:51:53.703401,0.0,0.0
731,,0.001389,1,JordanManual,CCCAGG,0.001389,0.001387,0.001387,OPES,1514462220,2017-12-28 10:51:53.703401,0.0,0.0
732,,0.001384,1,JordanManual,CCCAGG,0.00139,0.001384,0.00139,OPES,1514462400,2017-12-28 10:51:53.703401,0.0,0.0
733,,0.001385,1,JordanManual,CCCAGG,0.001385,0.001381,0.001383,OPES,1514462580,2017-12-28 10:51:53.703401,0.0,0.0
734,,0.001382,1,JordanManual,CCCAGG,0.001384,0.001382,0.001382,OPES,1514462760,2017-12-28 10:51:53.703401,0.0,0.0
735,,0.001386,1,JordanManual,CCCAGG,0.001386,0.001384,0.001384,OPES,1514462940,2017-12-28 10:51:53.703401,0.0,0.0
736,,0.001385,1,JordanManual,CCCAGG,0.001387,0.001385,0.001386,OPES,1514463120,2017-12-28 10:51:53.703401,0.0,0.0
737,,0.001378,1,JordanManual,CCCAGG,0.001385,0.001378,0.001385,OPES,1514463300,2017-12-28 10:51:53.703401,0.0,0.0
738,,0.001375,1,JordanManual,CCCAGG,0.001377,0.001374,0.001377,OPES,1514463480,2017-12-28 10:51:53.703401,0.0,0.0
739,,0.001376,1,JordanManual,CCCAGG,0.001377,0.001376,0.001377,OPES,1514463660,2017-12-28 10:51:53.703401,0.0,0.0
740,,0.00138,1,JordanManual,CCCAGG,0.00138,0.001378,0.001378,OPES,1514463840,2017-12-28 10:51:53.703401,0.0,0.0
741,,0.001384,1,JordanManual,CCCAGG,0.001384,0.001381,0.001381,OPES,1514464020,2017-12-28 10:51:53.703401,0.0,0.0
742,,0.001384,1,JordanManual,CCCAGG,0.001385,0.001384,0.001385,OPES,1514464200,2017-12-28 10:51:53.703401,0.0,0.0
743,,0.00138,1,JordanManual,CCCAGG,0.00138,0.001377,0.00138,OPES,1514464380,2017-12-28 10:51:53.703401,0.0,0.0
744,,0.001383,1,JordanManual,CCCAGG,0.001383,0.001382,0.001382,OPES,1514464560,2017-12-28 10:51:53.703401,0.0,0.0
745,,0.001383,1,JordanManual,CCCAGG,0.001383,0.001383,0.001383,OPES,1514464740,2017-12-28 10:51:53.703401,0.0,0.0
746,,0.001383,1,JordanManual,CCCAGG,0.001383,0.001383,0.001383,OPES,1514464920,2017-12-28 10:51:53.703401,0.0,0.0
747,,0.001407,1,JordanManual,CCCAGG,0.001407,0.001383,0.001383,OPES,1514465100,2017-12-28 10:51:53.703401,0.0,0.0
748,,0.001409,1,JordanManual,CCCAGG,0.001409,0.001408,0.001409,OPES,1514465280,2017-12-28 10:51:53.703401,0.0,0.0
749,,0.00141,1,JordanManual,CCCAGG,0.00141,0.001409,0.00141,OPES,1514465460,2017-12-28 10:51:53.703401,0.0,0.0
750,,0.001407,1,JordanManual,CCCAGG,0.00141,0.001407,0.00141,OPES,1514465640,2017-12-28 10:51:53.703401,0.0,0.0
751,,0.001405,1,JordanManual,CCCAGG,0.001405,0.001401,0.001403,OPES,1514465820,2017-12-28 10:51:53.703401,0.0,0.0
752,,0.001405,1,JordanManual,CCCAGG,0.001405,0.001403,0.001403,OPES,1514466000,2017-12-28 10:51:53.703401,0.0,0.0
753,,0.001409,1,JordanManual,CCCAGG,0.00141,0.001408,0.001408,OPES,1514466180,2017-12-28 10:51:53.703401,0.0,0.0
754,,0.001407,1,JordanManual,CCCAGG,0.001409,0.001406,0.001409,OPES,1514466360,2017-12-28 10:51:53.703401,0.0,0.0
755,,0.001408,1,JordanManual,CCCAGG,0.001408,0.001406,0.001406,OPES,1514466540,2017-12-28 10:51:53.703401,0.0,0.0
756,,0.00141,1,JordanManual,CCCAGG,0.00141,0.001409,0.001409,OPES,1514466720,2017-12-28 10:51:53.703401,0.0,0.0
757,,0.001414,1,JordanManual,CCCAGG,0.001415,0.00141,0.00141,OPES,1514466900,2017-12-28 10:51:53.703401,0.0,0.0
758,,0.001423,1,JordanManual,CCCAGG,0.001423,0.001417,0.001417,OPES,1514467080,2017-12-28 10:51:53.703401,0.0,0.0
759,,0.001423,1,JordanManual,CCCAGG,0.001423,0.00142,0.00142,OPES,1514467260,2017-12-28 10:51:53.703401,0.0,0.0
760,,0.001416,1,JordanManual,CCCAGG,0.001422,0.001416,0.001422,OPES,1514467440,2017-12-28 10:51:53.703401,0.0,0.0
761,,0.001416,1,JordanManual,CCCAGG,0.001417,0.001416,0.001417,OPES,1514467620,2017-12-28 10:51:53.703401,0.0,0.0
762,,0.001416,1,JordanManual,CCCAGG,0.001418,0.001416,0.001418,OPES,1514467800,2017-12-28 10:51:53.703401,0.0,0.0
763,,0.001407,1,JordanManual,CCCAGG,0.001413,0.001407,0.001413,OPES,1514467980,2017-12-28 10:51:53.703401,0.0,0.0
764,,0.001407,1,JordanManual,CCCAGG,0.001409,0.001403,0.001403,OPES,1514468160,2017-12-28 10:51:53.703401,0.0,0.0
765,,0.001413,1,JordanManual,CCCAGG,0.001413,0.00141,0.00141,OPES,1514468340,2017-12-28 10:51:53.703401,0.0,0.0
766,,0.001412,1,JordanManual,CCCAGG,0.001414,0.001412,0.001413,OPES,1514468520,2017-12-28 10:51:53.703401,0.0,0.0
767,,0.001414,1,JordanManual,CCCAGG,0.001415,0.001412,0.001412,OPES,1514468700,2017-12-28 10:51:53.703401,0.0,0.0
768,,0.001412,1,JordanManual,CCCAGG,0.001414,0.001412,0.001413,OPES,1514468880,2017-12-28 10:51:53.703401,0.0,0.0
769,,0.001409,1,JordanManual,CCCAGG,0.001411,0.001409,0.001411,OPES,1514469060,2017-12-28 10:51:53.703401,0.0,0.0
770,,0.001409,1,JordanManual,CCCAGG,0.001411,0.001409,0.001411,OPES,1514469240,2017-12-28 10:51:53.703401,0.0,0.0
771,,0.001413,1,JordanManual,CCCAGG,0.001413,0.001409,0.001409,OPES,1514469420,2017-12-28 10:51:53.703401,0.0,0.0
772,,0.001409,1,JordanManual,CCCAGG,0.001411,0.001409,0.001411,OPES,1514469600,2017-12-28 10:51:53.703401,0.0,0.0
773,,0.001401,1,JordanManual,CCCAGG,0.001404,0.001401,0.001404,OPES,1514469780,2017-12-28 10:51:53.703401,0.0,0.0
774,,0.001393,1,JordanManual,CCCAGG,0.0014,0.001393,0.0014,OPES,1514469960,2017-12-28 10:51:53.703401,0.0,0.0
775,,0.001384,1,JordanManual,CCCAGG,0.001387,0.001384,0.001385,OPES,1514470140,2017-12-28 10:51:53.703401,0.0,0.0
776,,0.001386,1,JordanManual,CCCAGG,0.001391,0.001386,0.001386,OPES,1514470320,2017-12-28 10:51:53.703401,0.0,0.0
777,,0.001394,1,JordanManual,CCCAGG,0.001394,0.001387,0.001387,OPES,1514470500,2017-12-28 10:51:53.703401,0.0,0.0
778,,0.0014,1,JordanManual,CCCAGG,0.0014,0.001396,0.001396,OPES,1514470680,2017-12-28 10:51:53.703401,0.0,0.0
779,,0.001404,1,JordanManual,CCCAGG,0.001404,0.001402,0.001402,OPES,1514470860,2017-12-28 10:51:53.703401,0.0,0.0
780,,0.001408,1,JordanManual,CCCAGG,0.001408,0.001403,0.001403,OPES,1514471040,2017-12-28 10:51:53.703401,0.0,0.0
781,,0.001414,1,JordanManual,CCCAGG,0.001414,0.001408,0.001408,OPES,1514471220,2017-12-28 10:51:53.703401,0.0,0.0
782,,0.00141,1,JordanManual,CCCAGG,0.001415,0.00141,0.001415,OPES,1514471400,2017-12-28 10:51:53.703401,0.0,0.0
783,,0.001414,1,JordanManual,CCCAGG,0.001414,0.001411,0.001411,OPES,1514471580,2017-12-28 10:51:53.703401,0.0,0.0
784,,0.00141,1,JordanManual,CCCAGG,0.001414,0.00141,0.001414,OPES,1514471760,2017-12-28 10:51:53.703401,0.0,0.0
785,,0.001409,1,JordanManual,CCCAGG,0.001409,0.001408,0.001408,OPES,1514471940,2017-12-28 10:51:53.703401,0.0,0.0
786,,0.001407,1,JordanManual,CCCAGG,0.001409,0.001407,0.001409,OPES,1514472120,2017-12-28 10:51:53.703401,0.0,0.0
787,,0.001405,1,JordanManual,CCCAGG,0.001405,0.001405,0.001405,OPES,1514472300,2017-12-28 10:51:53.703401,0.0,0.0
788,,0.001417,1,JordanManual,CCCAGG,0.001417,0.001408,0.001408,OPES,1514472480,2017-12-28 10:51:53.703401,0.0,0.0
789,,0.001426,1,JordanManual,CCCAGG,0.001426,0.001421,0.001421,OPES,1514472660,2017-12-28 10:51:53.703401,0.0,0.0
790,,0.001427,1,JordanManual,CCCAGG,0.001427,0.001426,0.001426,OPES,1514472840,2017-12-28 10:51:53.703401,0.0,0.0
791,,0.001426,1,JordanManual,CCCAGG,0.001428,0.001425,0.001428,OPES,1514473020,2017-12-28 10:51:53.703401,0.0,0.0
792,,0.001437,1,JordanManual,CCCAGG,0.001437,0.001427,0.001427,OPES,1514473200,2017-12-28 10:51:53.703401,0.0,0.0
793,,0.001439,1,JordanManual,CCCAGG,0.001441,0.001437,0.001441,OPES,1514473380,2017-12-28 10:51:53.703401,0.0,0.0
794,,0.001448,1,JordanManual,CCCAGG,0.001448,0.001442,0.001442,OPES,1514473560,2017-12-28 10:51:53.703401,0.0,0.0
795,,0.001448,1,JordanManual,CCCAGG,0.001448,0.001445,0.001445,OPES,1514473740,2017-12-28 10:51:53.703401,0.0,0.0
796,,0.001438,1,JordanManual,CCCAGG,0.001447,0.001438,0.001447,OPES,1514473920,2017-12-28 10:51:53.703401,0.0,0.0
797,,0.001438,1,JordanManual,CCCAGG,0.001438,0.001435,0.001435,OPES,1514474100,2017-12-28 10:51:53.703401,0.0,0.0
798,,0.001435,1,JordanManual,CCCAGG,0.00144,0.001435,0.00144,OPES,1514474280,2017-12-28 10:51:53.703401,0.0,0.0
799,,0.001433,1,JordanManual,CCCAGG,0.001433,0.001431,0.001431,OPES,1514474460,2017-12-28 10:51:53.703401,0.0,0.0
800,,0.001434,1,JordanManual,CCCAGG,0.001434,0.001432,0.001434,OPES,1514474640,2017-12-28 10:51:53.703401,0.0,0.0
801,,0.001437,1,JordanManual,CCCAGG,0.001438,0.001436,0.001436,OPES,1514474820,2017-12-28 10:51:53.703401,0.0,0.0
802,,0.00143,1,JordanManual,CCCAGG,0.001435,0.00143,0.001435,OPES,1514475000,2017-12-28 10:51:53.703401,0.0,0.0
803,,0.001424,1,JordanManual,CCCAGG,0.001429,0.001424,0.001429,OPES,1514475180,2017-12-28 10:51:53.703401,0.0,0.0
804,,0.001424,1,JordanManual,CCCAGG,0.001426,0.001424,0.001424,OPES,1514475360,2017-12-28 10:51:53.703401,0.0,0.0
805,,0.00143,1,JordanManual,CCCAGG,0.00143,0.001425,0.001425,OPES,1514475540,2017-12-28 10:51:53.703401,0.0,0.0
806,,0.001431,1,JordanManual,CCCAGG,0.001431,0.001426,0.001426,OPES,1514475720,2017-12-28 10:51:53.703401,0.0,0.0
807,,0.001432,1,JordanManual,CCCAGG,0.001433,0.001432,0.001432,OPES,1514475900,2017-12-28 10:51:53.703401,0.0,0.0
808,,0.001429,1,JordanManual,CCCAGG,0.001431,0.001429,0.001431,OPES,1514476080,2017-12-28 10:51:53.703401,0.0,0.0
809,,0.001429,1,JordanManual,CCCAGG,0.001429,0.001425,0.001427,OPES,1514476260,2017-12-28 10:51:53.703401,0.0,0.0
810,,0.001429,1,JordanManual,CCCAGG,0.001429,0.001429,0.001429,OPES,1514476440,2017-12-28 10:51:53.703401,0.0,0.0
811,,0.001421,1,JordanManual,CCCAGG,0.001425,0.001421,0.001425,OPES,1514476620,2017-12-28 10:51:53.703401,0.0,0.0
812,,0.001421,1,JordanManual,CCCAGG,0.001422,0.00142,0.00142,OPES,1514476800,2017-12-28 10:51:53.703401,0.0,0.0
813,,0.001416,1,JordanManual,CCCAGG,0.00142,0.001416,0.00142,OPES,1514476980,2017-12-28 10:51:53.703401,0.0,0.0
814,,0.001419,1,JordanManual,CCCAGG,0.001419,0.001416,0.001416,OPES,1514477160,2017-12-28 10:51:53.703401,0.0,0.0
815,,0.001415,1,JordanManual,CCCAGG,0.001419,0.001415,0.001419,OPES,1514477340,2017-12-28 10:51:53.703401,0.0,0.0
816,,0.001414,1,JordanManual,CCCAGG,0.001414,0.00141,0.00141,OPES,1514477520,2017-12-28 10:51:53.703401,0.0,0.0
817,,0.001412,1,JordanManual,CCCAGG,0.001415,0.001412,0.001415,OPES,1514477700,2017-12-28 10:51:53.703401,0.0,0.0
818,,0.001419,1,JordanManual,CCCAGG,0.001419,0.001413,0.001413,OPES,1514477880,2017-12-28 10:51:53.703401,0.0,0.0
819,,0.001423,1,JordanManual,CCCAGG,0.001423,0.001419,0.001419,OPES,1514478060,2017-12-28 10:51:53.703401,0.0,0.0
820,,0.001428,1,JordanManual,CCCAGG,0.001428,0.001425,0.001425,OPES,1514478240,2017-12-28 10:51:53.703401,0.0,0.0
821,,0.001427,1,JordanManual,CCCAGG,0.001427,0.001423,0.001423,OPES,1514478420,2017-12-28 10:51:53.703401,0.0,0.0
822,,0.001427,1,JordanManual,CCCAGG,0.001427,0.001427,0.001427,OPES,1514478600,2017-12-28 10:51:53.703401,0.0,0.0
823,,0.001426,1,JordanManual,CCCAGG,0.001426,0.001425,0.001425,OPES,1514478780,2017-12-28 10:51:53.703401,0.0,0.0
824,,0.001428,1,JordanManual,CCCAGG,0.001428,0.001427,0.001427,OPES,1514478960,2017-12-28 10:51:53.703401,0.0,0.0
825,,0.001431,1,JordanManual,CCCAGG,0.001431,0.001429,0.001429,OPES,1514479140,2017-12-28 10:51:53.703401,0.0,0.0
826,,0.001425,1,JordanManual,CCCAGG,0.001429,0.001425,0.001429,OPES,1514479320,2017-12-28 10:51:53.703401,0.0,0.0
827,,0.001421,1,JordanManual,CCCAGG,0.001422,0.00142,0.00142,OPES,1514479500,2017-12-28 10:51:53.703401,0.0,0.0
828,,0.001419,1,JordanManual,CCCAGG,0.00142,0.001419,0.00142,OPES,1514479680,2017-12-28 10:51:53.703401,0.0,0.0
829,,0.001408,1,JordanManual,CCCAGG,0.001418,0.001408,0.001418,OPES,1514479860,2017-12-28 10:51:53.703401,0.0,0.0
830,,0.0014,1,JordanManual,CCCAGG,0.001403,0.001399,0.001403,OPES,1514480040,2017-12-28 10:51:53.703401,0.0,0.0
831,,0.001396,1,JordanManual,CCCAGG,0.001396,0.001393,0.001393,OPES,1514480220,2017-12-28 10:51:53.703401,0.0,0.0
832,,0.001404,1,JordanManual,CCCAGG,0.001404,0.001398,0.001398,OPES,1514480400,2017-12-28 10:51:53.703401,0.0,0.0
833,,0.0014,1,JordanManual,CCCAGG,0.001401,0.0014,0.0014,OPES,1514480580,2017-12-28 10:51:53.703401,0.0,0.0
834,,0.001403,1,JordanManual,CCCAGG,0.001405,0.001403,0.001404,OPES,1514480760,2017-12-28 10:51:53.703401,0.0,0.0
835,,0.001401,1,JordanManual,CCCAGG,0.001407,0.001401,0.001407,OPES,1514480940,2017-12-28 10:51:53.703401,0.0,0.0
836,,0.001404,1,JordanManual,CCCAGG,0.001404,0.001401,0.001401,OPES,1514481120,2017-12-28 10:51:53.703401,0.0,0.0
837,,0.001404,1,JordanManual,CCCAGG,0.001404,0.001404,0.001404,OPES,1514481300,2017-12-28 10:51:53.703401,0.0,0.0
838,,0.001389,1,JordanManual,CCCAGG,0.001402,0.001389,0.001402,OPES,1514481480,2017-12-28 10:51:53.703401,0.0,0.0
839,,0.001385,1,JordanManual,CCCAGG,0.001391,0.001385,0.001386,OPES,1514481660,2017-12-28 10:51:53.703401,0.0,0.0
840,,0.001389,1,JordanManual,CCCAGG,0.001389,0.001384,0.001384,OPES,1514481840,2017-12-28 10:51:53.703401,0.0,0.0
841,,0.001384,1,JordanManual,CCCAGG,0.001392,0.001384,0.001392,OPES,1514482020,2017-12-28 10:51:53.703401,0.0,0.0
842,,0.001386,1,JordanManual,CCCAGG,0.001386,0.001384,0.001384,OPES,1514482200,2017-12-28 10:51:53.703401,0.0,0.0
843,,0.001387,1,JordanManual,CCCAGG,0.001388,0.001387,0.001388,OPES,1514482380,2017-12-28 10:51:53.703401,0.0,0.0
844,,0.001395,1,JordanManual,CCCAGG,0.001395,0.001389,0.001389,OPES,1514482560,2017-12-28 10:51:53.703401,0.0,0.0
845,,0.001402,1,JordanManual,CCCAGG,0.001402,0.0014,0.0014,OPES,1514482740,2017-12-28 10:51:53.703401,0.0,0.0
846,,0.001402,1,JordanManual,CCCAGG,0.001403,0.001402,0.001403,OPES,1514482920,2017-12-28 10:51:53.703401,0.0,0.0
847,,0.001397,1,JordanManual,CCCAGG,0.0014,0.001397,0.0014,OPES,1514483100,2017-12-28 10:51:53.703401,0.0,0.0
848,,0.001404,1,JordanManual,CCCAGG,0.001404,0.001397,0.001397,OPES,1514483280,2017-12-28 10:51:53.703401,0.0,0.0
