Id,Id,Id.1,Id.1.1,Id.1.1.1,close,coin_units,computer_name,exchange,high,low,open,symbol,time,timestamp_api_call,volumefrom,volumeto
0,0.0,0.0,0.0,0.0,2.34,1,JordanManual,CCCAGG,2.34,2.34,2.34,SUMO,1514358540,2017-12-28 09:28:40.858117,0.0,0.0
1,1.0,1.0,1.0,1.0,2.32,1,JordanManual,CCCAGG,2.33,2.32,2.33,SUMO,1514358720,2017-12-28 09:28:40.858117,1000.0,2320.0
2,2.0,2.0,2.0,2.0,2.31,1,JordanManual,CCCAGG,2.31,2.31,2.31,SUMO,1514358900,2017-12-28 09:28:40.858117,2591.81,5987.08
3,3.0,3.0,3.0,3.0,2.31,1,JordanManual,CCCAGG,2.31,2.31,2.31,SUMO,1514359080,2017-12-28 09:28:40.858117,36.33,83.92
4,4.0,4.0,4.0,4.0,2.32,1,JordanManual,CCCAGG,2.32,2.32,2.32,SUMO,1514359260,2017-12-28 09:28:40.858117,234.91,544.99
5,5.0,5.0,5.0,5.0,2.32,1,JordanManual,CCCAGG,2.32,2.32,2.32,SUMO,1514359440,2017-12-28 09:28:40.858117,1015.27,2355.43
6,6.0,6.0,6.0,6.0,2.31,1,JordanManual,CCCAGG,2.32,2.31,2.32,SUMO,1514359620,2017-12-28 09:28:40.858117,694.31,1604.36
7,7.0,7.0,7.0,7.0,2.3,1,JordanManual,CCCAGG,2.31,2.3,2.31,SUMO,1514359800,2017-12-28 09:28:40.858117,288.27,663.02
8,8.0,8.0,8.0,8.0,2.3,1,JordanManual,CCCAGG,2.3,2.29,2.3,SUMO,1514359980,2017-12-28 09:28:40.858117,178.63,410.85
9,9.0,9.0,9.0,9.0,2.3,1,JordanManual,CCCAGG,2.3,2.3,2.3,SUMO,1514360160,2017-12-28 09:28:40.858117,39.52,90.9
10,10.0,10.0,10.0,10.0,2.29,1,JordanManual,CCCAGG,2.3,2.29,2.3,SUMO,1514360340,2017-12-28 09:28:40.858117,296.43,681.79
11,11.0,11.0,11.0,11.0,2.29,1,JordanManual,CCCAGG,2.29,2.29,2.29,SUMO,1514360520,2017-12-28 09:28:40.858117,20.5,46.94
12,12.0,12.0,12.0,12.0,2.29,1,JordanManual,CCCAGG,2.29,2.29,2.29,SUMO,1514360700,2017-12-28 09:28:40.858117,5.36,12.27
13,13.0,13.0,13.0,13.0,2.3,1,JordanManual,CCCAGG,2.3,2.29,2.29,SUMO,1514360880,2017-12-28 09:28:40.858117,0.0,0.0
14,14.0,14.0,14.0,14.0,2.3,1,JordanManual,CCCAGG,2.3,2.29,2.29,SUMO,1514361060,2017-12-28 09:28:40.858117,72.09,165.58
15,15.0,15.0,15.0,15.0,2.31,1,JordanManual,CCCAGG,2.31,2.3,2.3,SUMO,1514361240,2017-12-28 09:28:40.858117,1350.09,3106.21
16,16.0,16.0,16.0,16.0,2.31,1,JordanManual,CCCAGG,2.31,2.31,2.31,SUMO,1514361420,2017-12-28 09:28:40.858117,0.0,0.0
17,17.0,17.0,17.0,17.0,2.31,1,JordanManual,CCCAGG,2.31,2.31,2.31,SUMO,1514361600,2017-12-28 09:28:40.858117,7.22,16.68
18,18.0,18.0,18.0,18.0,2.3,1,JordanManual,CCCAGG,2.31,2.3,2.31,SUMO,1514361780,2017-12-28 09:28:40.858117,0.0,0.0
19,19.0,19.0,19.0,19.0,2.3,1,JordanManual,CCCAGG,2.3,2.3,2.3,SUMO,1514361960,2017-12-28 09:28:40.858117,309.05,710.82
20,20.0,20.0,20.0,20.0,2.3,1,JordanManual,CCCAGG,2.31,2.3,2.31,SUMO,1514362140,2017-12-28 09:28:40.858117,4338.32,9978.14
21,21.0,21.0,21.0,21.0,2.3,1,JordanManual,CCCAGG,2.3,2.3,2.3,SUMO,1514362320,2017-12-28 09:28:40.858117,0.0,0.0
22,22.0,22.0,22.0,22.0,2.3,1,JordanManual,CCCAGG,2.3,2.3,2.3,SUMO,1514362500,2017-12-28 09:28:40.858117,3305.23,7602.03
23,23.0,23.0,23.0,23.0,2.3,1,JordanManual,CCCAGG,2.3,2.3,2.3,SUMO,1514362680,2017-12-28 09:28:40.858117,10.0,23.0
24,24.0,24.0,24.0,24.0,2.3,1,JordanManual,CCCAGG,2.3,2.3,2.3,SUMO,1514362860,2017-12-28 09:28:40.858117,37.0,85.1
25,25.0,25.0,25.0,25.0,2.31,1,JordanManual,CCCAGG,2.31,2.31,2.31,SUMO,1514363040,2017-12-28 09:28:40.858117,1532.48,3540.02
26,26.0,26.0,26.0,26.0,2.31,1,JordanManual,CCCAGG,2.31,2.31,2.31,SUMO,1514363220,2017-12-28 09:28:40.858117,6.51,15.04
27,27.0,27.0,27.0,27.0,2.31,1,JordanManual,CCCAGG,2.31,2.31,2.31,SUMO,1514363400,2017-12-28 09:28:40.858117,203.89,470.99
28,28.0,28.0,28.0,28.0,2.31,1,JordanManual,CCCAGG,2.31,2.31,2.31,SUMO,1514363580,2017-12-28 09:28:40.858117,36.99,85.45
29,29.0,29.0,29.0,29.0,2.31,1,JordanManual,CCCAGG,2.31,2.31,2.31,SUMO,1514363760,2017-12-28 09:28:40.858117,3138.64,7250.26
30,30.0,30.0,30.0,30.0,2.31,1,JordanManual,CCCAGG,2.31,2.31,2.31,SUMO,1514363940,2017-12-28 09:28:40.858117,13.73,31.72
31,31.0,31.0,31.0,31.0,2.31,1,JordanManual,CCCAGG,2.31,2.31,2.31,SUMO,1514364120,2017-12-28 09:28:40.858117,36.45,84.2
32,32.0,32.0,32.0,32.0,2.31,1,JordanManual,CCCAGG,2.31,2.31,2.31,SUMO,1514364300,2017-12-28 09:28:40.858117,264.64,611.32
33,33.0,33.0,33.0,33.0,2.31,1,JordanManual,CCCAGG,2.31,2.31,2.31,SUMO,1514364480,2017-12-28 09:28:40.858117,12.25,28.3
34,34.0,34.0,34.0,34.0,2.3,1,JordanManual,CCCAGG,2.3,2.3,2.3,SUMO,1514364660,2017-12-28 09:28:40.858117,0.0,0.0
35,35.0,35.0,35.0,35.0,2.29,1,JordanManual,CCCAGG,2.3,2.29,2.3,SUMO,1514364840,2017-12-28 09:28:40.858117,0.0,0.0
36,36.0,36.0,36.0,36.0,2.29,1,JordanManual,CCCAGG,2.29,2.29,2.29,SUMO,1514365020,2017-12-28 09:28:40.858117,3348.6,7668.29
37,37.0,37.0,37.0,37.0,2.29,1,JordanManual,CCCAGG,2.29,2.29,2.29,SUMO,1514365200,2017-12-28 09:28:40.858117,0.0,0.0
38,38.0,38.0,38.0,38.0,2.29,1,JordanManual,CCCAGG,2.3,2.29,2.3,SUMO,1514365380,2017-12-28 09:28:40.858117,0.0,0.0
39,39.0,39.0,39.0,39.0,2.29,1,JordanManual,CCCAGG,2.29,2.29,2.29,SUMO,1514365560,2017-12-28 09:28:40.858117,0.0,0.0
40,40.0,40.0,40.0,40.0,2.3,1,JordanManual,CCCAGG,2.3,2.29,2.29,SUMO,1514365740,2017-12-28 09:28:40.858117,0.0,0.0
41,41.0,41.0,41.0,41.0,2.3,1,JordanManual,CCCAGG,2.3,2.3,2.3,SUMO,1514365920,2017-12-28 09:28:40.858117,0.0,0.0
42,42.0,42.0,42.0,42.0,2.55,1,JordanManual,CCCAGG,2.55,2.31,2.31,SUMO,1514366100,2017-12-28 09:28:40.858117,46.36,118.22
43,43.0,43.0,43.0,43.0,2.55,1,JordanManual,CCCAGG,2.55,2.55,2.55,SUMO,1514366280,2017-12-28 09:28:40.858117,0.0,0.0
44,44.0,44.0,44.0,44.0,2.54,1,JordanManual,CCCAGG,2.55,2.54,2.55,SUMO,1514366460,2017-12-28 09:28:40.858117,0.0,0.0
45,45.0,45.0,45.0,45.0,2.53,1,JordanManual,CCCAGG,2.54,2.53,2.54,SUMO,1514366640,2017-12-28 09:28:40.858117,6.64,16.8
46,46.0,46.0,46.0,46.0,2.52,1,JordanManual,CCCAGG,2.52,2.52,2.52,SUMO,1514366820,2017-12-28 09:28:40.858117,0.0,0.0
47,47.0,47.0,47.0,47.0,2.5,1,JordanManual,CCCAGG,2.52,2.5,2.52,SUMO,1514367000,2017-12-28 09:28:40.858117,490.0,1225.0
48,48.0,48.0,48.0,48.0,2.5,1,JordanManual,CCCAGG,2.5,2.5,2.5,SUMO,1514367180,2017-12-28 09:28:40.858117,0.0,0.0
49,49.0,49.0,49.0,49.0,2.49,1,JordanManual,CCCAGG,2.5,2.49,2.5,SUMO,1514367360,2017-12-28 09:28:40.858117,0.0,0.0
50,50.0,50.0,50.0,50.0,2.5,1,JordanManual,CCCAGG,2.5,2.5,2.5,SUMO,1514367540,2017-12-28 09:28:40.858117,6.44,16.1
51,51.0,51.0,51.0,51.0,2.5,1,JordanManual,CCCAGG,2.5,2.5,2.5,SUMO,1514367720,2017-12-28 09:28:40.858117,150.26,375.65
52,52.0,52.0,52.0,52.0,2.49,1,JordanManual,CCCAGG,2.49,2.49,2.49,SUMO,1514367900,2017-12-28 09:28:40.858117,506.48,1261.13
53,53.0,53.0,53.0,53.0,2.49,1,JordanManual,CCCAGG,2.49,2.49,2.49,SUMO,1514368080,2017-12-28 09:28:40.858117,11.31,28.16
54,54.0,54.0,54.0,54.0,2.5,1,JordanManual,CCCAGG,2.5,2.49,2.49,SUMO,1514368260,2017-12-28 09:28:40.858117,1218.58,3046.45
55,55.0,55.0,55.0,55.0,2.5,1,JordanManual,CCCAGG,2.5,2.5,2.5,SUMO,1514368440,2017-12-28 09:28:40.858117,156.0,390.0
56,56.0,56.0,56.0,56.0,2.5,1,JordanManual,CCCAGG,2.5,2.5,2.5,SUMO,1514368620,2017-12-28 09:28:40.858117,120.0,300.0
57,57.0,57.0,57.0,57.0,2.51,1,JordanManual,CCCAGG,2.51,2.5,2.5,SUMO,1514368800,2017-12-28 09:28:40.858117,0.1095,0.2737
58,58.0,58.0,58.0,58.0,2.51,1,JordanManual,CCCAGG,2.51,2.51,2.51,SUMO,1514368980,2017-12-28 09:28:40.858117,0.0,0.0
59,59.0,59.0,59.0,59.0,2.51,1,JordanManual,CCCAGG,2.51,2.51,2.51,SUMO,1514369160,2017-12-28 09:28:40.858117,0.0,0.0
60,60.0,60.0,60.0,60.0,2.5,1,JordanManual,CCCAGG,2.51,2.5,2.51,SUMO,1514369340,2017-12-28 09:28:40.858117,926.49,2316.26
61,61.0,61.0,61.0,61.0,2.5,1,JordanManual,CCCAGG,2.5,2.5,2.5,SUMO,1514369520,2017-12-28 09:28:40.858117,2899.44,7248.6
62,62.0,62.0,62.0,62.0,2.5,1,JordanManual,CCCAGG,2.5,2.49,2.5,SUMO,1514369700,2017-12-28 09:28:40.858117,26.5,65.99
63,63.0,63.0,63.0,63.0,2.49,1,JordanManual,CCCAGG,2.5,2.49,2.5,SUMO,1514369880,2017-12-28 09:28:40.858117,0.0,0.0
64,64.0,64.0,64.0,64.0,2.47,1,JordanManual,CCCAGG,2.49,2.47,2.49,SUMO,1514370060,2017-12-28 09:28:40.858117,1529.63,3808.19
65,65.0,65.0,65.0,65.0,2.47,1,JordanManual,CCCAGG,2.47,2.47,2.47,SUMO,1514370240,2017-12-28 09:28:40.858117,0.0,0.0
66,66.0,66.0,66.0,66.0,2.44,1,JordanManual,CCCAGG,2.46,2.44,2.46,SUMO,1514370420,2017-12-28 09:28:40.858117,6.0,14.7
67,67.0,67.0,67.0,67.0,2.45,1,JordanManual,CCCAGG,2.45,2.44,2.44,SUMO,1514370600,2017-12-28 09:28:40.858117,15.35,37.61
68,68.0,68.0,68.0,68.0,2.46,1,JordanManual,CCCAGG,2.46,2.45,2.45,SUMO,1514370780,2017-12-28 09:28:40.858117,0.0,0.0
69,69.0,69.0,69.0,69.0,2.46,1,JordanManual,CCCAGG,2.47,2.46,2.46,SUMO,1514370960,2017-12-28 09:28:40.858117,145.12,357.0
70,70.0,70.0,70.0,70.0,2.47,1,JordanManual,CCCAGG,2.47,2.46,2.46,SUMO,1514371140,2017-12-28 09:28:40.858117,62.63,154.69
71,71.0,71.0,71.0,71.0,2.47,1,JordanManual,CCCAGG,2.47,2.46,2.47,SUMO,1514371320,2017-12-28 09:28:40.858117,326.24,803.25
72,72.0,72.0,72.0,72.0,2.46,1,JordanManual,CCCAGG,2.47,2.46,2.47,SUMO,1514371500,2017-12-28 09:28:40.858117,0.0,0.0
73,73.0,73.0,73.0,73.0,2.45,1,JordanManual,CCCAGG,2.46,2.45,2.46,SUMO,1514371680,2017-12-28 09:28:40.858117,0.0,0.0
74,74.0,74.0,74.0,74.0,2.49,1,JordanManual,CCCAGG,2.49,2.49,2.49,SUMO,1514371860,2017-12-28 09:28:40.858117,127.03,316.31
75,75.0,75.0,75.0,75.0,2.49,1,JordanManual,CCCAGG,2.49,2.49,2.49,SUMO,1514372040,2017-12-28 09:28:40.858117,938.79,2337.59
76,76.0,76.0,76.0,76.0,2.5,1,JordanManual,CCCAGG,2.5,2.49,2.49,SUMO,1514372220,2017-12-28 09:28:40.858117,424.75,1058.8
77,77.0,77.0,77.0,77.0,2.52,1,JordanManual,CCCAGG,2.52,2.51,2.51,SUMO,1514372400,2017-12-28 09:28:40.858117,9.81,24.72
78,78.0,78.0,78.0,78.0,2.52,1,JordanManual,CCCAGG,2.52,2.51,2.51,SUMO,1514372580,2017-12-28 09:28:40.858117,102.41,258.07
79,79.0,79.0,79.0,79.0,2.51,1,JordanManual,CCCAGG,2.52,2.51,2.52,SUMO,1514372760,2017-12-28 09:28:40.858117,0.0,0.0
80,80.0,80.0,80.0,80.0,2.5,1,JordanManual,CCCAGG,2.51,2.5,2.51,SUMO,1514372940,2017-12-28 09:28:40.858117,0.0,0.0
81,81.0,81.0,81.0,81.0,2.51,1,JordanManual,CCCAGG,2.51,2.51,2.51,SUMO,1514373120,2017-12-28 09:28:40.858117,1183.76,2971.24
82,82.0,82.0,82.0,82.0,2.52,1,JordanManual,CCCAGG,2.52,2.51,2.51,SUMO,1514373300,2017-12-28 09:28:40.858117,0.0,0.0
83,83.0,83.0,83.0,83.0,2.51,1,JordanManual,CCCAGG,2.52,2.51,2.52,SUMO,1514373480,2017-12-28 09:28:40.858117,0.0,0.0
84,84.0,84.0,84.0,84.0,2.51,1,JordanManual,CCCAGG,2.51,2.51,2.51,SUMO,1514373660,2017-12-28 09:28:40.858117,16.75,42.04
85,85.0,85.0,85.0,85.0,2.5,1,JordanManual,CCCAGG,2.51,2.5,2.51,SUMO,1514373840,2017-12-28 09:28:40.858117,6.24,15.6
86,86.0,86.0,86.0,86.0,2.51,1,JordanManual,CCCAGG,2.51,2.49,2.49,SUMO,1514374020,2017-12-28 09:28:40.858117,7.51,18.85
87,87.0,87.0,87.0,87.0,2.5,1,JordanManual,CCCAGG,2.5,2.5,2.5,SUMO,1514374200,2017-12-28 09:28:40.858117,49.19,122.98
88,88.0,88.0,88.0,88.0,2.51,1,JordanManual,CCCAGG,2.51,2.5,2.5,SUMO,1514374380,2017-12-28 09:28:40.858117,2146.34,5386.26
89,89.0,89.0,89.0,89.0,2.52,1,JordanManual,CCCAGG,2.52,2.51,2.51,SUMO,1514374560,2017-12-28 09:28:40.858117,134.12,337.99
90,90.0,90.0,90.0,90.0,2.52,1,JordanManual,CCCAGG,2.52,2.52,2.52,SUMO,1514374740,2017-12-28 09:28:40.858117,0.0,0.0
91,91.0,91.0,91.0,91.0,2.52,1,JordanManual,CCCAGG,2.52,2.52,2.52,SUMO,1514374920,2017-12-28 09:28:40.858117,44.91,113.18
92,92.0,92.0,92.0,92.0,2.52,1,JordanManual,CCCAGG,2.52,2.52,2.52,SUMO,1514375100,2017-12-28 09:28:40.858117,0.0,0.0
93,93.0,93.0,93.0,93.0,2.52,1,JordanManual,CCCAGG,2.52,2.52,2.52,SUMO,1514375280,2017-12-28 09:28:40.858117,3835.25,9664.83
94,94.0,94.0,94.0,94.0,2.52,1,JordanManual,CCCAGG,2.52,2.52,2.52,SUMO,1514375460,2017-12-28 09:28:40.858117,0.0,0.0
95,95.0,95.0,95.0,95.0,2.52,1,JordanManual,CCCAGG,2.52,2.51,2.52,SUMO,1514375640,2017-12-28 09:28:40.858117,7.26,18.3
96,96.0,96.0,96.0,96.0,2.51,1,JordanManual,CCCAGG,2.52,2.51,2.52,SUMO,1514375820,2017-12-28 09:28:40.858117,36.08,90.84
97,97.0,97.0,97.0,97.0,2.52,1,JordanManual,CCCAGG,2.52,2.52,2.52,SUMO,1514376000,2017-12-28 09:28:40.858117,0.0,0.0
98,98.0,98.0,98.0,98.0,2.6,1,JordanManual,CCCAGG,2.6,2.52,2.52,SUMO,1514376180,2017-12-28 09:28:40.858117,146.55,375.63
99,99.0,99.0,99.0,99.0,2.6,1,JordanManual,CCCAGG,2.6,2.6,2.6,SUMO,1514376360,2017-12-28 09:28:40.858117,118.37,307.76
100,100.0,100.0,100.0,100.0,2.61,1,JordanManual,CCCAGG,2.61,2.6,2.6,SUMO,1514376540,2017-12-28 09:28:40.858117,148.96,388.6
101,101.0,101.0,101.0,101.0,2.61,1,JordanManual,CCCAGG,2.61,2.61,2.61,SUMO,1514376720,2017-12-28 09:28:40.858117,157.64,411.44
102,102.0,102.0,102.0,102.0,2.61,1,JordanManual,CCCAGG,2.61,2.61,2.61,SUMO,1514376900,2017-12-28 09:28:40.858117,102.75,268.18
103,103.0,103.0,103.0,103.0,2.7,1,JordanManual,CCCAGG,2.7,2.56,2.61,SUMO,1514377080,2017-12-28 09:28:40.858117,210.75,557.81
104,104.0,104.0,104.0,104.0,2.7,1,JordanManual,CCCAGG,2.7,2.7,2.7,SUMO,1514377260,2017-12-28 09:28:40.858117,96.74,261.2
105,105.0,105.0,105.0,105.0,2.7,1,JordanManual,CCCAGG,2.7,2.7,2.7,SUMO,1514377440,2017-12-28 09:28:40.858117,85.03,229.58
106,106.0,106.0,106.0,106.0,2.71,1,JordanManual,CCCAGG,2.71,2.71,2.71,SUMO,1514377620,2017-12-28 09:28:40.858117,70.68,191.54
107,107.0,107.0,107.0,107.0,2.71,1,JordanManual,CCCAGG,2.71,2.71,2.71,SUMO,1514377800,2017-12-28 09:28:40.858117,137.32,372.14
108,108.0,108.0,108.0,108.0,2.6,1,JordanManual,CCCAGG,2.72,2.6,2.71,SUMO,1514377980,2017-12-28 09:28:40.858117,6684.61,17618.36
109,109.0,109.0,109.0,109.0,2.58,1,JordanManual,CCCAGG,2.6,2.58,2.6,SUMO,1514378160,2017-12-28 09:28:40.858117,0.0,0.0
110,110.0,110.0,110.0,110.0,2.58,1,JordanManual,CCCAGG,2.59,2.58,2.59,SUMO,1514378340,2017-12-28 09:28:40.858117,77.84,201.38
111,111.0,111.0,111.0,111.0,2.58,1,JordanManual,CCCAGG,2.58,2.58,2.58,SUMO,1514378520,2017-12-28 09:28:40.858117,2281.66,5886.68
112,112.0,112.0,112.0,112.0,2.58,1,JordanManual,CCCAGG,2.58,2.58,2.58,SUMO,1514378700,2017-12-28 09:28:40.858117,3.69,9.52
113,113.0,113.0,113.0,113.0,2.58,1,JordanManual,CCCAGG,2.58,2.58,2.58,SUMO,1514378880,2017-12-28 09:28:40.858117,1212.82,3129.08
114,114.0,114.0,114.0,114.0,2.58,1,JordanManual,CCCAGG,2.58,2.58,2.58,SUMO,1514379060,2017-12-28 09:28:40.858117,482.33,1244.41
115,115.0,115.0,115.0,115.0,2.58,1,JordanManual,CCCAGG,2.58,2.58,2.58,SUMO,1514379240,2017-12-28 09:28:40.858117,0.0,0.0
116,116.0,116.0,116.0,116.0,2.59,1,JordanManual,CCCAGG,2.59,2.58,2.58,SUMO,1514379420,2017-12-28 09:28:40.858117,23.74,61.25
117,117.0,117.0,117.0,117.0,2.58,1,JordanManual,CCCAGG,2.58,2.58,2.58,SUMO,1514379600,2017-12-28 09:28:40.858117,0.0,0.0
118,118.0,118.0,118.0,118.0,2.58,1,JordanManual,CCCAGG,2.59,2.58,2.58,SUMO,1514379780,2017-12-28 09:28:40.858117,65.0,168.35
119,119.0,119.0,119.0,119.0,2.57,1,JordanManual,CCCAGG,2.58,2.57,2.58,SUMO,1514379960,2017-12-28 09:28:40.858117,0.0,0.0
120,120.0,120.0,120.0,120.0,2.55,1,JordanManual,CCCAGG,2.56,2.55,2.56,SUMO,1514380140,2017-12-28 09:28:40.858117,18.51,47.35
121,121.0,121.0,121.0,121.0,2.55,1,JordanManual,CCCAGG,2.55,2.55,2.55,SUMO,1514380320,2017-12-28 09:28:40.858117,368.86,940.59
122,122.0,122.0,122.0,122.0,2.54,1,JordanManual,CCCAGG,2.55,2.54,2.55,SUMO,1514380500,2017-12-28 09:28:40.858117,807.35,2050.67
123,123.0,123.0,123.0,123.0,2.54,1,JordanManual,CCCAGG,2.55,2.54,2.55,SUMO,1514380680,2017-12-28 09:28:40.858117,26.38,67.27
124,124.0,124.0,124.0,124.0,2.55,1,JordanManual,CCCAGG,2.55,2.54,2.54,SUMO,1514380860,2017-12-28 09:28:40.858117,46.68,118.56
125,125.0,125.0,125.0,125.0,2.55,1,JordanManual,CCCAGG,2.56,2.55,2.55,SUMO,1514381040,2017-12-28 09:28:40.858117,0.0,0.0
126,126.0,126.0,126.0,126.0,2.56,1,JordanManual,CCCAGG,2.56,2.56,2.56,SUMO,1514381220,2017-12-28 09:28:40.858117,32.9,84.22
127,127.0,127.0,127.0,127.0,2.56,1,JordanManual,CCCAGG,2.56,2.56,2.56,SUMO,1514381400,2017-12-28 09:28:40.858117,2.9,7.42
128,128.0,128.0,128.0,128.0,2.76,1,JordanManual,CCCAGG,2.76,2.56,2.56,SUMO,1514381580,2017-12-28 09:28:40.858117,5.0,13.8
129,129.0,129.0,129.0,129.0,2.76,1,JordanManual,CCCAGG,2.76,2.76,2.76,SUMO,1514381760,2017-12-28 09:28:40.858117,70.9,195.68
130,130.0,130.0,130.0,130.0,2.76,1,JordanManual,CCCAGG,2.76,2.75,2.75,SUMO,1514381940,2017-12-28 09:28:40.858117,416.15,1148.57
131,131.0,131.0,131.0,131.0,2.76,1,JordanManual,CCCAGG,2.76,2.76,2.76,SUMO,1514382120,2017-12-28 09:28:40.858117,5414.32,14943.52
132,132.0,132.0,132.0,132.0,2.77,1,JordanManual,CCCAGG,2.77,2.76,2.76,SUMO,1514382300,2017-12-28 09:28:40.858117,38.0,104.88
133,133.0,133.0,133.0,133.0,2.81,1,JordanManual,CCCAGG,2.81,2.77,2.77,SUMO,1514382480,2017-12-28 09:28:40.858117,46.3,129.33
134,134.0,134.0,134.0,134.0,2.82,1,JordanManual,CCCAGG,2.82,2.81,2.82,SUMO,1514382660,2017-12-28 09:28:40.858117,135.3,381.44
135,135.0,135.0,135.0,135.0,2.82,1,JordanManual,CCCAGG,2.82,2.82,2.82,SUMO,1514382840,2017-12-28 09:28:40.858117,62.39,175.94
136,136.0,136.0,136.0,136.0,2.82,1,JordanManual,CCCAGG,2.82,2.82,2.82,SUMO,1514383020,2017-12-28 09:28:40.858117,487.11,1373.65
137,137.0,137.0,137.0,137.0,2.82,1,JordanManual,CCCAGG,2.82,2.82,2.82,SUMO,1514383200,2017-12-28 09:28:40.858117,3.02,8.52
138,138.0,138.0,138.0,138.0,2.82,1,JordanManual,CCCAGG,2.82,2.82,2.82,SUMO,1514383380,2017-12-28 09:28:40.858117,5.16,14.55
139,139.0,139.0,139.0,139.0,2.81,1,JordanManual,CCCAGG,2.81,2.81,2.81,SUMO,1514383560,2017-12-28 09:28:40.858117,39.5,111.0
140,140.0,140.0,140.0,140.0,2.8,1,JordanManual,CCCAGG,2.81,2.8,2.81,SUMO,1514383740,2017-12-28 09:28:40.858117,7.37,20.64
141,141.0,141.0,141.0,141.0,2.79,1,JordanManual,CCCAGG,2.8,2.79,2.8,SUMO,1514383920,2017-12-28 09:28:40.858117,0.0,0.0
142,142.0,142.0,142.0,142.0,2.8,1,JordanManual,CCCAGG,2.8,2.8,2.8,SUMO,1514384100,2017-12-28 09:28:40.858117,53.9,150.92
143,143.0,143.0,143.0,143.0,2.8,1,JordanManual,CCCAGG,2.8,2.8,2.8,SUMO,1514384280,2017-12-28 09:28:40.858117,182.59,511.25
144,144.0,144.0,144.0,144.0,2.8,1,JordanManual,CCCAGG,2.8,2.8,2.8,SUMO,1514384460,2017-12-28 09:28:40.858117,83.4,233.52
145,145.0,145.0,145.0,145.0,2.8,1,JordanManual,CCCAGG,2.8,2.8,2.8,SUMO,1514384640,2017-12-28 09:28:40.858117,103.04,288.51
146,146.0,146.0,146.0,146.0,2.8,1,JordanManual,CCCAGG,2.8,2.8,2.8,SUMO,1514384820,2017-12-28 09:28:40.858117,202.38,566.67
147,147.0,147.0,147.0,147.0,2.79,1,JordanManual,CCCAGG,2.8,2.79,2.8,SUMO,1514385000,2017-12-28 09:28:40.858117,258.65,724.22
148,148.0,148.0,148.0,148.0,2.82,1,JordanManual,CCCAGG,2.82,2.79,2.79,SUMO,1514385180,2017-12-28 09:28:40.858117,121.42,339.78
149,149.0,149.0,149.0,149.0,2.8,1,JordanManual,CCCAGG,2.82,2.8,2.82,SUMO,1514385360,2017-12-28 09:28:40.858117,217.2,610.74
150,150.0,150.0,150.0,150.0,2.79,1,JordanManual,CCCAGG,2.79,2.78,2.79,SUMO,1514385540,2017-12-28 09:28:40.858117,54.51,152.08
151,151.0,151.0,151.0,151.0,2.77,1,JordanManual,CCCAGG,2.78,2.77,2.78,SUMO,1514385720,2017-12-28 09:28:40.858117,55.48,153.68
152,152.0,152.0,152.0,152.0,2.76,1,JordanManual,CCCAGG,2.76,2.75,2.76,SUMO,1514385900,2017-12-28 09:28:40.858117,13.3374,36.81
153,153.0,153.0,153.0,153.0,2.76,1,JordanManual,CCCAGG,2.77,2.76,2.77,SUMO,1514386080,2017-12-28 09:28:40.858117,367.86,1016.44
154,154.0,154.0,154.0,154.0,2.75,1,JordanManual,CCCAGG,2.75,2.74,2.75,SUMO,1514386260,2017-12-28 09:28:40.858117,550.52,1513.93
155,155.0,155.0,155.0,155.0,2.75,1,JordanManual,CCCAGG,2.75,2.75,2.75,SUMO,1514386440,2017-12-28 09:28:40.858117,1162.32,3196.38
156,156.0,156.0,156.0,156.0,2.75,1,JordanManual,CCCAGG,2.76,2.75,2.76,SUMO,1514386620,2017-12-28 09:28:40.858117,14.43,39.83
157,157.0,157.0,157.0,157.0,2.74,1,JordanManual,CCCAGG,2.75,2.74,2.75,SUMO,1514386800,2017-12-28 09:28:40.858117,4.11,11.26
158,158.0,158.0,158.0,158.0,2.72,1,JordanManual,CCCAGG,2.73,2.72,2.73,SUMO,1514386980,2017-12-28 09:28:40.858117,18.97,51.79
159,159.0,159.0,159.0,159.0,2.74,1,JordanManual,CCCAGG,2.74,2.72,2.72,SUMO,1514387160,2017-12-28 09:28:40.858117,544.42,1491.48
160,160.0,160.0,160.0,160.0,2.73,1,JordanManual,CCCAGG,2.73,2.72,2.72,SUMO,1514387340,2017-12-28 09:28:40.858117,1006.58,2747.96
161,161.0,161.0,161.0,161.0,2.73,1,JordanManual,CCCAGG,2.73,2.73,2.73,SUMO,1514387520,2017-12-28 09:28:40.858117,0.0,0.0
162,162.0,162.0,162.0,162.0,2.75,1,JordanManual,CCCAGG,2.75,2.73,2.73,SUMO,1514387700,2017-12-28 09:28:40.858117,73.39,200.91
163,163.0,163.0,163.0,163.0,2.75,1,JordanManual,CCCAGG,2.75,2.74,2.74,SUMO,1514387880,2017-12-28 09:28:40.858117,1346.21,3690.05
164,164.0,164.0,164.0,164.0,2.75,1,JordanManual,CCCAGG,2.75,2.75,2.75,SUMO,1514388060,2017-12-28 09:28:40.858117,432.81,1190.23
165,165.0,165.0,165.0,165.0,2.76,1,JordanManual,CCCAGG,2.76,2.75,2.75,SUMO,1514388240,2017-12-28 09:28:40.858117,36.27,99.74
166,166.0,166.0,166.0,166.0,2.77,1,JordanManual,CCCAGG,2.77,2.76,2.76,SUMO,1514388420,2017-12-28 09:28:40.858117,10.67,29.45
167,167.0,167.0,167.0,167.0,2.76,1,JordanManual,CCCAGG,2.76,2.76,2.76,SUMO,1514388600,2017-12-28 09:28:40.858117,0.0,0.0
168,168.0,168.0,168.0,168.0,2.76,1,JordanManual,CCCAGG,2.77,2.76,2.77,SUMO,1514388780,2017-12-28 09:28:40.858117,17.13,47.45
169,169.0,169.0,169.0,169.0,2.75,1,JordanManual,CCCAGG,2.76,2.75,2.76,SUMO,1514388960,2017-12-28 09:28:40.858117,8.42,23.24
170,170.0,170.0,170.0,170.0,2.75,1,JordanManual,CCCAGG,2.75,2.75,2.75,SUMO,1514389140,2017-12-28 09:28:40.858117,1584.68,4357.87
171,171.0,171.0,171.0,171.0,2.74,1,JordanManual,CCCAGG,2.74,2.74,2.74,SUMO,1514389320,2017-12-28 09:28:40.858117,1003.58,2749.81
172,172.0,172.0,172.0,172.0,2.74,1,JordanManual,CCCAGG,2.74,2.74,2.74,SUMO,1514389500,2017-12-28 09:28:40.858117,282.22,773.28
173,173.0,173.0,173.0,173.0,2.75,1,JordanManual,CCCAGG,2.75,2.75,2.75,SUMO,1514389680,2017-12-28 09:28:40.858117,11.91,32.76
174,174.0,174.0,174.0,174.0,2.75,1,JordanManual,CCCAGG,2.75,2.75,2.75,SUMO,1514389860,2017-12-28 09:28:40.858117,72.58,199.6
175,175.0,175.0,175.0,175.0,2.75,1,JordanManual,CCCAGG,2.75,2.75,2.75,SUMO,1514390040,2017-12-28 09:28:40.858117,0.0,0.0
176,176.0,176.0,176.0,176.0,2.76,1,JordanManual,CCCAGG,2.76,2.75,2.75,SUMO,1514390220,2017-12-28 09:28:40.858117,24.47,67.3
177,177.0,177.0,177.0,177.0,2.77,1,JordanManual,CCCAGG,2.77,2.76,2.76,SUMO,1514390400,2017-12-28 09:28:40.858117,134.0,371.18
178,178.0,178.0,178.0,178.0,2.77,1,JordanManual,CCCAGG,2.77,2.77,2.77,SUMO,1514390580,2017-12-28 09:28:40.858117,519.51,1439.04
179,179.0,179.0,179.0,179.0,2.77,1,JordanManual,CCCAGG,2.77,2.77,2.77,SUMO,1514390760,2017-12-28 09:28:40.858117,3.0,8.31
180,180.0,180.0,180.0,180.0,2.77,1,JordanManual,CCCAGG,2.77,2.77,2.77,SUMO,1514390940,2017-12-28 09:28:40.858117,0.0,0.0
181,181.0,181.0,181.0,181.0,2.76,1,JordanManual,CCCAGG,2.77,2.76,2.77,SUMO,1514391120,2017-12-28 09:28:40.858117,27.0,74.79
182,182.0,182.0,182.0,182.0,2.76,1,JordanManual,CCCAGG,2.76,2.76,2.76,SUMO,1514391300,2017-12-28 09:28:40.858117,70.6,194.86
183,183.0,183.0,183.0,183.0,2.76,1,JordanManual,CCCAGG,2.76,2.76,2.76,SUMO,1514391480,2017-12-28 09:28:40.858117,10.8,29.81
184,184.0,184.0,184.0,184.0,2.76,1,JordanManual,CCCAGG,2.76,2.76,2.76,SUMO,1514391660,2017-12-28 09:28:40.858117,136.01,375.39
185,185.0,185.0,185.0,185.0,2.77,1,JordanManual,CCCAGG,2.77,2.76,2.76,SUMO,1514391840,2017-12-28 09:28:40.858117,648.7,1796.59
186,186.0,186.0,186.0,186.0,2.74,1,JordanManual,CCCAGG,2.75,2.74,2.75,SUMO,1514392020,2017-12-28 09:28:40.858117,9.81,26.91
187,187.0,187.0,187.0,187.0,2.71,1,JordanManual,CCCAGG,2.73,2.71,2.73,SUMO,1514392200,2017-12-28 09:28:40.858117,930.1,2539.17
188,188.0,188.0,188.0,188.0,2.68,1,JordanManual,CCCAGG,2.71,2.68,2.71,SUMO,1514392380,2017-12-28 09:28:40.858117,730.29,1979.09
189,189.0,189.0,189.0,189.0,2.66,1,JordanManual,CCCAGG,2.68,2.66,2.68,SUMO,1514392560,2017-12-28 09:28:40.858117,953.6,2538.24
190,190.0,190.0,190.0,190.0,2.68,1,JordanManual,CCCAGG,2.68,2.66,2.66,SUMO,1514392740,2017-12-28 09:28:40.858117,119.41,318.07
191,191.0,191.0,191.0,191.0,2.68,1,JordanManual,CCCAGG,2.68,2.67,2.67,SUMO,1514392920,2017-12-28 09:28:40.858117,850.21,2275.23
192,192.0,192.0,192.0,192.0,2.68,1,JordanManual,CCCAGG,2.68,2.67,2.67,SUMO,1514393100,2017-12-28 09:28:40.858117,1586.89,4252.87
193,193.0,193.0,193.0,193.0,2.68,1,JordanManual,CCCAGG,2.68,2.68,2.68,SUMO,1514393280,2017-12-28 09:28:40.858117,3088.13,8276.19
194,194.0,194.0,194.0,194.0,2.67,1,JordanManual,CCCAGG,2.68,2.67,2.68,SUMO,1514393460,2017-12-28 09:28:40.858117,0.0,0.0
195,195.0,195.0,195.0,195.0,2.65,1,JordanManual,CCCAGG,2.66,2.65,2.66,SUMO,1514393640,2017-12-28 09:28:40.858117,83.26,220.64
196,196.0,196.0,196.0,196.0,2.66,1,JordanManual,CCCAGG,2.66,2.65,2.66,SUMO,1514393820,2017-12-28 09:28:40.858117,176.44,468.53
197,197.0,197.0,197.0,197.0,2.63,1,JordanManual,CCCAGG,2.66,2.63,2.66,SUMO,1514394000,2017-12-28 09:28:40.858117,0.0,0.0
198,198.0,198.0,198.0,198.0,2.63,1,JordanManual,CCCAGG,2.64,2.62,2.62,SUMO,1514394180,2017-12-28 09:28:40.858117,33.85,88.88
199,199.0,199.0,199.0,199.0,2.64,1,JordanManual,CCCAGG,2.64,2.62,2.62,SUMO,1514394360,2017-12-28 09:28:40.858117,1718.3,4526.42
200,200.0,200.0,200.0,200.0,2.66,1,JordanManual,CCCAGG,2.66,2.64,2.64,SUMO,1514394540,2017-12-28 09:28:40.858117,0.0,0.0
201,201.0,201.0,201.0,201.0,2.66,1,JordanManual,CCCAGG,2.67,2.66,2.67,SUMO,1514394720,2017-12-28 09:28:40.858117,136.0,363.12
202,202.0,202.0,202.0,202.0,2.65,1,JordanManual,CCCAGG,2.66,2.65,2.66,SUMO,1514394900,2017-12-28 09:28:40.858117,161.24,428.21
203,203.0,203.0,203.0,203.0,2.66,1,JordanManual,CCCAGG,2.66,2.66,2.66,SUMO,1514395080,2017-12-28 09:28:40.858117,503.8,1340.11
204,204.0,204.0,204.0,204.0,2.66,1,JordanManual,CCCAGG,2.66,2.66,2.66,SUMO,1514395260,2017-12-28 09:28:40.858117,225.96,601.05
205,205.0,205.0,205.0,205.0,2.67,1,JordanManual,CCCAGG,2.67,2.67,2.67,SUMO,1514395440,2017-12-28 09:28:40.858117,1320.54,3525.84
206,206.0,206.0,206.0,206.0,2.68,1,JordanManual,CCCAGG,2.68,2.68,2.68,SUMO,1514395620,2017-12-28 09:28:40.858117,2.99,8.01
207,207.0,207.0,207.0,207.0,2.68,1,JordanManual,CCCAGG,2.69,2.67,2.69,SUMO,1514395800,2017-12-28 09:28:40.858117,900.93,2408.74
208,208.0,208.0,208.0,208.0,2.69,1,JordanManual,CCCAGG,2.69,2.68,2.68,SUMO,1514395980,2017-12-28 09:28:40.858117,305.69,819.25
209,209.0,209.0,209.0,209.0,2.69,1,JordanManual,CCCAGG,2.7,2.69,2.69,SUMO,1514396160,2017-12-28 09:28:40.858117,7.71,20.77
210,210.0,210.0,210.0,210.0,2.7,1,JordanManual,CCCAGG,2.7,2.69,2.69,SUMO,1514396340,2017-12-28 09:28:40.858117,10.0,27.0
211,211.0,211.0,211.0,211.0,2.67,1,JordanManual,CCCAGG,2.7,2.67,2.7,SUMO,1514396520,2017-12-28 09:28:40.858117,429.47,1152.68
212,212.0,212.0,212.0,212.0,2.68,1,JordanManual,CCCAGG,2.68,2.67,2.67,SUMO,1514396700,2017-12-28 09:28:40.858117,80.02,214.45
213,213.0,213.0,213.0,213.0,2.69,1,JordanManual,CCCAGG,2.69,2.68,2.68,SUMO,1514396880,2017-12-28 09:28:40.858117,0.0,0.0
214,214.0,214.0,214.0,214.0,2.69,1,JordanManual,CCCAGG,2.69,2.69,2.69,SUMO,1514397060,2017-12-28 09:28:40.858117,876.9005,2358.86
215,215.0,215.0,215.0,215.0,2.7,1,JordanManual,CCCAGG,2.7,2.69,2.69,SUMO,1514397240,2017-12-28 09:28:40.858117,375.73,1012.14
216,216.0,216.0,216.0,216.0,2.69,1,JordanManual,CCCAGG,2.7,2.69,2.7,SUMO,1514397420,2017-12-28 09:28:40.858117,8.17,21.98
217,217.0,217.0,217.0,217.0,2.7,1,JordanManual,CCCAGG,2.7,2.69,2.69,SUMO,1514397600,2017-12-28 09:28:40.858117,98.33,264.51
218,218.0,218.0,218.0,218.0,2.7,1,JordanManual,CCCAGG,2.7,2.7,2.7,SUMO,1514397780,2017-12-28 09:28:40.858117,174.77,471.88
219,219.0,219.0,219.0,219.0,2.72,1,JordanManual,CCCAGG,2.72,2.7,2.7,SUMO,1514397960,2017-12-28 09:28:40.858117,28.0,75.88
220,220.0,220.0,220.0,220.0,2.73,1,JordanManual,CCCAGG,2.73,2.72,2.72,SUMO,1514398140,2017-12-28 09:28:40.858117,1232.84,3353.56
221,221.0,221.0,221.0,221.0,2.73,1,JordanManual,CCCAGG,2.73,2.72,2.72,SUMO,1514398320,2017-12-28 09:28:40.858117,16.02,43.57
222,222.0,222.0,222.0,222.0,2.72,1,JordanManual,CCCAGG,2.73,2.72,2.73,SUMO,1514398500,2017-12-28 09:28:40.858117,232.46,632.59
223,223.0,223.0,223.0,223.0,2.72,1,JordanManual,CCCAGG,2.73,2.72,2.72,SUMO,1514398680,2017-12-28 09:28:40.858117,645.48,1756.34
224,224.0,224.0,224.0,224.0,2.85,1,JordanManual,CCCAGG,2.85,2.85,2.85,SUMO,1514398860,2017-12-28 09:28:40.858117,232.57,662.82
225,225.0,225.0,225.0,225.0,2.83,1,JordanManual,CCCAGG,2.85,2.83,2.85,SUMO,1514399040,2017-12-28 09:28:40.858117,4.9,13.97
226,226.0,226.0,226.0,226.0,2.81,1,JordanManual,CCCAGG,2.82,2.81,2.82,SUMO,1514399220,2017-12-28 09:28:40.858117,0.0,0.0
227,227.0,227.0,227.0,227.0,2.81,1,JordanManual,CCCAGG,2.81,2.81,2.81,SUMO,1514399400,2017-12-28 09:28:40.858117,7.94,22.31
228,228.0,228.0,228.0,228.0,2.79,1,JordanManual,CCCAGG,2.8,2.79,2.8,SUMO,1514399580,2017-12-28 09:28:40.858117,161.0,449.4
229,229.0,229.0,229.0,229.0,2.72,1,JordanManual,CCCAGG,2.79,2.72,2.79,SUMO,1514399760,2017-12-28 09:28:40.858117,4.22,11.48
230,230.0,230.0,230.0,230.0,2.73,1,JordanManual,CCCAGG,2.73,2.73,2.73,SUMO,1514399940,2017-12-28 09:28:40.858117,517.87,1413.79
231,231.0,231.0,231.0,231.0,2.74,1,JordanManual,CCCAGG,2.74,2.74,2.74,SUMO,1514400120,2017-12-28 09:28:40.858117,328.08,898.94
232,232.0,232.0,232.0,232.0,2.73,1,JordanManual,CCCAGG,2.74,2.73,2.74,SUMO,1514400300,2017-12-28 09:28:40.858117,20.43,55.9
233,233.0,233.0,233.0,233.0,2.74,1,JordanManual,CCCAGG,2.74,2.74,2.74,SUMO,1514400480,2017-12-28 09:28:40.858117,0.0,0.0
234,234.0,234.0,234.0,234.0,2.74,1,JordanManual,CCCAGG,2.74,2.74,2.74,SUMO,1514400660,2017-12-28 09:28:40.858117,0.0,0.0
235,235.0,235.0,235.0,235.0,2.73,1,JordanManual,CCCAGG,2.73,2.73,2.73,SUMO,1514400840,2017-12-28 09:28:40.858117,5.28,14.41
236,236.0,236.0,236.0,236.0,2.74,1,JordanManual,CCCAGG,2.74,2.73,2.73,SUMO,1514401020,2017-12-28 09:28:40.858117,0.0,0.0
237,237.0,237.0,237.0,237.0,2.75,1,JordanManual,CCCAGG,2.75,2.74,2.74,SUMO,1514401200,2017-12-28 09:28:40.858117,290.0,797.5
238,238.0,238.0,238.0,238.0,2.76,1,JordanManual,CCCAGG,2.76,2.74,2.74,SUMO,1514401380,2017-12-28 09:28:40.858117,350.0,966.0
239,239.0,239.0,239.0,239.0,2.75,1,JordanManual,CCCAGG,2.76,2.75,2.76,SUMO,1514401560,2017-12-28 09:28:40.858117,4.0,11.04
240,240.0,240.0,240.0,240.0,2.76,1,JordanManual,CCCAGG,2.76,2.76,2.76,SUMO,1514401740,2017-12-28 09:28:40.858117,0.0,0.0
241,241.0,241.0,241.0,241.0,2.77,1,JordanManual,CCCAGG,2.77,2.76,2.76,SUMO,1514401920,2017-12-28 09:28:40.858117,25.49,70.61
242,242.0,242.0,242.0,242.0,2.77,1,JordanManual,CCCAGG,2.78,2.77,2.78,SUMO,1514402100,2017-12-28 09:28:40.858117,0.0,0.0
243,243.0,243.0,243.0,243.0,2.77,1,JordanManual,CCCAGG,2.77,2.77,2.77,SUMO,1514402280,2017-12-28 09:28:40.858117,0.0,0.0
244,244.0,244.0,244.0,244.0,2.88,1,JordanManual,CCCAGG,2.88,2.77,2.77,SUMO,1514402460,2017-12-28 09:28:40.858117,220.66,635.5
245,245.0,245.0,245.0,245.0,2.87,1,JordanManual,CCCAGG,2.88,2.87,2.88,SUMO,1514402640,2017-12-28 09:28:40.858117,445.89,1279.77
246,246.0,246.0,246.0,246.0,2.87,1,JordanManual,CCCAGG,2.87,2.86,2.86,SUMO,1514402820,2017-12-28 09:28:40.858117,1961.13,5616.18
247,247.0,247.0,247.0,247.0,2.86,1,JordanManual,CCCAGG,2.87,2.86,2.87,SUMO,1514403000,2017-12-28 09:28:40.858117,567.96,1625.69
248,248.0,248.0,248.0,248.0,2.85,1,JordanManual,CCCAGG,2.85,2.85,2.85,SUMO,1514403180,2017-12-28 09:28:40.858117,1012.21,2884.8
249,249.0,249.0,249.0,249.0,2.89,1,JordanManual,CCCAGG,2.89,2.87,2.87,SUMO,1514403360,2017-12-28 09:28:40.858117,21.36,61.52
250,250.0,250.0,250.0,250.0,2.89,1,JordanManual,CCCAGG,2.89,2.89,2.89,SUMO,1514403540,2017-12-28 09:28:40.858117,0.0,0.0
251,251.0,251.0,251.0,251.0,2.87,1,JordanManual,CCCAGG,2.88,2.87,2.88,SUMO,1514403720,2017-12-28 09:28:40.858117,0.0,0.0
252,252.0,252.0,252.0,252.0,2.86,1,JordanManual,CCCAGG,2.86,2.85,2.86,SUMO,1514403900,2017-12-28 09:28:40.858117,0.0,0.0
253,253.0,253.0,253.0,253.0,2.86,1,JordanManual,CCCAGG,2.86,2.86,2.86,SUMO,1514404080,2017-12-28 09:28:40.858117,1570.61,4491.95
254,254.0,254.0,254.0,254.0,2.83,1,JordanManual,CCCAGG,2.85,2.83,2.85,SUMO,1514404260,2017-12-28 09:28:40.858117,8.11,22.95
255,255.0,255.0,255.0,255.0,2.84,1,JordanManual,CCCAGG,2.84,2.83,2.83,SUMO,1514404440,2017-12-28 09:28:40.858117,24.08,68.23
256,256.0,256.0,256.0,256.0,2.84,1,JordanManual,CCCAGG,2.84,2.83,2.83,SUMO,1514404620,2017-12-28 09:28:40.858117,14.65,41.52
257,257.0,257.0,257.0,257.0,2.86,1,JordanManual,CCCAGG,2.86,2.86,2.86,SUMO,1514404800,2017-12-28 09:28:40.858117,20.19,57.74
258,258.0,258.0,258.0,258.0,2.86,1,JordanManual,CCCAGG,2.86,2.86,2.86,SUMO,1514404980,2017-12-28 09:28:40.858117,0.0,0.0
259,259.0,259.0,259.0,259.0,2.85,1,JordanManual,CCCAGG,2.85,2.85,2.85,SUMO,1514405160,2017-12-28 09:28:40.858117,13.05,37.19
260,260.0,260.0,260.0,260.0,2.84,1,JordanManual,CCCAGG,2.85,2.84,2.85,SUMO,1514405340,2017-12-28 09:28:40.858117,77.51,220.13
261,261.0,261.0,261.0,261.0,2.83,1,JordanManual,CCCAGG,2.84,2.83,2.84,SUMO,1514405520,2017-12-28 09:28:40.858117,0.0,0.0
262,262.0,262.0,262.0,262.0,2.85,1,JordanManual,CCCAGG,2.85,2.83,2.83,SUMO,1514405700,2017-12-28 09:28:40.858117,791.79,2254.33
263,263.0,263.0,263.0,263.0,2.84,1,JordanManual,CCCAGG,2.84,2.84,2.84,SUMO,1514405880,2017-12-28 09:28:40.858117,547.62,1555.24
264,264.0,264.0,264.0,264.0,2.85,1,JordanManual,CCCAGG,2.85,2.84,2.84,SUMO,1514406060,2017-12-28 09:28:40.858117,483.35,1377.55
265,265.0,265.0,265.0,265.0,2.85,1,JordanManual,CCCAGG,2.86,2.85,2.86,SUMO,1514406240,2017-12-28 09:28:40.858117,15801.48,45095.12
266,266.0,266.0,266.0,266.0,2.83,1,JordanManual,CCCAGG,2.84,2.83,2.84,SUMO,1514406420,2017-12-28 09:28:40.858117,25945.96,73433.07
267,267.0,267.0,267.0,267.0,2.8,1,JordanManual,CCCAGG,2.82,2.8,2.82,SUMO,1514406600,2017-12-28 09:28:40.858117,163.75,461.14
268,268.0,268.0,268.0,268.0,2.81,1,JordanManual,CCCAGG,2.82,2.8,2.82,SUMO,1514406780,2017-12-28 09:28:40.858117,190.1,532.34
269,269.0,269.0,269.0,269.0,2.81,1,JordanManual,CCCAGG,2.82,2.8,2.82,SUMO,1514406960,2017-12-28 09:28:40.858117,28.81,80.67
270,270.0,270.0,270.0,270.0,2.82,1,JordanManual,CCCAGG,2.82,2.81,2.81,SUMO,1514407140,2017-12-28 09:28:40.858117,906.62,2555.08
271,271.0,271.0,271.0,271.0,2.82,1,JordanManual,CCCAGG,2.82,2.82,2.82,SUMO,1514407320,2017-12-28 09:28:40.858117,5335.38,15045.77
272,272.0,272.0,272.0,272.0,2.83,1,JordanManual,CCCAGG,2.83,2.82,2.82,SUMO,1514407500,2017-12-28 09:28:40.858117,0.0,0.0
273,273.0,273.0,273.0,273.0,2.83,1,JordanManual,CCCAGG,2.84,2.83,2.83,SUMO,1514407680,2017-12-28 09:28:40.858117,155.67,441.34
274,274.0,274.0,274.0,274.0,3.57,1,JordanManual,CCCAGG,3.67,3.56,3.67,SUMO,1514407860,2017-12-28 09:28:40.858117,10.9,38.8
275,275.0,275.0,275.0,275.0,3.55,1,JordanManual,CCCAGG,3.56,3.55,3.56,SUMO,1514408040,2017-12-28 09:28:40.858117,101.23,359.55
276,276.0,276.0,276.0,276.0,3.55,1,JordanManual,CCCAGG,3.56,3.55,3.55,SUMO,1514408220,2017-12-28 09:28:40.858117,963.87,3421.74
277,277.0,277.0,277.0,277.0,3.54,1,JordanManual,CCCAGG,3.55,3.54,3.55,SUMO,1514408400,2017-12-28 09:28:40.858117,89.09,315.57
278,278.0,278.0,278.0,278.0,3.57,1,JordanManual,CCCAGG,3.57,3.55,3.55,SUMO,1514408580,2017-12-28 09:28:40.858117,132.26,470.92
279,279.0,279.0,279.0,279.0,3.6,1,JordanManual,CCCAGG,3.6,3.59,3.59,SUMO,1514408760,2017-12-28 09:28:40.858117,72.06,258.84
280,280.0,280.0,280.0,280.0,3.61,1,JordanManual,CCCAGG,3.62,3.61,3.62,SUMO,1514408940,2017-12-28 09:28:40.858117,25.83,93.49
281,281.0,281.0,281.0,281.0,3.62,1,JordanManual,CCCAGG,3.62,3.61,3.61,SUMO,1514409120,2017-12-28 09:28:40.858117,35.77,129.49
282,282.0,282.0,282.0,282.0,3.62,1,JordanManual,CCCAGG,3.62,3.62,3.62,SUMO,1514409300,2017-12-28 09:28:40.858117,28.27,102.34
283,283.0,283.0,283.0,283.0,3.62,1,JordanManual,CCCAGG,3.62,3.61,3.61,SUMO,1514409480,2017-12-28 09:28:40.858117,909.9,3293.72
284,284.0,284.0,284.0,284.0,3.77,1,JordanManual,CCCAGG,3.77,3.74,3.74,SUMO,1514409660,2017-12-28 09:28:40.858117,322.78,1213.48
285,285.0,285.0,285.0,285.0,3.76,1,JordanManual,CCCAGG,3.78,3.76,3.78,SUMO,1514409840,2017-12-28 09:28:40.858117,422.17,1595.8
286,286.0,286.0,286.0,286.0,3.77,1,JordanManual,CCCAGG,3.77,3.77,3.77,SUMO,1514410020,2017-12-28 09:28:40.858117,37.83,142.62
287,287.0,287.0,287.0,287.0,3.76,1,JordanManual,CCCAGG,3.77,3.76,3.77,SUMO,1514410200,2017-12-28 09:28:40.858117,167.62,631.43
288,288.0,288.0,288.0,288.0,3.76,1,JordanManual,CCCAGG,3.76,3.76,3.76,SUMO,1514410380,2017-12-28 09:28:40.858117,981.77,3691.45
289,289.0,289.0,289.0,289.0,3.76,1,JordanManual,CCCAGG,3.76,3.75,3.76,SUMO,1514410560,2017-12-28 09:28:40.858117,806.13,3026.1
290,290.0,290.0,290.0,290.0,3.76,1,JordanManual,CCCAGG,3.76,3.75,3.75,SUMO,1514410740,2017-12-28 09:28:40.858117,332.6,1250.08
291,291.0,291.0,291.0,291.0,3.73,1,JordanManual,CCCAGG,3.75,3.73,3.75,SUMO,1514410920,2017-12-28 09:28:40.858117,29.0,108.43
292,292.0,292.0,292.0,292.0,3.75,1,JordanManual,CCCAGG,3.75,3.74,3.74,SUMO,1514411100,2017-12-28 09:28:40.858117,100.0,374.0
293,293.0,293.0,293.0,293.0,3.74,1,JordanManual,CCCAGG,3.74,3.74,3.74,SUMO,1514411280,2017-12-28 09:28:40.858117,1299.07,4858.52
294,294.0,294.0,294.0,294.0,3.8,1,JordanManual,CCCAGG,3.8,3.75,3.75,SUMO,1514411460,2017-12-28 09:28:40.858117,3621.27,13727.28
295,295.0,295.0,295.0,295.0,3.79,1,JordanManual,CCCAGG,3.79,3.79,3.79,SUMO,1514411640,2017-12-28 09:28:40.858117,6481.06,24563.22
296,296.0,296.0,296.0,296.0,3.8,1,JordanManual,CCCAGG,3.8,3.79,3.79,SUMO,1514411820,2017-12-28 09:28:40.858117,1515.22,5742.83
297,297.0,297.0,297.0,297.0,3.8,1,JordanManual,CCCAGG,3.81,3.8,3.81,SUMO,1514412000,2017-12-28 09:28:40.858117,94.54,359.7
298,298.0,298.0,298.0,298.0,3.81,1,JordanManual,CCCAGG,3.81,3.8,3.8,SUMO,1514412180,2017-12-28 09:28:40.858117,226.21,859.8
299,299.0,299.0,299.0,299.0,3.8,1,JordanManual,CCCAGG,3.8,3.8,3.8,SUMO,1514412360,2017-12-28 09:28:40.858117,0.0,0.0
300,300.0,300.0,300.0,300.0,3.8,1,JordanManual,CCCAGG,3.8,3.8,3.8,SUMO,1514412540,2017-12-28 09:28:40.858117,0.0,0.0
301,301.0,301.0,301.0,301.0,3.8,1,JordanManual,CCCAGG,3.8,3.8,3.8,SUMO,1514412720,2017-12-28 09:28:40.858117,0.0,0.0
302,302.0,302.0,302.0,302.0,3.82,1,JordanManual,CCCAGG,3.82,3.81,3.81,SUMO,1514412900,2017-12-28 09:28:40.858117,0.0,0.0
303,303.0,303.0,303.0,303.0,3.88,1,JordanManual,CCCAGG,3.88,3.87,3.87,SUMO,1514413080,2017-12-28 09:28:40.858117,76.83,297.69
304,304.0,304.0,304.0,304.0,3.88,1,JordanManual,CCCAGG,3.88,3.88,3.88,SUMO,1514413260,2017-12-28 09:28:40.858117,58.89,228.49
305,305.0,305.0,305.0,305.0,3.89,1,JordanManual,CCCAGG,3.89,3.89,3.89,SUMO,1514413440,2017-12-28 09:28:40.858117,617.46,2401.92
306,306.0,306.0,306.0,306.0,3.89,1,JordanManual,CCCAGG,3.89,3.89,3.89,SUMO,1514413620,2017-12-28 09:28:40.858117,700.75,2725.92
307,307.0,307.0,307.0,307.0,3.9,1,JordanManual,CCCAGG,3.9,3.89,3.89,SUMO,1514413800,2017-12-28 09:28:40.858117,1653.88,6433.59
308,308.0,308.0,308.0,308.0,3.91,1,JordanManual,CCCAGG,3.91,3.91,3.91,SUMO,1514413980,2017-12-28 09:28:40.858117,716.62,2801.98
309,309.0,309.0,309.0,309.0,4.05,1,JordanManual,CCCAGG,4.05,4.05,4.05,SUMO,1514414160,2017-12-28 09:28:40.858117,211.52,856.66
310,310.0,310.0,310.0,310.0,4.04,1,JordanManual,CCCAGG,4.04,4.04,4.04,SUMO,1514414340,2017-12-28 09:28:40.858117,1843.3,7446.93
311,311.0,311.0,311.0,311.0,4.02,1,JordanManual,CCCAGG,4.03,4.02,4.03,SUMO,1514414520,2017-12-28 09:28:40.858117,1078.0,4333.56
312,312.0,312.0,312.0,312.0,4.04,1,JordanManual,CCCAGG,4.04,4.03,4.03,SUMO,1514414700,2017-12-28 09:28:40.858117,12.24,49.42
313,313.0,313.0,313.0,313.0,4.03,1,JordanManual,CCCAGG,4.04,4.03,4.04,SUMO,1514414880,2017-12-28 09:28:40.858117,47.72,192.39
314,314.0,314.0,314.0,314.0,4.03,1,JordanManual,CCCAGG,4.03,3.9,3.9,SUMO,1514415060,2017-12-28 09:28:40.858117,2179.41,8783.03
315,315.0,315.0,315.0,315.0,4.02,1,JordanManual,CCCAGG,4.03,4.02,4.03,SUMO,1514415240,2017-12-28 09:28:40.858117,661.31,2664.54
316,316.0,316.0,316.0,316.0,4.01,1,JordanManual,CCCAGG,4.01,4.01,4.01,SUMO,1514415420,2017-12-28 09:28:40.858117,320.35,1284.6
317,317.0,317.0,317.0,317.0,4.01,1,JordanManual,CCCAGG,4.01,4.01,4.01,SUMO,1514415600,2017-12-28 09:28:40.858117,6.11,24.51
318,318.0,318.0,318.0,318.0,3.99,1,JordanManual,CCCAGG,4.0,3.99,4.0,SUMO,1514415780,2017-12-28 09:28:40.858117,380.57,1522.15
319,319.0,319.0,319.0,319.0,4.13,1,JordanManual,CCCAGG,4.13,4.12,4.12,SUMO,1514415960,2017-12-28 09:28:40.858117,1693.1,6978.88
320,320.0,320.0,320.0,320.0,4.13,1,JordanManual,CCCAGG,4.13,4.12,4.12,SUMO,1514416140,2017-12-28 09:28:40.858117,1816.1,7488.59
321,321.0,321.0,321.0,321.0,4.15,1,JordanManual,CCCAGG,4.15,4.14,4.14,SUMO,1514416320,2017-12-28 09:28:40.858117,2030.52,8406.55
322,322.0,322.0,322.0,322.0,4.14,1,JordanManual,CCCAGG,4.15,4.14,4.15,SUMO,1514416500,2017-12-28 09:28:40.858117,743.91,3087.05
323,323.0,323.0,323.0,323.0,4.14,1,JordanManual,CCCAGG,4.14,4.14,4.14,SUMO,1514416680,2017-12-28 09:28:40.858117,927.02,3837.86
324,324.0,324.0,324.0,324.0,4.31,1,JordanManual,CCCAGG,4.31,4.3,4.3,SUMO,1514416860,2017-12-28 09:28:40.858117,2.14,9.2
325,325.0,325.0,325.0,325.0,4.32,1,JordanManual,CCCAGG,4.32,4.31,4.31,SUMO,1514417040,2017-12-28 09:28:40.858117,408.88,1762.27
326,326.0,326.0,326.0,326.0,4.31,1,JordanManual,CCCAGG,4.32,4.31,4.32,SUMO,1514417220,2017-12-28 09:28:40.858117,104.87,452.56
327,327.0,327.0,327.0,327.0,4.31,1,JordanManual,CCCAGG,4.31,4.31,4.31,SUMO,1514417400,2017-12-28 09:28:40.858117,157.91,680.59
328,328.0,328.0,328.0,328.0,4.32,1,JordanManual,CCCAGG,4.32,4.32,4.32,SUMO,1514417580,2017-12-28 09:28:40.858117,241.87,1044.88
329,329.0,329.0,329.0,329.0,4.32,1,JordanManual,CCCAGG,4.32,4.31,4.31,SUMO,1514417760,2017-12-28 09:28:40.858117,1287.72,5560.28
330,330.0,330.0,330.0,330.0,4.31,1,JordanManual,CCCAGG,4.32,4.31,4.32,SUMO,1514417940,2017-12-28 09:28:40.858117,994.29,4286.85
331,331.0,331.0,331.0,331.0,4.32,1,JordanManual,CCCAGG,4.32,4.31,4.31,SUMO,1514418120,2017-12-28 09:28:40.858117,1675.31,7221.16
332,332.0,332.0,332.0,332.0,4.32,1,JordanManual,CCCAGG,4.33,4.32,4.33,SUMO,1514418300,2017-12-28 09:28:40.858117,118.96,514.36
333,333.0,333.0,333.0,333.0,4.31,1,JordanManual,CCCAGG,4.32,4.31,4.32,SUMO,1514418480,2017-12-28 09:28:40.858117,416.18,1794.41
334,334.0,334.0,334.0,334.0,3.85,1,JordanManual,CCCAGG,3.87,3.85,3.86,SUMO,1514418660,2017-12-28 09:28:40.858117,630.46,2430.27
335,335.0,335.0,335.0,335.0,3.86,1,JordanManual,CCCAGG,3.86,3.85,3.86,SUMO,1514418840,2017-12-28 09:28:40.858117,177.63,685.6
336,336.0,336.0,336.0,336.0,3.85,1,JordanManual,CCCAGG,3.86,3.85,3.85,SUMO,1514419020,2017-12-28 09:28:40.858117,86.73,333.91
337,337.0,337.0,337.0,337.0,3.87,1,JordanManual,CCCAGG,3.87,3.86,3.86,SUMO,1514419200,2017-12-28 09:28:40.858117,62.08,240.25
338,338.0,338.0,338.0,338.0,3.86,1,JordanManual,CCCAGG,3.86,3.86,3.86,SUMO,1514419380,2017-12-28 09:28:40.858117,451.67,1743.45
339,339.0,339.0,339.0,339.0,3.7,1,JordanManual,CCCAGG,3.7,3.6,3.6,SUMO,1514419560,2017-12-28 09:28:40.858117,74.46,275.5
340,340.0,340.0,340.0,340.0,3.71,1,JordanManual,CCCAGG,3.71,3.71,3.71,SUMO,1514419740,2017-12-28 09:28:40.858117,311.51,1155.7
341,341.0,341.0,341.0,341.0,3.71,1,JordanManual,CCCAGG,3.71,3.71,3.71,SUMO,1514419920,2017-12-28 09:28:40.858117,0.0,0.0
342,342.0,342.0,342.0,342.0,3.71,1,JordanManual,CCCAGG,3.71,3.71,3.71,SUMO,1514420100,2017-12-28 09:28:40.858117,491.94,1825.1
343,343.0,343.0,343.0,343.0,3.71,1,JordanManual,CCCAGG,3.71,3.71,3.71,SUMO,1514420280,2017-12-28 09:28:40.858117,32.33,119.95
344,344.0,344.0,344.0,344.0,3.92,1,JordanManual,CCCAGG,3.92,3.92,3.92,SUMO,1514420460,2017-12-28 09:28:40.858117,55.4,217.17
345,345.0,345.0,345.0,345.0,3.9,1,JordanManual,CCCAGG,3.92,3.9,3.92,SUMO,1514420640,2017-12-28 09:28:40.858117,336.48,1314.18
346,346.0,346.0,346.0,346.0,3.88,1,JordanManual,CCCAGG,3.89,3.88,3.89,SUMO,1514420820,2017-12-28 09:28:40.858117,707.5,2748.37
347,347.0,347.0,347.0,347.0,3.87,1,JordanManual,CCCAGG,3.88,3.86,3.88,SUMO,1514421000,2017-12-28 09:28:40.858117,9.22,35.59
348,348.0,348.0,348.0,348.0,3.86,1,JordanManual,CCCAGG,3.86,3.86,3.86,SUMO,1514421180,2017-12-28 09:28:40.858117,102.91,397.23
349,349.0,349.0,349.0,349.0,4.06,1,JordanManual,CCCAGG,4.06,4.06,4.06,SUMO,1514421360,2017-12-28 09:28:40.858117,70.8,287.44
350,350.0,350.0,350.0,350.0,4.07,1,JordanManual,CCCAGG,4.07,4.07,4.07,SUMO,1514421540,2017-12-28 09:28:40.858117,249.5,1015.47
351,351.0,351.0,351.0,351.0,4.07,1,JordanManual,CCCAGG,4.07,4.07,4.07,SUMO,1514421720,2017-12-28 09:28:40.858117,408.82,1663.9
352,352.0,352.0,352.0,352.0,4.04,1,JordanManual,CCCAGG,4.06,4.04,4.06,SUMO,1514421900,2017-12-28 09:28:40.858117,583.72,2358.23
353,353.0,353.0,353.0,353.0,4.04,1,JordanManual,CCCAGG,4.04,4.03,4.03,SUMO,1514422080,2017-12-28 09:28:40.858117,200.36,807.77
354,354.0,354.0,354.0,354.0,4.04,1,JordanManual,CCCAGG,4.04,4.03,4.03,SUMO,1514422260,2017-12-28 09:28:40.858117,198.51,801.89
355,355.0,355.0,355.0,355.0,4.05,1,JordanManual,CCCAGG,4.05,4.04,4.04,SUMO,1514422440,2017-12-28 09:28:40.858117,519.02,2102.04
356,356.0,356.0,356.0,356.0,4.06,1,JordanManual,CCCAGG,4.06,4.05,4.05,SUMO,1514422620,2017-12-28 09:28:40.858117,21.01,85.13
357,357.0,357.0,357.0,357.0,4.06,1,JordanManual,CCCAGG,4.06,4.06,4.06,SUMO,1514422800,2017-12-28 09:28:40.858117,1439.48,5844.28
358,358.0,358.0,358.0,358.0,4.08,1,JordanManual,CCCAGG,4.08,4.06,4.06,SUMO,1514422980,2017-12-28 09:28:40.858117,80.0,324.8
359,359.0,359.0,359.0,359.0,4.08,1,JordanManual,CCCAGG,4.08,4.08,4.08,SUMO,1514423160,2017-12-28 09:28:40.858117,206.42,842.19
360,360.0,360.0,360.0,360.0,4.07,1,JordanManual,CCCAGG,4.08,4.07,4.08,SUMO,1514423340,2017-12-28 09:28:40.858117,0.0,0.0
361,361.0,361.0,361.0,361.0,4.05,1,JordanManual,CCCAGG,4.06,4.05,4.06,SUMO,1514423520,2017-12-28 09:28:40.858117,180.18,730.97
362,362.0,362.0,362.0,362.0,4.07,1,JordanManual,CCCAGG,4.07,4.06,4.06,SUMO,1514423700,2017-12-28 09:28:40.858117,196.54,799.25
363,363.0,363.0,363.0,363.0,4.07,1,JordanManual,CCCAGG,4.07,4.07,4.07,SUMO,1514423880,2017-12-28 09:28:40.858117,14.05,57.18
364,364.0,364.0,364.0,364.0,4.08,1,JordanManual,CCCAGG,4.08,4.08,4.08,SUMO,1514424060,2017-12-28 09:28:40.858117,43.07,175.73
365,365.0,365.0,365.0,365.0,4.1,1,JordanManual,CCCAGG,4.1,4.09,4.09,SUMO,1514424240,2017-12-28 09:28:40.858117,0.0,0.0
366,366.0,366.0,366.0,366.0,4.11,1,JordanManual,CCCAGG,4.11,4.1,4.1,SUMO,1514424420,2017-12-28 09:28:40.858117,119.26,489.14
367,367.0,367.0,367.0,367.0,4.11,1,JordanManual,CCCAGG,4.11,4.11,4.11,SUMO,1514424600,2017-12-28 09:28:40.858117,830.97,3415.29
368,368.0,368.0,368.0,368.0,4.11,1,JordanManual,CCCAGG,4.11,4.11,4.11,SUMO,1514424780,2017-12-28 09:28:40.858117,136.7,561.84
369,369.0,369.0,369.0,369.0,4.1,1,JordanManual,CCCAGG,4.1,4.1,4.1,SUMO,1514424960,2017-12-28 09:28:40.858117,387.6,1589.17
370,370.0,370.0,370.0,370.0,4.09,1,JordanManual,CCCAGG,4.09,4.09,4.09,SUMO,1514425140,2017-12-28 09:28:40.858117,687.98,2813.83
371,371.0,371.0,371.0,371.0,4.09,1,JordanManual,CCCAGG,4.1,4.09,4.09,SUMO,1514425320,2017-12-28 09:28:40.858117,249.05,1018.69
372,372.0,372.0,372.0,372.0,4.11,1,JordanManual,CCCAGG,4.11,4.1,4.1,SUMO,1514425500,2017-12-28 09:28:40.858117,25.69,105.41
373,373.0,373.0,373.0,373.0,4.1,1,JordanManual,CCCAGG,4.1,4.1,4.1,SUMO,1514425680,2017-12-28 09:28:40.858117,176.59,724.02
374,374.0,374.0,374.0,374.0,4.28,1,JordanManual,CCCAGG,4.28,4.27,4.27,SUMO,1514425860,2017-12-28 09:28:40.858117,171.05,732.1
375,375.0,375.0,375.0,375.0,4.29,1,JordanManual,CCCAGG,4.29,4.28,4.28,SUMO,1514426040,2017-12-28 09:28:40.858117,2.26,9.67
376,376.0,376.0,376.0,376.0,4.3,1,JordanManual,CCCAGG,4.3,4.3,4.3,SUMO,1514426220,2017-12-28 09:28:40.858117,383.7,1649.91
377,377.0,377.0,377.0,377.0,4.32,1,JordanManual,CCCAGG,4.32,4.31,4.31,SUMO,1514426400,2017-12-28 09:28:40.858117,0.0,0.0
378,378.0,378.0,378.0,378.0,4.29,1,JordanManual,CCCAGG,4.31,4.29,4.31,SUMO,1514426580,2017-12-28 09:28:40.858117,66.5,285.39
379,379.0,379.0,379.0,379.0,4.3,1,JordanManual,CCCAGG,4.32,4.3,4.31,SUMO,1514426760,2017-12-28 09:28:40.858117,8.76,37.67
380,380.0,380.0,380.0,380.0,4.27,1,JordanManual,CCCAGG,4.29,4.27,4.29,SUMO,1514426940,2017-12-28 09:28:40.858117,38.97,166.4
381,381.0,381.0,381.0,381.0,4.25,1,JordanManual,CCCAGG,4.27,4.25,4.27,SUMO,1514427120,2017-12-28 09:28:40.858117,35.52,150.96
382,382.0,382.0,382.0,382.0,4.25,1,JordanManual,CCCAGG,4.26,4.25,4.26,SUMO,1514427300,2017-12-28 09:28:40.858117,11.18,47.63
383,383.0,383.0,383.0,383.0,4.24,1,JordanManual,CCCAGG,4.25,4.24,4.25,SUMO,1514427480,2017-12-28 09:28:40.858117,281.13,1192.07
384,384.0,384.0,384.0,384.0,4.25,1,JordanManual,CCCAGG,4.25,4.25,4.25,SUMO,1514427660,2017-12-28 09:28:40.858117,100.0,425.0
385,385.0,385.0,385.0,385.0,4.25,1,JordanManual,CCCAGG,4.25,4.25,4.25,SUMO,1514427840,2017-12-28 09:28:40.858117,57.06,242.51
386,386.0,386.0,386.0,386.0,4.25,1,JordanManual,CCCAGG,4.25,4.25,4.25,SUMO,1514428020,2017-12-28 09:28:40.858117,284.0,1207.0
387,387.0,387.0,387.0,387.0,4.21,1,JordanManual,CCCAGG,4.23,4.21,4.23,SUMO,1514428200,2017-12-28 09:28:40.858117,33.23,140.03
388,388.0,388.0,388.0,388.0,4.21,1,JordanManual,CCCAGG,4.22,4.21,4.22,SUMO,1514428380,2017-12-28 09:28:40.858117,116.1,489.91
389,389.0,389.0,389.0,389.0,4.19,1,JordanManual,CCCAGG,4.22,4.19,4.22,SUMO,1514428560,2017-12-28 09:28:40.858117,30.62,128.91
390,390.0,390.0,390.0,390.0,4.17,1,JordanManual,CCCAGG,4.17,4.15,4.16,SUMO,1514428740,2017-12-28 09:28:40.858117,26.49,110.46
391,391.0,391.0,391.0,391.0,4.12,1,JordanManual,CCCAGG,4.16,4.12,4.16,SUMO,1514428920,2017-12-28 09:28:40.858117,19.0,78.28
392,392.0,392.0,392.0,392.0,4.07,1,JordanManual,CCCAGG,4.1,4.07,4.1,SUMO,1514429100,2017-12-28 09:28:40.858117,50.0,203.5
393,393.0,393.0,393.0,393.0,4.03,1,JordanManual,CCCAGG,4.05,4.03,4.05,SUMO,1514429280,2017-12-28 09:28:40.858117,24.99,100.71
394,394.0,394.0,394.0,394.0,3.94,1,JordanManual,CCCAGG,3.98,3.94,3.98,SUMO,1514429460,2017-12-28 09:28:40.858117,28.85,113.67
395,395.0,395.0,395.0,395.0,4.03,1,JordanManual,CCCAGG,4.03,4.0,4.0,SUMO,1514429640,2017-12-28 09:28:40.858117,16.46,65.95
396,396.0,396.0,396.0,396.0,3.99,1,JordanManual,CCCAGG,4.04,3.99,4.04,SUMO,1514429820,2017-12-28 09:28:40.858117,123.76,494.26
397,397.0,397.0,397.0,397.0,4.04,1,JordanManual,CCCAGG,4.04,4.0,4.0,SUMO,1514430000,2017-12-28 09:28:40.858117,82.45,329.8
398,398.0,398.0,398.0,398.0,4.01,1,JordanManual,CCCAGG,4.03,4.01,4.02,SUMO,1514430180,2017-12-28 09:28:40.858117,120.0,482.4
399,399.0,399.0,399.0,399.0,3.99,1,JordanManual,CCCAGG,3.99,3.97,3.98,SUMO,1514430360,2017-12-28 09:28:40.858117,2.3,9.13
400,400.0,400.0,400.0,400.0,4.0,1,JordanManual,CCCAGG,4.02,4.0,4.02,SUMO,1514430540,2017-12-28 09:28:40.858117,106.15,426.66
401,401.0,401.0,401.0,401.0,4.06,1,JordanManual,CCCAGG,4.06,4.04,4.04,SUMO,1514430720,2017-12-28 09:28:40.858117,333.93,1354.89
402,402.0,402.0,402.0,402.0,4.07,1,JordanManual,CCCAGG,4.07,4.06,4.06,SUMO,1514430900,2017-12-28 09:28:40.858117,2164.74,8810.47
403,403.0,403.0,403.0,403.0,4.07,1,JordanManual,CCCAGG,4.07,4.06,4.06,SUMO,1514431080,2017-12-28 09:28:40.858117,138.31,562.92
404,404.0,404.0,404.0,404.0,4.08,1,JordanManual,CCCAGG,4.08,4.08,4.08,SUMO,1514431260,2017-12-28 09:28:40.858117,0.0,0.0
405,405.0,405.0,405.0,405.0,4.07,1,JordanManual,CCCAGG,4.07,4.06,4.06,SUMO,1514431440,2017-12-28 09:28:40.858117,177.95,722.98
406,406.0,406.0,406.0,406.0,3.99,1,JordanManual,CCCAGG,4.06,3.99,4.06,SUMO,1514431620,2017-12-28 09:28:40.858117,295.99,1196.92
407,407.0,407.0,407.0,407.0,4.02,1,JordanManual,CCCAGG,4.02,4.02,4.02,SUMO,1514431800,2017-12-28 09:28:40.858117,116.04,466.48
408,408.0,408.0,408.0,408.0,3.96,1,JordanManual,CCCAGG,4.01,3.96,4.01,SUMO,1514431980,2017-12-28 09:28:40.858117,341.85,1357.2
409,409.0,409.0,409.0,409.0,3.9,1,JordanManual,CCCAGG,3.94,3.9,3.94,SUMO,1514432160,2017-12-28 09:28:40.858117,94.75,373.27
410,410.0,410.0,410.0,410.0,3.97,1,JordanManual,CCCAGG,3.97,3.89,3.89,SUMO,1514432340,2017-12-28 09:28:40.858117,42.44,167.29
411,411.0,411.0,411.0,411.0,3.98,1,JordanManual,CCCAGG,3.98,3.95,3.95,SUMO,1514432520,2017-12-28 09:28:40.858117,320.08,1272.4
412,412.0,412.0,412.0,412.0,4.0,1,JordanManual,CCCAGG,4.01,3.99,4.01,SUMO,1514432700,2017-12-28 09:28:40.858117,0.0,0.0
413,413.0,413.0,413.0,413.0,4.0,1,JordanManual,CCCAGG,4.0,3.99,3.99,SUMO,1514432880,2017-12-28 09:28:40.858117,0.0,0.0
414,414.0,414.0,414.0,414.0,4.04,1,JordanManual,CCCAGG,4.04,4.01,4.01,SUMO,1514433060,2017-12-28 09:28:40.858117,352.97,1416.48
415,415.0,415.0,415.0,415.0,4.04,1,JordanManual,CCCAGG,4.05,4.04,4.04,SUMO,1514433240,2017-12-28 09:28:40.858117,36.73,148.51
416,416.0,416.0,416.0,416.0,4.02,1,JordanManual,CCCAGG,4.02,4.02,4.02,SUMO,1514433420,2017-12-28 09:28:40.858117,0.0,0.0
417,417.0,417.0,417.0,417.0,4.0,1,JordanManual,CCCAGG,4.03,4.0,4.03,SUMO,1514433600,2017-12-28 09:28:40.858117,88.64,354.63
418,418.0,418.0,418.0,418.0,3.96,1,JordanManual,CCCAGG,4.0,3.96,4.0,SUMO,1514433780,2017-12-28 09:28:40.858117,157.13,628.12
419,419.0,419.0,419.0,419.0,3.98,1,JordanManual,CCCAGG,3.98,3.95,3.95,SUMO,1514433960,2017-12-28 09:28:40.858117,1403.36,5585.37
420,420.0,420.0,420.0,420.0,4.01,1,JordanManual,CCCAGG,4.01,3.99,3.99,SUMO,1514434140,2017-12-28 09:28:40.858117,0.0,0.0
421,421.0,421.0,421.0,421.0,4.01,1,JordanManual,CCCAGG,4.02,4.01,4.01,SUMO,1514434320,2017-12-28 09:28:40.858117,139.26,558.43
422,422.0,422.0,422.0,422.0,4.03,1,JordanManual,CCCAGG,4.03,4.01,4.01,SUMO,1514434500,2017-12-28 09:28:40.858117,367.17,1476.02
423,423.0,423.0,423.0,423.0,4.04,1,JordanManual,CCCAGG,4.06,4.04,4.05,SUMO,1514434680,2017-12-28 09:28:40.858117,0.0,0.0
424,424.0,424.0,424.0,424.0,4.07,1,JordanManual,CCCAGG,4.07,4.05,4.05,SUMO,1514434860,2017-12-28 09:28:40.858117,221.35,896.73
425,425.0,425.0,425.0,425.0,4.07,1,JordanManual,CCCAGG,4.07,4.07,4.07,SUMO,1514435040,2017-12-28 09:28:40.858117,682.66,2778.42
426,426.0,426.0,426.0,426.0,4.07,1,JordanManual,CCCAGG,4.07,4.05,4.05,SUMO,1514435220,2017-12-28 09:28:40.858117,0.0,0.0
427,427.0,427.0,427.0,427.0,4.09,1,JordanManual,CCCAGG,4.1,4.09,4.09,SUMO,1514435400,2017-12-28 09:28:40.858117,159.41,652.26
428,428.0,428.0,428.0,428.0,4.08,1,JordanManual,CCCAGG,4.09,4.08,4.09,SUMO,1514435580,2017-12-28 09:28:40.858117,0.0,0.0
429,429.0,429.0,429.0,429.0,4.06,1,JordanManual,CCCAGG,4.06,4.06,4.06,SUMO,1514435760,2017-12-28 09:28:40.858117,0.0,0.0
430,430.0,430.0,430.0,430.0,4.06,1,JordanManual,CCCAGG,4.06,4.06,4.06,SUMO,1514435940,2017-12-28 09:28:40.858117,415.37,1686.4
431,431.0,431.0,431.0,431.0,4.07,1,JordanManual,CCCAGG,4.07,4.07,4.07,SUMO,1514436120,2017-12-28 09:28:40.858117,20.0,81.4
432,432.0,432.0,432.0,432.0,4.03,1,JordanManual,CCCAGG,4.06,4.02,4.06,SUMO,1514436300,2017-12-28 09:28:40.858117,85.48,346.89
433,433.0,433.0,433.0,433.0,4.05,1,JordanManual,CCCAGG,4.05,4.03,4.03,SUMO,1514436480,2017-12-28 09:28:40.858117,3.65,14.71
434,434.0,434.0,434.0,434.0,4.01,1,JordanManual,CCCAGG,4.05,4.01,4.05,SUMO,1514436660,2017-12-28 09:28:40.858117,27.26,110.4
435,435.0,435.0,435.0,435.0,4.01,1,JordanManual,CCCAGG,4.02,4.01,4.01,SUMO,1514436840,2017-12-28 09:28:40.858117,6.4,25.73
436,436.0,436.0,436.0,436.0,4.02,1,JordanManual,CCCAGG,4.02,4.01,4.01,SUMO,1514437020,2017-12-28 09:28:40.858117,0.0,0.0
437,437.0,437.0,437.0,437.0,4.04,1,JordanManual,CCCAGG,4.04,4.03,4.03,SUMO,1514437200,2017-12-28 09:28:40.858117,10.89,44.0
438,438.0,438.0,438.0,438.0,4.01,1,JordanManual,CCCAGG,4.02,4.01,4.02,SUMO,1514437380,2017-12-28 09:28:40.858117,51.31,205.78
439,439.0,439.0,439.0,439.0,3.96,1,JordanManual,CCCAGG,4.0,3.96,4.0,SUMO,1514437560,2017-12-28 09:28:40.858117,50.0,199.0
440,440.0,440.0,440.0,440.0,3.97,1,JordanManual,CCCAGG,3.97,3.97,3.97,SUMO,1514437740,2017-12-28 09:28:40.858117,0.0,0.0
441,441.0,441.0,441.0,441.0,3.94,1,JordanManual,CCCAGG,3.97,3.94,3.97,SUMO,1514437920,2017-12-28 09:28:40.858117,183.27,726.5
442,442.0,442.0,442.0,442.0,3.94,1,JordanManual,CCCAGG,3.95,3.94,3.95,SUMO,1514438100,2017-12-28 09:28:40.858117,259.81,1025.79
443,443.0,443.0,443.0,443.0,3.88,1,JordanManual,CCCAGG,3.92,3.88,3.92,SUMO,1514438280,2017-12-28 09:28:40.858117,50.0,196.0
444,444.0,444.0,444.0,444.0,3.82,1,JordanManual,CCCAGG,3.88,3.79,3.88,SUMO,1514438460,2017-12-28 09:28:40.858117,10.0,37.9
445,445.0,445.0,445.0,445.0,3.83,1,JordanManual,CCCAGG,3.84,3.82,3.84,SUMO,1514438640,2017-12-28 09:28:40.858117,3.04,11.61
446,446.0,446.0,446.0,446.0,3.86,1,JordanManual,CCCAGG,3.86,3.85,3.85,SUMO,1514438820,2017-12-28 09:28:40.858117,3.13,12.08
447,447.0,447.0,447.0,447.0,3.86,1,JordanManual,CCCAGG,3.87,3.86,3.87,SUMO,1514439000,2017-12-28 09:28:40.858117,1710.53,6619.69
448,448.0,448.0,448.0,448.0,3.83,1,JordanManual,CCCAGG,3.85,3.83,3.85,SUMO,1514439180,2017-12-28 09:28:40.858117,9.996,38.29
449,449.0,449.0,449.0,449.0,3.83,1,JordanManual,CCCAGG,3.83,3.83,3.83,SUMO,1514439360,2017-12-28 09:28:40.858117,14.04,53.77
450,450.0,450.0,450.0,450.0,3.81,1,JordanManual,CCCAGG,3.83,3.81,3.83,SUMO,1514439540,2017-12-28 09:28:40.858117,0.0,0.0
451,451.0,451.0,451.0,451.0,3.77,1,JordanManual,CCCAGG,3.79,3.77,3.79,SUMO,1514439720,2017-12-28 09:28:40.858117,291.81,1105.96
452,452.0,452.0,452.0,452.0,3.78,1,JordanManual,CCCAGG,3.78,3.75,3.75,SUMO,1514439900,2017-12-28 09:28:40.858117,64.41,243.47
453,453.0,453.0,453.0,453.0,3.79,1,JordanManual,CCCAGG,3.79,3.78,3.79,SUMO,1514440080,2017-12-28 09:28:40.858117,0.0,0.0
454,454.0,454.0,454.0,454.0,3.8,1,JordanManual,CCCAGG,3.81,3.79,3.81,SUMO,1514440260,2017-12-28 09:28:40.858117,4.93,18.76
455,455.0,455.0,455.0,455.0,3.76,1,JordanManual,CCCAGG,3.78,3.76,3.78,SUMO,1514440440,2017-12-28 09:28:40.858117,341.14,1289.51
456,456.0,456.0,456.0,456.0,3.76,1,JordanManual,CCCAGG,3.77,3.75,3.75,SUMO,1514440620,2017-12-28 09:28:40.858117,73.98,277.43
457,457.0,457.0,457.0,457.0,3.79,1,JordanManual,CCCAGG,3.79,3.75,3.75,SUMO,1514440800,2017-12-28 09:28:40.858117,0.0,0.0
458,458.0,458.0,458.0,458.0,3.78,1,JordanManual,CCCAGG,3.78,3.78,3.78,SUMO,1514440980,2017-12-28 09:28:40.858117,13.56,51.26
459,459.0,459.0,459.0,459.0,3.77,1,JordanManual,CCCAGG,3.78,3.76,3.76,SUMO,1514441160,2017-12-28 09:28:40.858117,123.96,466.09
460,460.0,460.0,460.0,460.0,3.8,1,JordanManual,CCCAGG,3.81,3.78,3.78,SUMO,1514441340,2017-12-28 09:28:40.858117,131.37,499.94
461,461.0,461.0,461.0,461.0,3.82,1,JordanManual,CCCAGG,3.83,3.81,3.81,SUMO,1514441520,2017-12-28 09:28:40.858117,0.0,0.0
462,462.0,462.0,462.0,462.0,3.81,1,JordanManual,CCCAGG,3.82,3.81,3.82,SUMO,1514441700,2017-12-28 09:28:40.858117,1003.8,3834.52
463,463.0,463.0,463.0,463.0,3.81,1,JordanManual,CCCAGG,3.82,3.81,3.82,SUMO,1514441880,2017-12-28 09:28:40.858117,2.4,9.14
464,464.0,464.0,464.0,464.0,3.79,1,JordanManual,CCCAGG,3.79,3.78,3.79,SUMO,1514442060,2017-12-28 09:28:40.858117,63.87,242.07
465,465.0,465.0,465.0,465.0,3.79,1,JordanManual,CCCAGG,3.8,3.78,3.8,SUMO,1514442240,2017-12-28 09:28:40.858117,41.16,155.89
466,466.0,466.0,466.0,466.0,3.81,1,JordanManual,CCCAGG,3.81,3.8,3.8,SUMO,1514442420,2017-12-28 09:28:40.858117,29.12,110.66
467,467.0,467.0,467.0,467.0,3.84,1,JordanManual,CCCAGG,3.84,3.81,3.81,SUMO,1514442600,2017-12-28 09:28:40.858117,147.67,562.62
468,468.0,468.0,468.0,468.0,3.83,1,JordanManual,CCCAGG,3.84,3.83,3.83,SUMO,1514442780,2017-12-28 09:28:40.858117,57.0,218.31
469,469.0,469.0,469.0,469.0,3.83,1,JordanManual,CCCAGG,3.83,3.82,3.82,SUMO,1514442960,2017-12-28 09:28:40.858117,32.43,124.21
470,470.0,470.0,470.0,470.0,3.83,1,JordanManual,CCCAGG,3.83,3.82,3.82,SUMO,1514443140,2017-12-28 09:28:40.858117,112.0,427.93
471,471.0,471.0,471.0,471.0,3.81,1,JordanManual,CCCAGG,3.83,3.81,3.83,SUMO,1514443320,2017-12-28 09:28:40.858117,1245.51,4767.88
472,472.0,472.0,472.0,472.0,3.79,1,JordanManual,CCCAGG,3.8,3.78,3.8,SUMO,1514443500,2017-12-28 09:28:40.858117,215.97,820.69
473,473.0,473.0,473.0,473.0,3.79,1,JordanManual,CCCAGG,3.79,3.78,3.78,SUMO,1514443680,2017-12-28 09:28:40.858117,233.4,884.59
474,474.0,474.0,474.0,474.0,3.82,1,JordanManual,CCCAGG,3.82,3.81,3.81,SUMO,1514443860,2017-12-28 09:28:40.858117,37.86,144.25
475,475.0,475.0,475.0,475.0,3.82,1,JordanManual,CCCAGG,3.82,3.82,3.82,SUMO,1514444040,2017-12-28 09:28:40.858117,715.21,2732.1
476,476.0,476.0,476.0,476.0,3.79,1,JordanManual,CCCAGG,3.81,3.79,3.81,SUMO,1514444220,2017-12-28 09:28:40.858117,4192.22,15966.16
477,477.0,477.0,477.0,477.0,3.83,1,JordanManual,CCCAGG,3.83,3.79,3.79,SUMO,1514444400,2017-12-28 09:28:40.858117,49.38,188.83
478,478.0,478.0,478.0,478.0,3.84,1,JordanManual,CCCAGG,3.84,3.83,3.83,SUMO,1514444580,2017-12-28 09:28:40.858117,28.82,110.45
479,479.0,479.0,479.0,479.0,3.83,1,JordanManual,CCCAGG,3.84,3.83,3.84,SUMO,1514444760,2017-12-28 09:28:40.858117,0.0,0.0
480,480.0,480.0,480.0,480.0,3.85,1,JordanManual,CCCAGG,3.85,3.84,3.84,SUMO,1514444940,2017-12-28 09:28:40.858117,0.0,0.0
481,481.0,481.0,481.0,481.0,3.85,1,JordanManual,CCCAGG,3.85,3.84,3.85,SUMO,1514445120,2017-12-28 09:28:40.858117,0.0,0.0
482,482.0,482.0,482.0,482.0,3.86,1,JordanManual,CCCAGG,3.87,3.86,3.87,SUMO,1514445300,2017-12-28 09:28:40.858117,239.56,927.1
483,483.0,483.0,483.0,483.0,3.88,1,JordanManual,CCCAGG,3.88,3.87,3.87,SUMO,1514445480,2017-12-28 09:28:40.858117,2411.8,9333.67
484,484.0,484.0,484.0,484.0,3.88,1,JordanManual,CCCAGG,3.88,3.88,3.88,SUMO,1514445660,2017-12-28 09:28:40.858117,0.0,0.0
485,485.0,485.0,485.0,485.0,3.86,1,JordanManual,CCCAGG,3.88,3.86,3.88,SUMO,1514445840,2017-12-28 09:28:40.858117,0.0,0.0
486,486.0,486.0,486.0,486.0,3.86,1,JordanManual,CCCAGG,3.87,3.86,3.86,SUMO,1514446020,2017-12-28 09:28:40.858117,2.51,9.69
487,487.0,487.0,487.0,487.0,3.86,1,JordanManual,CCCAGG,3.86,3.86,3.86,SUMO,1514446200,2017-12-28 09:28:40.858117,137.15,529.4
488,488.0,488.0,488.0,488.0,3.81,1,JordanManual,CCCAGG,3.87,3.81,3.87,SUMO,1514446380,2017-12-28 09:28:40.858117,20.34,77.63
489,489.0,489.0,489.0,489.0,3.83,1,JordanManual,CCCAGG,3.83,3.82,3.82,SUMO,1514446560,2017-12-28 09:28:40.858117,44.76,171.43
490,490.0,490.0,490.0,490.0,3.84,1,JordanManual,CCCAGG,3.84,3.83,3.83,SUMO,1514446740,2017-12-28 09:28:40.858117,12.95,49.72
491,491.0,491.0,491.0,491.0,3.85,1,JordanManual,CCCAGG,3.85,3.84,3.84,SUMO,1514446920,2017-12-28 09:28:40.858117,12.79,49.24
492,492.0,492.0,492.0,492.0,3.85,1,JordanManual,CCCAGG,3.85,3.85,3.85,SUMO,1514447100,2017-12-28 09:28:40.858117,15.55,59.87
493,493.0,493.0,493.0,493.0,3.84,1,JordanManual,CCCAGG,3.85,3.84,3.85,SUMO,1514447280,2017-12-28 09:28:40.858117,561.5,2161.78
494,494.0,494.0,494.0,494.0,3.84,1,JordanManual,CCCAGG,3.84,3.83,3.83,SUMO,1514447460,2017-12-28 09:28:40.858117,53.45,204.71
495,495.0,495.0,495.0,495.0,3.84,1,JordanManual,CCCAGG,3.84,3.84,3.84,SUMO,1514447640,2017-12-28 09:28:40.858117,13.17,50.57
496,496.0,496.0,496.0,496.0,3.82,1,JordanManual,CCCAGG,3.83,3.82,3.83,SUMO,1514447820,2017-12-28 09:28:40.858117,191.28,732.36
497,497.0,497.0,497.0,497.0,3.83,1,JordanManual,CCCAGG,3.83,3.82,3.82,SUMO,1514448000,2017-12-28 09:28:40.858117,12.56,47.98
498,498.0,498.0,498.0,498.0,3.83,1,JordanManual,CCCAGG,3.83,3.83,3.83,SUMO,1514448180,2017-12-28 09:28:40.858117,510.23,1954.18
499,499.0,499.0,499.0,499.0,3.85,1,JordanManual,CCCAGG,3.85,3.84,3.84,SUMO,1514448360,2017-12-28 09:28:40.858117,74.71,286.91
500,500.0,500.0,500.0,500.0,3.85,1,JordanManual,CCCAGG,3.85,3.84,3.84,SUMO,1514448540,2017-12-28 09:28:40.858117,2.14,8.24
501,501.0,501.0,501.0,501.0,3.83,1,JordanManual,CCCAGG,3.84,3.83,3.84,SUMO,1514448720,2017-12-28 09:28:40.858117,32.2,123.54
502,502.0,502.0,502.0,502.0,3.79,1,JordanManual,CCCAGG,3.82,3.79,3.82,SUMO,1514448900,2017-12-28 09:28:40.858117,8.03,30.67
503,503.0,503.0,503.0,503.0,3.8,1,JordanManual,CCCAGG,3.8,3.8,3.8,SUMO,1514449080,2017-12-28 09:28:40.858117,0.0,0.0
504,504.0,504.0,504.0,504.0,3.77,1,JordanManual,CCCAGG,3.79,3.77,3.79,SUMO,1514449260,2017-12-28 09:28:40.858117,1.89,7.16
505,505.0,505.0,505.0,505.0,3.78,1,JordanManual,CCCAGG,3.78,3.77,3.77,SUMO,1514449440,2017-12-28 09:28:40.858117,1.84,6.96
506,506.0,506.0,506.0,506.0,3.77,1,JordanManual,CCCAGG,3.78,3.77,3.78,SUMO,1514449620,2017-12-28 09:28:40.858117,312.91,1182.49
507,507.0,507.0,507.0,507.0,3.79,1,JordanManual,CCCAGG,3.79,3.78,3.78,SUMO,1514449800,2017-12-28 09:28:40.858117,10.1,38.28
508,508.0,508.0,508.0,508.0,3.8,1,JordanManual,CCCAGG,3.8,3.79,3.79,SUMO,1514449980,2017-12-28 09:28:40.858117,1009.7,3836.03
509,509.0,509.0,509.0,509.0,3.8,1,JordanManual,CCCAGG,3.8,3.8,3.8,SUMO,1514450160,2017-12-28 09:28:40.858117,169.15,642.77
510,510.0,510.0,510.0,510.0,3.81,1,JordanManual,CCCAGG,3.81,3.8,3.8,SUMO,1514450340,2017-12-28 09:28:40.858117,76.59,291.64
511,511.0,511.0,511.0,511.0,3.81,1,JordanManual,CCCAGG,3.81,3.81,3.81,SUMO,1514450520,2017-12-28 09:28:40.858117,3.5,13.34
512,512.0,512.0,512.0,512.0,3.8,1,JordanManual,CCCAGG,3.81,3.8,3.81,SUMO,1514450700,2017-12-28 09:28:40.858117,696.67,2649.38
513,513.0,513.0,513.0,513.0,3.8,1,JordanManual,CCCAGG,3.8,3.8,3.8,SUMO,1514450880,2017-12-28 09:28:40.858117,639.4,2429.71
514,514.0,514.0,514.0,514.0,3.8,1,JordanManual,CCCAGG,3.8,3.8,3.8,SUMO,1514451060,2017-12-28 09:28:40.858117,59.02,224.27
515,515.0,515.0,515.0,515.0,3.83,1,JordanManual,CCCAGG,3.83,3.81,3.81,SUMO,1514451240,2017-12-28 09:28:40.858117,1181.46,4521.76
516,516.0,516.0,516.0,516.0,3.84,1,JordanManual,CCCAGG,3.84,3.83,3.83,SUMO,1514451420,2017-12-28 09:28:40.858117,0.0,0.0
517,517.0,517.0,517.0,517.0,3.84,1,JordanManual,CCCAGG,3.84,3.84,3.84,SUMO,1514451600,2017-12-28 09:28:40.858117,275.0,1056.0
518,518.0,518.0,518.0,518.0,3.83,1,JordanManual,CCCAGG,3.83,3.83,3.83,SUMO,1514451780,2017-12-28 09:28:40.858117,2.71,10.38
519,519.0,519.0,519.0,519.0,3.84,1,JordanManual,CCCAGG,3.84,3.83,3.83,SUMO,1514451960,2017-12-28 09:28:40.858117,35.62,136.48
520,520.0,520.0,520.0,520.0,3.84,1,JordanManual,CCCAGG,3.84,3.84,3.84,SUMO,1514452140,2017-12-28 09:28:40.858117,74.05,284.35
521,521.0,521.0,521.0,521.0,3.83,1,JordanManual,CCCAGG,3.84,3.83,3.84,SUMO,1514452320,2017-12-28 09:28:40.858117,562.1,2152.84
522,522.0,522.0,522.0,522.0,3.84,1,JordanManual,CCCAGG,3.84,3.83,3.83,SUMO,1514452500,2017-12-28 09:28:40.858117,1500.71,5762.73
523,523.0,523.0,523.0,523.0,3.85,1,JordanManual,CCCAGG,3.85,3.84,3.84,SUMO,1514452680,2017-12-28 09:28:40.858117,469.15,1801.54
524,524.0,524.0,524.0,524.0,3.84,1,JordanManual,CCCAGG,3.85,3.84,3.85,SUMO,1514452860,2017-12-28 09:28:40.858117,6.88,26.49
525,525.0,525.0,525.0,525.0,3.85,1,JordanManual,CCCAGG,3.85,3.85,3.85,SUMO,1514453040,2017-12-28 09:28:40.858117,45.11,173.67
526,526.0,526.0,526.0,526.0,3.87,1,JordanManual,CCCAGG,3.87,3.86,3.86,SUMO,1514453220,2017-12-28 09:28:40.858117,197.39,763.9
527,527.0,527.0,527.0,527.0,3.89,1,JordanManual,CCCAGG,3.89,3.88,3.88,SUMO,1514453400,2017-12-28 09:28:40.858117,119.38,463.19
528,528.0,528.0,528.0,528.0,3.9,1,JordanManual,CCCAGG,3.9,3.89,3.89,SUMO,1514453580,2017-12-28 09:28:40.858117,248.82,967.91
529,529.0,529.0,529.0,529.0,3.89,1,JordanManual,CCCAGG,3.9,3.89,3.89,SUMO,1514453760,2017-12-28 09:28:40.858117,500.0,1948.78
530,530.0,530.0,530.0,530.0,3.89,1,JordanManual,CCCAGG,3.89,3.89,3.89,SUMO,1514453940,2017-12-28 09:28:40.858117,0.0,0.0
531,531.0,531.0,531.0,531.0,3.9,1,JordanManual,CCCAGG,3.9,3.9,3.9,SUMO,1514454120,2017-12-28 09:28:40.858117,20.0,78.0
532,532.0,532.0,532.0,532.0,3.88,1,JordanManual,CCCAGG,3.89,3.88,3.89,SUMO,1514454300,2017-12-28 09:28:40.858117,623.13,2417.74
533,533.0,533.0,533.0,533.0,3.89,1,JordanManual,CCCAGG,3.89,3.88,3.88,SUMO,1514454480,2017-12-28 09:28:40.858117,476.87,1852.39
534,534.0,534.0,534.0,534.0,3.9,1,JordanManual,CCCAGG,3.9,3.89,3.89,SUMO,1514454660,2017-12-28 09:28:40.858117,70.83,275.52
535,535.0,535.0,535.0,535.0,3.88,1,JordanManual,CCCAGG,3.9,3.88,3.9,SUMO,1514454840,2017-12-28 09:28:40.858117,35.43,138.14
536,536.0,536.0,536.0,536.0,3.85,1,JordanManual,CCCAGG,3.87,3.85,3.87,SUMO,1514455020,2017-12-28 09:28:40.858117,0.0,0.0
537,537.0,537.0,537.0,537.0,3.85,1,JordanManual,CCCAGG,3.86,3.85,3.86,SUMO,1514455200,2017-12-28 09:28:40.858117,26.0,100.1
538,538.0,538.0,538.0,538.0,3.86,1,JordanManual,CCCAGG,3.86,3.86,3.86,SUMO,1514455380,2017-12-28 09:28:40.858117,37.76,145.75
539,539.0,539.0,539.0,539.0,3.87,1,JordanManual,CCCAGG,3.87,3.86,3.86,SUMO,1514455560,2017-12-28 09:28:40.858117,27.2,105.01
540,540.0,540.0,540.0,540.0,3.87,1,JordanManual,CCCAGG,3.87,3.87,3.87,SUMO,1514455740,2017-12-28 09:28:40.858117,78.1,302.25
541,541.0,541.0,541.0,541.0,3.86,1,JordanManual,CCCAGG,3.87,3.86,3.87,SUMO,1514455920,2017-12-28 09:28:40.858117,17.53,67.79
542,542.0,542.0,542.0,542.0,3.85,1,JordanManual,CCCAGG,3.86,3.85,3.86,SUMO,1514456100,2017-12-28 09:28:40.858117,58.09,223.98
543,543.0,543.0,543.0,543.0,3.85,1,JordanManual,CCCAGG,3.85,3.84,3.85,SUMO,1514456280,2017-12-28 09:28:40.858117,22.08,84.79
544,544.0,544.0,544.0,544.0,3.84,1,JordanManual,CCCAGG,3.84,3.84,3.84,SUMO,1514456460,2017-12-28 09:28:40.858117,1137.84,4369.3
545,545.0,545.0,545.0,545.0,3.85,1,JordanManual,CCCAGG,3.85,3.84,3.84,SUMO,1514456640,2017-12-28 09:28:40.858117,26.58,102.33
546,546.0,546.0,546.0,546.0,3.84,1,JordanManual,CCCAGG,3.85,3.84,3.85,SUMO,1514456820,2017-12-28 09:28:40.858117,337.87,1297.47
547,547.0,547.0,547.0,547.0,3.83,1,JordanManual,CCCAGG,3.84,3.83,3.84,SUMO,1514457000,2017-12-28 09:28:40.858117,1902.52,7286.86
548,548.0,548.0,548.0,548.0,4.22,1,JordanManual,CCCAGG,4.25,4.22,4.25,SUMO,1514457180,2017-12-28 09:28:40.858117,37.75,160.29
549,549.0,549.0,549.0,549.0,4.2,1,JordanManual,CCCAGG,4.22,4.2,4.22,SUMO,1514457360,2017-12-28 09:28:40.858117,23.47,98.64
550,550.0,550.0,550.0,550.0,4.2,1,JordanManual,CCCAGG,4.2,4.19,4.19,SUMO,1514457540,2017-12-28 09:28:40.858117,197.55,827.73
551,551.0,551.0,551.0,551.0,4.19,1,JordanManual,CCCAGG,4.2,4.19,4.2,SUMO,1514457720,2017-12-28 09:28:40.858117,14.09,59.08
552,552.0,552.0,552.0,552.0,4.2,1,JordanManual,CCCAGG,4.2,4.19,4.19,SUMO,1514457900,2017-12-28 09:28:40.858117,0.0,0.0
553,553.0,553.0,553.0,553.0,4.2,1,JordanManual,CCCAGG,4.2,4.2,4.2,SUMO,1514458080,2017-12-28 09:28:40.858117,27.11,113.86
554,554.0,554.0,554.0,554.0,4.16,1,JordanManual,CCCAGG,4.2,4.16,4.2,SUMO,1514458260,2017-12-28 09:28:40.858117,189.17,789.78
555,555.0,555.0,555.0,555.0,4.11,1,JordanManual,CCCAGG,4.14,4.11,4.14,SUMO,1514458440,2017-12-28 09:28:40.858117,1628.9,6717.63
556,556.0,556.0,556.0,556.0,4.06,1,JordanManual,CCCAGG,4.09,4.06,4.09,SUMO,1514458620,2017-12-28 09:28:40.858117,4139.83,16901.06
557,557.0,557.0,557.0,557.0,4.09,1,JordanManual,CCCAGG,4.1,4.07,4.07,SUMO,1514458800,2017-12-28 09:28:40.858117,28.39,116.12
558,558.0,558.0,558.0,558.0,3.95,1,JordanManual,CCCAGG,3.95,3.93,3.94,SUMO,1514458980,2017-12-28 09:28:40.858117,4.23,16.67
559,559.0,559.0,559.0,559.0,3.95,1,JordanManual,CCCAGG,3.97,3.95,3.97,SUMO,1514459160,2017-12-28 09:28:40.858117,18.6,73.47
560,560.0,560.0,560.0,560.0,3.95,1,JordanManual,CCCAGG,3.96,3.95,3.96,SUMO,1514459340,2017-12-28 09:28:40.858117,0.0,0.0
561,561.0,561.0,561.0,561.0,3.97,1,JordanManual,CCCAGG,3.98,3.96,3.96,SUMO,1514459520,2017-12-28 09:28:40.858117,2514.0,10005.72
562,562.0,562.0,562.0,562.0,3.96,1,JordanManual,CCCAGG,3.96,3.95,3.95,SUMO,1514459700,2017-12-28 09:28:40.858117,186.33,736.97
563,563.0,563.0,563.0,563.0,3.96,1,JordanManual,CCCAGG,3.97,3.96,3.97,SUMO,1514459880,2017-12-28 09:28:40.858117,2.11,8.38
564,564.0,564.0,564.0,564.0,3.97,1,JordanManual,CCCAGG,3.97,3.97,3.97,SUMO,1514460060,2017-12-28 09:28:40.858117,275.4,1093.33
565,565.0,565.0,565.0,565.0,3.98,1,JordanManual,CCCAGG,4.0,3.98,3.99,SUMO,1514460240,2017-12-28 09:28:40.858117,94.12,375.59
566,566.0,566.0,566.0,566.0,3.99,1,JordanManual,CCCAGG,4.0,3.99,3.99,SUMO,1514460420,2017-12-28 09:28:40.858117,85.8,343.0
567,567.0,567.0,567.0,567.0,3.99,1,JordanManual,CCCAGG,4.0,3.99,4.0,SUMO,1514460600,2017-12-28 09:28:40.858117,81.45,324.99
568,568.0,568.0,568.0,568.0,3.97,1,JordanManual,CCCAGG,4.11,3.96,4.11,SUMO,1514460780,2017-12-28 09:28:40.858117,13.08,52.01
569,569.0,569.0,569.0,569.0,3.95,1,JordanManual,CCCAGG,3.96,3.95,3.96,SUMO,1514460960,2017-12-28 09:28:40.858117,1.7,6.72
570,570.0,570.0,570.0,570.0,3.99,1,JordanManual,CCCAGG,3.99,3.96,3.96,SUMO,1514461140,2017-12-28 09:28:40.858117,0.0,0.0
571,571.0,571.0,571.0,571.0,4.0,1,JordanManual,CCCAGG,4.0,3.99,3.99,SUMO,1514461320,2017-12-28 09:28:40.858117,4434.25,17737.0
572,572.0,572.0,572.0,572.0,4.0,1,JordanManual,CCCAGG,4.0,4.0,4.0,SUMO,1514461500,2017-12-28 09:28:40.858117,355.68,1422.72
573,573.0,573.0,573.0,573.0,4.34,1,JordanManual,CCCAGG,4.41,4.33,4.41,SUMO,1514461680,2017-12-28 09:28:40.858117,123.56,536.15
574,574.0,574.0,574.0,574.0,4.35,1,JordanManual,CCCAGG,4.35,4.34,4.34,SUMO,1514461860,2017-12-28 09:28:40.858117,1811.49,7876.64
575,575.0,575.0,575.0,575.0,4.38,1,JordanManual,CCCAGG,4.38,4.35,4.35,SUMO,1514462040,2017-12-28 09:28:40.858117,135.92,593.76
576,576.0,576.0,576.0,576.0,4.37,1,JordanManual,CCCAGG,4.37,4.37,4.37,SUMO,1514462220,2017-12-28 09:28:40.858117,537.32,2348.09
577,577.0,577.0,577.0,577.0,4.36,1,JordanManual,CCCAGG,4.38,4.36,4.38,SUMO,1514462400,2017-12-28 09:28:40.858117,1674.13,7324.15
578,578.0,578.0,578.0,578.0,4.85,1,JordanManual,CCCAGG,4.85,4.83,4.84,SUMO,1514462580,2017-12-28 09:28:40.858117,185.04,895.66
579,579.0,579.0,579.0,579.0,4.84,1,JordanManual,CCCAGG,4.84,4.84,4.84,SUMO,1514462760,2017-12-28 09:28:40.858117,25.56,123.71
580,580.0,580.0,580.0,580.0,4.85,1,JordanManual,CCCAGG,4.85,4.84,4.85,SUMO,1514462940,2017-12-28 09:28:40.858117,622.28,3015.68
581,581.0,581.0,581.0,581.0,4.85,1,JordanManual,CCCAGG,4.85,4.85,4.85,SUMO,1514463120,2017-12-28 09:28:40.858117,32.05,155.44
582,582.0,582.0,582.0,582.0,4.82,1,JordanManual,CCCAGG,4.85,4.82,4.85,SUMO,1514463300,2017-12-28 09:28:40.858117,17.53,84.85
583,583.0,583.0,583.0,583.0,4.81,1,JordanManual,CCCAGG,4.82,4.81,4.82,SUMO,1514463480,2017-12-28 09:28:40.858117,25.33,121.84
584,584.0,584.0,584.0,584.0,4.82,1,JordanManual,CCCAGG,4.82,4.82,4.82,SUMO,1514463660,2017-12-28 09:28:40.858117,222.05,1070.28
585,585.0,585.0,585.0,585.0,4.83,1,JordanManual,CCCAGG,4.83,4.82,4.82,SUMO,1514463840,2017-12-28 09:28:40.858117,1078.0,5205.89
586,586.0,586.0,586.0,586.0,4.84,1,JordanManual,CCCAGG,4.84,4.83,4.83,SUMO,1514464020,2017-12-28 09:28:40.858117,94.84,458.24
587,587.0,587.0,587.0,587.0,4.84,1,JordanManual,CCCAGG,4.85,4.84,4.85,SUMO,1514464200,2017-12-28 09:28:40.858117,390.32,1892.75
588,588.0,588.0,588.0,588.0,4.83,1,JordanManual,CCCAGG,4.83,4.82,4.83,SUMO,1514464380,2017-12-28 09:28:40.858117,1156.03,5581.23
589,589.0,589.0,589.0,589.0,4.84,1,JordanManual,CCCAGG,4.84,4.84,4.84,SUMO,1514464560,2017-12-28 09:28:40.858117,226.87,1098.05
590,590.0,590.0,590.0,590.0,4.84,1,JordanManual,CCCAGG,4.84,4.84,4.84,SUMO,1514464740,2017-12-28 09:28:40.858117,350.17,1694.82
591,591.0,591.0,591.0,591.0,4.84,1,JordanManual,CCCAGG,4.84,4.84,4.84,SUMO,1514464920,2017-12-28 09:28:40.858117,231.54,1120.66
592,592.0,592.0,592.0,592.0,4.93,1,JordanManual,CCCAGG,4.93,4.84,4.84,SUMO,1514465100,2017-12-28 09:28:40.858117,3156.78,15479.93
593,593.0,593.0,593.0,593.0,4.93,1,JordanManual,CCCAGG,4.93,4.93,4.93,SUMO,1514465280,2017-12-28 09:28:40.858117,549.83,2710.66
594,594.0,594.0,594.0,594.0,4.93,1,JordanManual,CCCAGG,4.93,4.93,4.93,SUMO,1514465460,2017-12-28 09:28:40.858117,774.63,3818.92
595,595.0,595.0,595.0,595.0,4.93,1,JordanManual,CCCAGG,4.93,4.93,4.93,SUMO,1514465640,2017-12-28 09:28:40.858117,390.56,1925.46
596,596.0,596.0,596.0,596.0,4.92,1,JordanManual,CCCAGG,4.92,4.9,4.91,SUMO,1514465820,2017-12-28 09:28:40.858117,1286.63,6320.09
597,597.0,597.0,597.0,597.0,4.92,1,JordanManual,CCCAGG,4.92,4.91,4.91,SUMO,1514466000,2017-12-28 09:28:40.858117,166.87,820.77
598,598.0,598.0,598.0,598.0,4.93,1,JordanManual,CCCAGG,4.94,4.93,4.93,SUMO,1514466180,2017-12-28 09:28:40.858117,18.58,91.63
599,599.0,599.0,599.0,599.0,4.93,1,JordanManual,CCCAGG,4.93,4.92,4.93,SUMO,1514466360,2017-12-28 09:28:40.858117,121.11,596.47
600,600.0,600.0,600.0,600.0,4.93,1,JordanManual,CCCAGG,4.93,4.92,4.92,SUMO,1514466540,2017-12-28 09:28:40.858117,195.0,959.4
601,601.0,601.0,601.0,601.0,4.93,1,JordanManual,CCCAGG,4.93,4.93,4.93,SUMO,1514466720,2017-12-28 09:28:40.858117,6.08,29.97
602,602.0,602.0,602.0,602.0,4.95,1,JordanManual,CCCAGG,4.95,4.94,4.94,SUMO,1514466900,2017-12-28 09:28:40.858117,62.8,310.76
603,603.0,603.0,603.0,603.0,4.85,1,JordanManual,CCCAGG,4.89,4.83,4.89,SUMO,1514467080,2017-12-28 09:28:40.858117,192.43,930.07
604,604.0,604.0,604.0,604.0,4.85,1,JordanManual,CCCAGG,4.85,4.84,4.84,SUMO,1514467260,2017-12-28 09:28:40.858117,47.87,232.05
605,605.0,605.0,605.0,605.0,4.83,1,JordanManual,CCCAGG,4.85,4.83,4.85,SUMO,1514467440,2017-12-28 09:28:40.858117,397.75,1922.82
606,606.0,606.0,606.0,606.0,4.83,1,JordanManual,CCCAGG,4.83,4.83,4.83,SUMO,1514467620,2017-12-28 09:28:40.858117,2538.96,12263.18
607,607.0,607.0,607.0,607.0,4.83,1,JordanManual,CCCAGG,4.83,4.83,4.83,SUMO,1514467800,2017-12-28 09:28:40.858117,455.14,2198.33
608,608.0,608.0,608.0,608.0,4.8,1,JordanManual,CCCAGG,4.82,4.8,4.82,SUMO,1514467980,2017-12-28 09:28:40.858117,1631.96,7834.75
609,609.0,609.0,609.0,609.0,4.8,1,JordanManual,CCCAGG,4.8,4.78,4.78,SUMO,1514468160,2017-12-28 09:28:40.858117,617.96,2965.21
610,610.0,610.0,610.0,610.0,4.82,1,JordanManual,CCCAGG,4.82,4.81,4.81,SUMO,1514468340,2017-12-28 09:28:40.858117,667.53,3217.19
611,611.0,611.0,611.0,611.0,4.82,1,JordanManual,CCCAGG,4.82,4.82,4.82,SUMO,1514468520,2017-12-28 09:28:40.858117,23.9,115.2
612,612.0,612.0,612.0,612.0,4.82,1,JordanManual,CCCAGG,4.82,4.81,4.81,SUMO,1514468700,2017-12-28 09:28:40.858117,536.4,2580.88
613,613.0,613.0,613.0,613.0,5.03,1,JordanManual,CCCAGG,5.03,5.03,5.03,SUMO,1514468880,2017-12-28 09:28:40.858117,3385.87,17030.92
614,614.0,614.0,614.0,614.0,5.02,1,JordanManual,CCCAGG,5.02,5.02,5.02,SUMO,1514469060,2017-12-28 09:28:40.858117,837.41,4203.8
615,615.0,615.0,615.0,615.0,5.01,1,JordanManual,CCCAGG,5.02,5.01,5.02,SUMO,1514469240,2017-12-28 09:28:40.858117,189.55,950.33
616,616.0,616.0,616.0,616.0,5.03,1,JordanManual,CCCAGG,5.03,5.02,5.02,SUMO,1514469420,2017-12-28 09:28:40.858117,522.88,2624.9
617,617.0,617.0,617.0,617.0,5.02,1,JordanManual,CCCAGG,5.02,5.02,5.02,SUMO,1514469600,2017-12-28 09:28:40.858117,358.79,1801.12
618,618.0,618.0,618.0,618.0,5.03,1,JordanManual,CCCAGG,5.06,5.03,5.06,SUMO,1514469780,2017-12-28 09:28:40.858117,78.05,392.63
619,619.0,619.0,619.0,619.0,5.0,1,JordanManual,CCCAGG,5.03,5.0,5.03,SUMO,1514469960,2017-12-28 09:28:40.858117,0.0,0.0
620,620.0,620.0,620.0,620.0,4.97,1,JordanManual,CCCAGG,4.98,4.97,4.97,SUMO,1514470140,2017-12-28 09:28:40.858117,45.24,224.96
621,621.0,621.0,621.0,621.0,4.98,1,JordanManual,CCCAGG,4.99,4.98,4.98,SUMO,1514470320,2017-12-28 09:28:40.858117,31.37,156.49
622,622.0,622.0,622.0,622.0,5.0,1,JordanManual,CCCAGG,5.0,4.98,4.98,SUMO,1514470500,2017-12-28 09:28:40.858117,2.36,11.8
623,623.0,623.0,623.0,623.0,5.03,1,JordanManual,CCCAGG,5.03,5.01,5.01,SUMO,1514470680,2017-12-28 09:28:40.858117,476.96,2390.96
624,624.0,624.0,624.0,624.0,5.04,1,JordanManual,CCCAGG,5.04,5.03,5.03,SUMO,1514470860,2017-12-28 09:28:40.858117,48.57,244.35
625,625.0,625.0,625.0,625.0,5.06,1,JordanManual,CCCAGG,5.06,5.04,5.04,SUMO,1514471040,2017-12-28 09:28:40.858117,246.94,1248.58
626,626.0,626.0,626.0,626.0,5.08,1,JordanManual,CCCAGG,5.08,5.05,5.05,SUMO,1514471220,2017-12-28 09:28:40.858117,207.76,1050.95
627,627.0,627.0,627.0,627.0,5.06,1,JordanManual,CCCAGG,5.08,5.06,5.08,SUMO,1514471400,2017-12-28 09:28:40.858117,75.38,382.11
628,628.0,628.0,628.0,628.0,5.08,1,JordanManual,CCCAGG,5.08,5.06,5.06,SUMO,1514471580,2017-12-28 09:28:40.858117,208.0,1054.61
629,629.0,629.0,629.0,629.0,5.06,1,JordanManual,CCCAGG,5.08,5.06,5.08,SUMO,1514471760,2017-12-28 09:28:40.858117,162.49,822.44
630,630.0,630.0,630.0,630.0,5.06,1,JordanManual,CCCAGG,5.06,5.05,5.05,SUMO,1514471940,2017-12-28 09:28:40.858117,1884.86,9537.04
631,631.0,631.0,631.0,631.0,5.05,1,JordanManual,CCCAGG,5.06,5.05,5.06,SUMO,1514472120,2017-12-28 09:28:40.858117,25.11,126.86
632,632.0,632.0,632.0,632.0,5.04,1,JordanManual,CCCAGG,5.04,5.04,5.04,SUMO,1514472300,2017-12-28 09:28:40.858117,350.57,1766.88
633,633.0,633.0,633.0,633.0,5.1,1,JordanManual,CCCAGG,5.1,5.07,5.07,SUMO,1514472480,2017-12-28 09:28:40.858117,1401.95,7111.16
634,634.0,634.0,634.0,634.0,5.13,1,JordanManual,CCCAGG,5.13,5.12,5.12,SUMO,1514472660,2017-12-28 09:28:40.858117,232.65,1192.96
635,635.0,635.0,635.0,635.0,5.14,1,JordanManual,CCCAGG,5.14,5.13,5.13,SUMO,1514472840,2017-12-28 09:28:40.858117,602.9,3094.13
636,636.0,636.0,636.0,636.0,5.13,1,JordanManual,CCCAGG,5.14,5.13,5.14,SUMO,1514473020,2017-12-28 09:28:40.858117,68.88,353.35
637,637.0,637.0,637.0,637.0,5.17,1,JordanManual,CCCAGG,5.17,5.14,5.14,SUMO,1514473200,2017-12-28 09:28:40.858117,120.24,618.12
638,638.0,638.0,638.0,638.0,5.18,1,JordanManual,CCCAGG,5.19,5.17,5.18,SUMO,1514473380,2017-12-28 09:28:40.858117,350.07,1816.5
639,639.0,639.0,639.0,639.0,5.21,1,JordanManual,CCCAGG,5.21,5.19,5.19,SUMO,1514473560,2017-12-28 09:28:40.858117,672.18,3495.76
640,640.0,640.0,640.0,640.0,5.21,1,JordanManual,CCCAGG,5.21,5.2,5.2,SUMO,1514473740,2017-12-28 09:28:40.858117,15.92,82.81
641,641.0,641.0,641.0,641.0,5.17,1,JordanManual,CCCAGG,5.21,5.17,5.21,SUMO,1514473920,2017-12-28 09:28:40.858117,52.33,272.19
642,642.0,642.0,642.0,642.0,5.17,1,JordanManual,CCCAGG,5.18,5.16,5.16,SUMO,1514474100,2017-12-28 09:28:40.858117,400.0,2066.0
643,643.0,643.0,643.0,643.0,5.1,1,JordanManual,CCCAGG,5.11,5.04,5.04,SUMO,1514474280,2017-12-28 09:28:40.858117,649.04,3314.18
644,644.0,644.0,644.0,644.0,5.09,1,JordanManual,CCCAGG,5.09,5.08,5.08,SUMO,1514474460,2017-12-28 09:28:40.858117,45.48,231.49
645,645.0,645.0,645.0,645.0,5.09,1,JordanManual,CCCAGG,5.09,5.08,5.09,SUMO,1514474640,2017-12-28 09:28:40.858117,295.37,1503.28
646,646.0,646.0,646.0,646.0,5.1,1,JordanManual,CCCAGG,5.11,5.1,5.1,SUMO,1514474820,2017-12-28 09:28:40.858117,1256.53,6410.69
647,647.0,647.0,647.0,647.0,5.08,1,JordanManual,CCCAGG,5.09,5.08,5.09,SUMO,1514475000,2017-12-28 09:28:40.858117,0.0,0.0
648,648.0,648.0,648.0,648.0,5.1,1,JordanManual,CCCAGG,5.14,5.1,5.14,SUMO,1514475180,2017-12-28 09:28:40.858117,278.44,1425.46
649,649.0,649.0,649.0,649.0,5.1,1,JordanManual,CCCAGG,5.1,5.1,5.1,SUMO,1514475360,2017-12-28 09:28:40.858117,54.62,278.55
650,650.0,650.0,650.0,650.0,5.12,1,JordanManual,CCCAGG,5.12,5.1,5.1,SUMO,1514475540,2017-12-28 09:28:40.858117,105.96,542.4
651,651.0,651.0,651.0,651.0,5.12,1,JordanManual,CCCAGG,5.12,5.11,5.11,SUMO,1514475720,2017-12-28 09:28:40.858117,145.1,742.47
652,652.0,652.0,652.0,652.0,5.13,1,JordanManual,CCCAGG,5.13,5.13,5.13,SUMO,1514475900,2017-12-28 09:28:40.858117,2139.94,10977.89
653,653.0,653.0,653.0,653.0,4.86,1,JordanManual,CCCAGG,4.87,4.7,4.87,SUMO,1514476080,2017-12-28 09:28:40.858117,542.35,2641.24
654,654.0,654.0,654.0,654.0,4.86,1,JordanManual,CCCAGG,4.86,4.85,4.85,SUMO,1514476260,2017-12-28 09:28:40.858117,14.5,70.42
655,655.0,655.0,655.0,655.0,4.86,1,JordanManual,CCCAGG,4.86,4.86,4.86,SUMO,1514476440,2017-12-28 09:28:40.858117,822.88,3999.2
656,656.0,656.0,656.0,656.0,4.83,1,JordanManual,CCCAGG,4.85,4.83,4.85,SUMO,1514476620,2017-12-28 09:28:40.858117,644.11,3116.12
657,657.0,657.0,657.0,657.0,4.83,1,JordanManual,CCCAGG,4.84,4.83,4.83,SUMO,1514476800,2017-12-28 09:28:40.858117,88.16,426.67
658,658.0,658.0,658.0,658.0,4.81,1,JordanManual,CCCAGG,4.83,4.81,4.83,SUMO,1514476980,2017-12-28 09:28:40.858117,41.91,201.95
659,659.0,659.0,659.0,659.0,4.82,1,JordanManual,CCCAGG,4.82,4.81,4.81,SUMO,1514477160,2017-12-28 09:28:40.858117,15.0,72.3
660,660.0,660.0,660.0,660.0,4.81,1,JordanManual,CCCAGG,4.82,4.81,4.82,SUMO,1514477340,2017-12-28 09:28:40.858117,95.0,457.9
661,661.0,661.0,661.0,661.0,4.81,1,JordanManual,CCCAGG,4.81,4.79,4.79,SUMO,1514477520,2017-12-28 09:28:40.858117,854.22,4098.27
662,662.0,662.0,662.0,662.0,4.8,1,JordanManual,CCCAGG,4.81,4.8,4.81,SUMO,1514477700,2017-12-28 09:28:40.858117,1115.95,5357.92
663,663.0,663.0,663.0,663.0,4.54,1,JordanManual,CCCAGG,4.54,4.52,4.52,SUMO,1514477880,2017-12-28 09:28:40.858117,2.56,11.57
664,664.0,664.0,664.0,664.0,4.56,1,JordanManual,CCCAGG,4.56,4.54,4.54,SUMO,1514478060,2017-12-28 09:28:40.858117,0.0,0.0
665,665.0,665.0,665.0,665.0,4.57,1,JordanManual,CCCAGG,4.57,4.56,4.56,SUMO,1514478240,2017-12-28 09:28:40.858117,0.0,0.0
666,666.0,666.0,666.0,666.0,4.56,1,JordanManual,CCCAGG,4.56,4.56,4.56,SUMO,1514478420,2017-12-28 09:28:40.858117,0.0,0.0
667,667.0,667.0,667.0,,4.57,1,JordanManual,CCCAGG,4.57,4.57,4.57,SUMO,1514478600,2017-12-28 09:49:47.872710,10.0,45.7
668,668.0,668.0,668.0,,4.67,1,JordanManual,CCCAGG,4.8,4.67,4.8,SUMO,1514478780,2017-12-28 09:49:47.872710,27.38,127.86
669,669.0,669.0,669.0,,4.68,1,JordanManual,CCCAGG,4.68,4.67,4.67,SUMO,1514478960,2017-12-28 09:49:47.872710,581.16,2719.83
670,670.0,670.0,670.0,,4.69,1,JordanManual,CCCAGG,4.69,4.68,4.68,SUMO,1514479140,2017-12-28 09:49:47.872710,43.52,204.01
671,671.0,671.0,671.0,,4.67,1,JordanManual,CCCAGG,4.68,4.67,4.68,SUMO,1514479320,2017-12-28 09:49:47.872710,228.94,1070.29
672,672.0,672.0,672.0,,4.65,1,JordanManual,CCCAGG,4.66,4.65,4.65,SUMO,1514479500,2017-12-28 09:49:47.872710,122.17,568.32
673,673.0,673.0,673.0,,4.84,1,JordanManual,CCCAGG,4.96,4.84,4.96,SUMO,1514479680,2017-12-28 09:49:47.872710,422.47,2044.75
674,674.0,674.0,,,4.79,1,JordanManual,CCCAGG,4.83,4.79,4.83,SUMO,1514479860,2017-12-28 10:01:17.437135,0.0,0.0
675,675.0,675.0,,,4.77,1,JordanManual,CCCAGG,4.78,4.77,4.78,SUMO,1514480040,2017-12-28 10:01:17.437135,0.0,0.0
676,676.0,676.0,,,4.75,1,JordanManual,CCCAGG,4.75,4.74,4.74,SUMO,1514480220,2017-12-28 10:01:17.437135,0.0,0.0
677,677.0,677.0,,,4.76,1,JordanManual,CCCAGG,4.76,4.76,4.76,SUMO,1514480400,2017-12-28 10:01:17.437135,0.0,0.0
678,678.0,,,,4.77,1,JordanManual,CCCAGG,4.77,4.77,4.77,SUMO,1514480580,2017-12-28 10:33:42.618771,8.6,41.02
679,679.0,,,,4.78,1,JordanManual,CCCAGG,4.79,4.78,4.78,SUMO,1514480760,2017-12-28 10:33:42.618771,109.87,525.18
680,680.0,,,,4.77,1,JordanManual,CCCAGG,4.79,4.77,4.79,SUMO,1514480940,2017-12-28 10:33:42.618771,68.8407,329.29
681,681.0,,,,4.78,1,JordanManual,CCCAGG,4.78,4.77,4.77,SUMO,1514481120,2017-12-28 10:33:42.618771,64.9,310.21
682,682.0,,,,4.78,1,JordanManual,CCCAGG,4.78,4.78,4.78,SUMO,1514481300,2017-12-28 10:33:42.618771,211.83,1012.55
683,683.0,,,,4.73,1,JordanManual,CCCAGG,4.77,4.73,4.77,SUMO,1514481480,2017-12-28 10:33:42.618771,76.02,362.62
684,684.0,,,,4.72,1,JordanManual,CCCAGG,4.74,4.72,4.72,SUMO,1514481660,2017-12-28 10:33:42.618771,0.0,0.0
685,685.0,,,,4.73,1,JordanManual,CCCAGG,4.73,4.71,4.71,SUMO,1514481840,2017-12-28 10:33:42.618771,0.0,0.0
686,686.0,,,,4.72,1,JordanManual,CCCAGG,4.74,4.72,4.74,SUMO,1514482020,2017-12-28 10:33:42.618771,0.0,0.0
687,687.0,,,,4.72,1,JordanManual,CCCAGG,4.72,4.72,4.72,SUMO,1514482200,2017-12-28 10:33:42.618771,0.0,0.0
688,688.0,,,,4.59,1,JordanManual,CCCAGG,4.73,4.73,4.73,SUMO,1514482380,2017-12-28 10:33:42.618771,0.0,0.0
689,,,,,4.75,1,JordanManual,CCCAGG,4.75,4.73,4.73,SUMO,1514482560,2017-12-28 10:52:08.628480,151.45,718.82
690,,,,,4.78,1,JordanManual,CCCAGG,4.78,4.77,4.77,SUMO,1514482740,2017-12-28 10:52:08.628480,10.77,51.37
691,,,,,4.78,1,JordanManual,CCCAGG,4.78,4.78,4.78,SUMO,1514482920,2017-12-28 10:52:08.628480,355.28,1698.24
692,,,,,4.76,1,JordanManual,CCCAGG,4.77,4.76,4.77,SUMO,1514483100,2017-12-28 10:52:08.628480,431.93,2056.36
693,,,,,4.78,1,JordanManual,CCCAGG,4.78,4.76,4.76,SUMO,1514483280,2017-12-28 10:52:08.628480,0.0,0.0
694,,,,,4.78,1,JordanManual,CCCAGG,4.78,4.78,4.78,SUMO,1514483460,2017-12-28 10:52:08.628480,0.0,0.0
