Id,Id,Id.1,Id.1.1,Id.1.1.1,Id.1.1.1.1,close,coin_units,computer_name,exchange,high,low,open,symbol,time,timestamp_api_call,volumefrom,volumeto
0,0.0,0.0,0.0,0.0,0.0,0.2617,1,JordanManual,CCCAGG,0.2617,0.2508,0.2508,XBY,1514357460,2017-12-28 09:09:32.855879,4988.01,1299.97
1,1.0,1.0,1.0,1.0,1.0,0.2619,1,JordanManual,CCCAGG,0.2619,0.2613,0.2616,XBY,1514357640,2017-12-28 09:09:32.855879,7426.78,1943.75
2,2.0,2.0,2.0,2.0,2.0,0.2618,1,JordanManual,CCCAGG,0.2618,0.2616,0.2617,XBY,1514357820,2017-12-28 09:09:32.855879,69631.55,18229.37
3,3.0,3.0,3.0,3.0,3.0,0.2525,1,JordanManual,CCCAGG,0.2617,0.2519,0.2617,XBY,1514358000,2017-12-28 09:09:32.855879,44313.92,11581.28
4,4.0,4.0,4.0,4.0,4.0,0.2525,1,JordanManual,CCCAGG,0.2526,0.2525,0.2525,XBY,1514358180,2017-12-28 09:09:32.855879,27606.5,6971.01
5,5.0,5.0,5.0,5.0,5.0,0.2526,1,JordanManual,CCCAGG,0.2527,0.2526,0.2527,XBY,1514358360,2017-12-28 09:09:32.855879,0.0,0.0
6,6.0,6.0,6.0,6.0,6.0,0.2526,1,JordanManual,CCCAGG,0.2527,0.2526,0.2527,XBY,1514358540,2017-12-28 09:09:32.855879,2805.46,708.94
7,7.0,7.0,7.0,7.0,7.0,0.2501,1,JordanManual,CCCAGG,0.252,0.2501,0.252,XBY,1514358720,2017-12-28 09:09:32.855879,1807.49,454.04
8,8.0,8.0,8.0,8.0,8.0,0.2578,1,JordanManual,CCCAGG,0.2586,0.2499,0.2499,XBY,1514358900,2017-12-28 09:09:32.855879,47511.74,12170.85
9,9.0,9.0,9.0,9.0,9.0,0.2578,1,JordanManual,CCCAGG,0.2591,0.2576,0.2579,XBY,1514359080,2017-12-28 09:09:32.855879,12931.14,3332.35
10,10.0,10.0,10.0,10.0,10.0,0.2591,1,JordanManual,CCCAGG,0.2591,0.2573,0.2579,XBY,1514359260,2017-12-28 09:09:32.855879,8373.24,2166.0
11,11.0,11.0,11.0,11.0,11.0,0.2593,1,JordanManual,CCCAGG,0.2593,0.2593,0.2593,XBY,1514359440,2017-12-28 09:09:32.855879,6956.78,1803.89
12,12.0,12.0,12.0,12.0,12.0,0.2579,1,JordanManual,CCCAGG,0.2592,0.2579,0.2592,XBY,1514359620,2017-12-28 09:09:32.855879,19765.17,5113.92
13,13.0,13.0,13.0,13.0,13.0,0.257,1,JordanManual,CCCAGG,0.2579,0.257,0.2579,XBY,1514359800,2017-12-28 09:09:32.855879,36085.15,9289.99
14,14.0,14.0,14.0,14.0,14.0,0.2566,1,JordanManual,CCCAGG,0.2567,0.256,0.2567,XBY,1514359980,2017-12-28 09:09:32.855879,11061.71,2838.85
15,15.0,15.0,15.0,15.0,15.0,0.2573,1,JordanManual,CCCAGG,0.2573,0.2569,0.2569,XBY,1514360160,2017-12-28 09:09:32.855879,9751.7,2509.11
16,16.0,16.0,16.0,16.0,16.0,0.2564,1,JordanManual,CCCAGG,0.257,0.2564,0.257,XBY,1514360340,2017-12-28 09:09:32.855879,6496.42,1667.63
17,17.0,17.0,17.0,17.0,17.0,0.2558,1,JordanManual,CCCAGG,0.2565,0.2558,0.2565,XBY,1514360520,2017-12-28 09:09:32.855879,13771.24,3528.49
18,18.0,18.0,18.0,18.0,18.0,0.2473,1,JordanManual,CCCAGG,0.2559,0.2467,0.2559,XBY,1514360700,2017-12-28 09:09:32.855879,23073.47,5744.47
19,19.0,19.0,19.0,19.0,19.0,0.2482,1,JordanManual,CCCAGG,0.2482,0.2477,0.2477,XBY,1514360880,2017-12-28 09:09:32.855879,4213.58,1045.19
20,20.0,20.0,20.0,20.0,20.0,0.2492,1,JordanManual,CCCAGG,0.2492,0.2482,0.2482,XBY,1514361060,2017-12-28 09:09:32.855879,9010.59,2236.43
21,21.0,21.0,21.0,21.0,21.0,0.2494,1,JordanManual,CCCAGG,0.2494,0.2493,0.2493,XBY,1514361240,2017-12-28 09:09:32.855879,310.0,77.28
22,22.0,22.0,22.0,22.0,22.0,0.2496,1,JordanManual,CCCAGG,0.2496,0.2494,0.2494,XBY,1514361420,2017-12-28 09:09:32.855879,1490.72,372.08
23,23.0,23.0,23.0,23.0,23.0,0.2472,1,JordanManual,CCCAGG,0.2499,0.2469,0.2499,XBY,1514361600,2017-12-28 09:09:32.855879,5114.65,1263.97
24,24.0,24.0,24.0,24.0,24.0,0.2461,1,JordanManual,CCCAGG,0.2473,0.2461,0.2473,XBY,1514361780,2017-12-28 09:09:32.855879,0.0,0.0
25,25.0,25.0,25.0,25.0,25.0,0.2462,1,JordanManual,CCCAGG,0.2463,0.2462,0.2463,XBY,1514361960,2017-12-28 09:09:32.855879,5524.8,1360.73
26,26.0,26.0,26.0,26.0,26.0,0.2458,1,JordanManual,CCCAGG,0.2464,0.2458,0.2464,XBY,1514362140,2017-12-28 09:09:32.855879,2873.36,707.83
27,27.0,27.0,27.0,27.0,27.0,0.2455,1,JordanManual,CCCAGG,0.2458,0.2455,0.2458,XBY,1514362320,2017-12-28 09:09:32.855879,0.0,0.0
28,28.0,28.0,28.0,28.0,28.0,0.247,1,JordanManual,CCCAGG,0.247,0.2455,0.2455,XBY,1514362500,2017-12-28 09:09:32.855879,8570.35,2116.88
29,29.0,29.0,29.0,29.0,29.0,0.2472,1,JordanManual,CCCAGG,0.2472,0.2468,0.2471,XBY,1514362680,2017-12-28 09:09:32.855879,5243.99,1296.31
30,30.0,30.0,30.0,30.0,30.0,0.2474,1,JordanManual,CCCAGG,0.2474,0.2474,0.2474,XBY,1514362860,2017-12-28 09:09:32.855879,0.0,0.0
31,31.0,31.0,31.0,31.0,31.0,0.2482,1,JordanManual,CCCAGG,0.2482,0.2476,0.2476,XBY,1514363040,2017-12-28 09:09:32.855879,690.0,170.84
32,32.0,32.0,32.0,32.0,32.0,0.2482,1,JordanManual,CCCAGG,0.2483,0.2481,0.2481,XBY,1514363220,2017-12-28 09:09:32.855879,500.0,124.1
33,33.0,33.0,33.0,33.0,33.0,0.2482,1,JordanManual,CCCAGG,0.2482,0.2481,0.2481,XBY,1514363400,2017-12-28 09:09:32.855879,1144.76,284.01
34,34.0,34.0,34.0,34.0,34.0,0.2476,1,JordanManual,CCCAGG,0.248,0.2476,0.248,XBY,1514363580,2017-12-28 09:09:32.855879,0.0,0.0
35,35.0,35.0,35.0,35.0,35.0,0.2476,1,JordanManual,CCCAGG,0.2477,0.2476,0.2477,XBY,1514363760,2017-12-28 09:09:32.855879,177.64,44.0
36,36.0,36.0,36.0,36.0,36.0,0.2479,1,JordanManual,CCCAGG,0.2479,0.2478,0.2478,XBY,1514363940,2017-12-28 09:09:32.855879,2960.08,733.73
37,37.0,37.0,37.0,37.0,37.0,0.2482,1,JordanManual,CCCAGG,0.2482,0.2481,0.2481,XBY,1514364120,2017-12-28 09:09:32.855879,7355.76,1824.96
38,38.0,38.0,38.0,38.0,38.0,0.248,1,JordanManual,CCCAGG,0.2482,0.248,0.2482,XBY,1514364300,2017-12-28 09:09:32.855879,712.92,176.88
39,39.0,39.0,39.0,39.0,39.0,0.2477,1,JordanManual,CCCAGG,0.248,0.2477,0.248,XBY,1514364480,2017-12-28 09:09:32.855879,160.0,39.68
40,40.0,40.0,40.0,40.0,40.0,0.2474,1,JordanManual,CCCAGG,0.2474,0.2474,0.2474,XBY,1514364660,2017-12-28 09:09:32.855879,1728.04,427.52
41,41.0,41.0,41.0,41.0,41.0,0.2463,1,JordanManual,CCCAGG,0.2472,0.2463,0.2472,XBY,1514364840,2017-12-28 09:09:32.855879,0.0,0.0
42,42.0,42.0,42.0,42.0,42.0,0.2458,1,JordanManual,CCCAGG,0.2462,0.2458,0.2462,XBY,1514365020,2017-12-28 09:09:32.855879,0.0,0.0
43,43.0,43.0,43.0,43.0,43.0,0.2463,1,JordanManual,CCCAGG,0.2463,0.2459,0.2459,XBY,1514365200,2017-12-28 09:09:32.855879,363.0,89.26
44,44.0,44.0,44.0,44.0,44.0,0.2463,1,JordanManual,CCCAGG,0.2465,0.2463,0.2465,XBY,1514365380,2017-12-28 09:09:32.855879,0.0,0.0
45,45.0,45.0,45.0,45.0,45.0,0.2464,1,JordanManual,CCCAGG,0.2464,0.2462,0.2462,XBY,1514365560,2017-12-28 09:09:32.855879,0.0,0.0
46,46.0,46.0,46.0,46.0,46.0,0.247,1,JordanManual,CCCAGG,0.247,0.2464,0.2464,XBY,1514365740,2017-12-28 09:09:32.855879,0.0,0.0
47,47.0,47.0,47.0,47.0,47.0,0.2474,1,JordanManual,CCCAGG,0.2474,0.2469,0.2469,XBY,1514365920,2017-12-28 09:09:32.855879,384.86,95.21
48,48.0,48.0,48.0,48.0,48.0,0.2524,1,JordanManual,CCCAGG,0.2524,0.2473,0.2478,XBY,1514366100,2017-12-28 09:09:32.855879,1518.83,376.83
49,49.0,49.0,49.0,49.0,49.0,0.2521,1,JordanManual,CCCAGG,0.2521,0.2518,0.2519,XBY,1514366280,2017-12-28 09:09:32.855879,340.0,85.71
50,50.0,50.0,50.0,50.0,50.0,0.2471,1,JordanManual,CCCAGG,0.2518,0.2471,0.2518,XBY,1514366460,2017-12-28 09:09:32.855879,490.0,121.29
51,51.0,51.0,51.0,51.0,51.0,0.2324,1,JordanManual,CCCAGG,0.2465,0.2324,0.2465,XBY,1514366640,2017-12-28 09:09:32.855879,2408.61,577.58
52,52.0,52.0,52.0,52.0,52.0,0.2314,1,JordanManual,CCCAGG,0.232,0.2314,0.232,XBY,1514366820,2017-12-28 09:09:32.855879,934.71,216.85
53,53.0,53.0,53.0,53.0,53.0,0.2303,1,JordanManual,CCCAGG,0.2315,0.2303,0.2315,XBY,1514367000,2017-12-28 09:09:32.855879,155.9,36.09
54,54.0,54.0,54.0,54.0,54.0,0.2302,1,JordanManual,CCCAGG,0.2302,0.23,0.23,XBY,1514367180,2017-12-28 09:09:32.855879,68.87,15.84
55,55.0,55.0,55.0,55.0,55.0,0.245,1,JordanManual,CCCAGG,0.2467,0.2302,0.2302,XBY,1514367360,2017-12-28 09:09:32.855879,2500.0,615.27
56,56.0,56.0,56.0,56.0,56.0,0.2474,1,JordanManual,CCCAGG,0.2474,0.2459,0.2459,XBY,1514367540,2017-12-28 09:09:32.855879,3508.83,868.06
57,57.0,57.0,57.0,57.0,57.0,0.2466,1,JordanManual,CCCAGG,0.2471,0.2466,0.2468,XBY,1514367720,2017-12-28 09:09:32.855879,5012.43,1238.15
58,58.0,58.0,58.0,58.0,58.0,0.2459,1,JordanManual,CCCAGG,0.2462,0.2459,0.246,XBY,1514367900,2017-12-28 09:09:32.855879,4480.51,1103.0
59,59.0,59.0,59.0,59.0,59.0,0.246,1,JordanManual,CCCAGG,0.246,0.246,0.246,XBY,1514368080,2017-12-28 09:09:32.855879,16429.62,4041.68
60,60.0,60.0,60.0,60.0,60.0,0.2468,1,JordanManual,CCCAGG,0.2468,0.2458,0.2458,XBY,1514368260,2017-12-28 09:09:32.855879,1295.57,319.07
61,61.0,61.0,61.0,61.0,61.0,0.247,1,JordanManual,CCCAGG,0.2472,0.247,0.2472,XBY,1514368440,2017-12-28 09:09:32.855879,5213.51,1287.98
62,62.0,62.0,62.0,62.0,62.0,0.2469,1,JordanManual,CCCAGG,0.2471,0.2467,0.2471,XBY,1514368620,2017-12-28 09:09:32.855879,20082.99,4960.24
63,63.0,63.0,63.0,63.0,63.0,0.2478,1,JordanManual,CCCAGG,0.2478,0.2469,0.2469,XBY,1514368800,2017-12-28 09:09:32.855879,50866.66,12560.42
64,64.0,64.0,64.0,64.0,64.0,0.2483,1,JordanManual,CCCAGG,0.2483,0.2479,0.2479,XBY,1514368980,2017-12-28 09:09:32.855879,4943.09,1226.47
65,65.0,65.0,65.0,65.0,65.0,0.248,1,JordanManual,CCCAGG,0.2483,0.248,0.2483,XBY,1514369160,2017-12-28 09:09:32.855879,292.8,72.69
66,66.0,66.0,66.0,66.0,66.0,0.247,1,JordanManual,CCCAGG,0.2482,0.247,0.2482,XBY,1514369340,2017-12-28 09:09:32.855879,1015.55,251.55
67,67.0,67.0,67.0,67.0,67.0,0.247,1,JordanManual,CCCAGG,0.247,0.2466,0.2466,XBY,1514369520,2017-12-28 09:09:32.855879,340.84,84.07
68,68.0,68.0,68.0,68.0,68.0,0.2463,1,JordanManual,CCCAGG,0.2469,0.2463,0.2467,XBY,1514369700,2017-12-28 09:09:32.855879,13388.69,3301.79
69,69.0,69.0,69.0,69.0,69.0,0.2455,1,JordanManual,CCCAGG,0.2462,0.2455,0.2462,XBY,1514369880,2017-12-28 09:09:32.855879,102.0,25.11
70,70.0,70.0,70.0,70.0,70.0,0.2431,1,JordanManual,CCCAGG,0.245,0.2431,0.245,XBY,1514370060,2017-12-28 09:09:32.855879,94.97,23.27
71,71.0,71.0,71.0,71.0,71.0,0.243,1,JordanManual,CCCAGG,0.2432,0.2429,0.2429,XBY,1514370240,2017-12-28 09:09:32.855879,3942.05,957.53
72,72.0,72.0,72.0,72.0,72.0,0.2403,1,JordanManual,CCCAGG,0.2423,0.2403,0.2423,XBY,1514370420,2017-12-28 09:09:32.855879,40675.97,9802.91
73,73.0,73.0,73.0,73.0,73.0,0.2408,1,JordanManual,CCCAGG,0.2412,0.2404,0.2404,XBY,1514370600,2017-12-28 09:09:32.855879,31720.57,7650.23
74,74.0,74.0,74.0,74.0,74.0,0.2419,1,JordanManual,CCCAGG,0.2419,0.2406,0.2407,XBY,1514370780,2017-12-28 09:09:32.855879,704.08,169.47
75,75.0,75.0,75.0,75.0,75.0,0.2418,1,JordanManual,CCCAGG,0.2429,0.2418,0.2424,XBY,1514370960,2017-12-28 09:09:32.855879,0.0,0.0
76,76.0,76.0,76.0,76.0,76.0,0.2427,1,JordanManual,CCCAGG,0.2427,0.2419,0.2419,XBY,1514371140,2017-12-28 09:09:32.855879,143.84,34.82
77,77.0,77.0,77.0,77.0,77.0,0.2425,1,JordanManual,CCCAGG,0.2425,0.2423,0.2425,XBY,1514371320,2017-12-28 09:09:32.855879,140.75,34.13
78,78.0,78.0,78.0,78.0,78.0,0.2423,1,JordanManual,CCCAGG,0.2428,0.2423,0.2428,XBY,1514371500,2017-12-28 09:09:32.855879,0.0,0.0
79,79.0,79.0,79.0,79.0,79.0,0.2377,1,JordanManual,CCCAGG,0.2417,0.2377,0.2417,XBY,1514371680,2017-12-28 09:09:32.855879,770.39,183.28
80,80.0,80.0,80.0,80.0,80.0,0.2378,1,JordanManual,CCCAGG,0.2381,0.2378,0.2381,XBY,1514371860,2017-12-28 09:09:32.855879,1526.93,363.1
81,81.0,81.0,81.0,81.0,81.0,0.2394,1,JordanManual,CCCAGG,0.2394,0.2379,0.2381,XBY,1514372040,2017-12-28 09:09:32.855879,5006.62,1196.35
82,82.0,82.0,82.0,82.0,82.0,0.2406,1,JordanManual,CCCAGG,0.2406,0.2394,0.2394,XBY,1514372220,2017-12-28 09:09:32.855879,2214.95,530.99
83,83.0,83.0,83.0,83.0,83.0,0.2423,1,JordanManual,CCCAGG,0.2423,0.2415,0.2415,XBY,1514372400,2017-12-28 09:09:32.855879,36.84,8.9
84,84.0,84.0,84.0,84.0,84.0,0.2419,1,JordanManual,CCCAGG,0.2419,0.2415,0.2415,XBY,1514372580,2017-12-28 09:09:32.855879,632.24,152.69
85,85.0,85.0,85.0,85.0,85.0,0.2414,1,JordanManual,CCCAGG,0.2418,0.2414,0.2418,XBY,1514372760,2017-12-28 09:09:32.855879,4304.38,1039.1
86,86.0,86.0,86.0,86.0,86.0,0.2407,1,JordanManual,CCCAGG,0.2411,0.2407,0.2411,XBY,1514372940,2017-12-28 09:09:32.855879,0.0,0.0
87,87.0,87.0,87.0,87.0,87.0,0.2416,1,JordanManual,CCCAGG,0.2416,0.2411,0.2411,XBY,1514373120,2017-12-28 09:09:32.855879,51.09,12.32
88,88.0,88.0,88.0,88.0,88.0,0.2483,1,JordanManual,CCCAGG,0.2483,0.2417,0.2417,XBY,1514373300,2017-12-28 09:09:32.855879,1042.2,253.81
89,89.0,89.0,89.0,89.0,89.0,0.2476,1,JordanManual,CCCAGG,0.2486,0.2476,0.2486,XBY,1514373480,2017-12-28 09:09:32.855879,3408.73,845.37
90,90.0,90.0,90.0,90.0,90.0,0.2474,1,JordanManual,CCCAGG,0.2475,0.2474,0.2475,XBY,1514373660,2017-12-28 09:09:32.855879,968.62,239.64
91,91.0,91.0,91.0,91.0,91.0,0.2454,1,JordanManual,CCCAGG,0.2471,0.2454,0.2471,XBY,1514373840,2017-12-28 09:09:32.855879,13850.08,3398.97
92,92.0,92.0,92.0,92.0,92.0,0.246,1,JordanManual,CCCAGG,0.246,0.2449,0.2449,XBY,1514374020,2017-12-28 09:09:32.855879,50439.84,12388.01
93,93.0,93.0,93.0,93.0,93.0,0.2354,1,JordanManual,CCCAGG,0.2457,0.2346,0.2457,XBY,1514374200,2017-12-28 09:09:32.855879,5026.86,1183.3
94,94.0,94.0,94.0,94.0,94.0,0.2359,1,JordanManual,CCCAGG,0.2359,0.2354,0.2354,XBY,1514374380,2017-12-28 09:09:32.855879,13923.14,3284.47
95,95.0,95.0,95.0,95.0,95.0,0.2369,1,JordanManual,CCCAGG,0.2369,0.2362,0.2362,XBY,1514374560,2017-12-28 09:09:32.855879,4747.87,1123.35
96,96.0,96.0,96.0,96.0,96.0,0.2368,1,JordanManual,CCCAGG,0.2371,0.2368,0.2371,XBY,1514374740,2017-12-28 09:09:32.855879,171654.03,40649.23
97,97.0,97.0,97.0,97.0,97.0,0.2371,1,JordanManual,CCCAGG,0.2371,0.2368,0.2368,XBY,1514374920,2017-12-28 09:09:32.855879,3404.49,806.87
98,98.0,98.0,98.0,98.0,98.0,0.2445,1,JordanManual,CCCAGG,0.2445,0.2372,0.2372,XBY,1514375100,2017-12-28 09:09:32.855879,1093.38,265.75
99,99.0,99.0,99.0,99.0,99.0,0.2444,1,JordanManual,CCCAGG,0.2446,0.2444,0.2446,XBY,1514375280,2017-12-28 09:09:32.855879,10877.04,2658.52
100,100.0,100.0,100.0,100.0,100.0,0.244,1,JordanManual,CCCAGG,0.2442,0.244,0.2442,XBY,1514375460,2017-12-28 09:09:32.855879,18263.2,4459.19
101,101.0,101.0,101.0,101.0,101.0,0.2438,1,JordanManual,CCCAGG,0.2438,0.2434,0.2438,XBY,1514375640,2017-12-28 09:09:32.855879,79.19,19.31
102,102.0,102.0,102.0,102.0,102.0,0.2437,1,JordanManual,CCCAGG,0.2442,0.2437,0.2442,XBY,1514375820,2017-12-28 09:09:32.855879,4125.22,1007.28
103,103.0,103.0,103.0,103.0,103.0,0.2445,1,JordanManual,CCCAGG,0.2445,0.2441,0.2441,XBY,1514376000,2017-12-28 09:09:32.855879,0.0,0.0
104,104.0,104.0,104.0,104.0,104.0,0.245,1,JordanManual,CCCAGG,0.245,0.2446,0.2446,XBY,1514376180,2017-12-28 09:09:32.855879,958.8,234.81
105,105.0,105.0,105.0,105.0,105.0,0.2457,1,JordanManual,CCCAGG,0.2457,0.2453,0.2453,XBY,1514376360,2017-12-28 09:09:32.855879,56087.88,13758.38
106,106.0,106.0,106.0,106.0,106.0,0.2464,1,JordanManual,CCCAGG,0.2464,0.2457,0.2457,XBY,1514376540,2017-12-28 09:09:32.855879,1321.62,325.61
107,107.0,107.0,107.0,107.0,107.0,0.2466,1,JordanManual,CCCAGG,0.2466,0.2465,0.2465,XBY,1514376720,2017-12-28 09:09:32.855879,26245.63,6469.58
108,108.0,108.0,108.0,108.0,108.0,0.246,1,JordanManual,CCCAGG,0.2465,0.246,0.2465,XBY,1514376900,2017-12-28 09:09:32.855879,473.04,116.4
109,109.0,109.0,109.0,109.0,109.0,0.2461,1,JordanManual,CCCAGG,0.2465,0.2461,0.2465,XBY,1514377080,2017-12-28 09:09:32.855879,329.57,81.24
110,110.0,110.0,110.0,110.0,110.0,0.2464,1,JordanManual,CCCAGG,0.2464,0.246,0.246,XBY,1514377260,2017-12-28 09:09:32.855879,2700.0,665.28
111,111.0,111.0,111.0,111.0,111.0,0.2468,1,JordanManual,CCCAGG,0.2468,0.2465,0.2465,XBY,1514377440,2017-12-28 09:09:32.855879,4452.46,1098.06
112,112.0,112.0,112.0,112.0,112.0,0.2469,1,JordanManual,CCCAGG,0.2469,0.2468,0.2469,XBY,1514377620,2017-12-28 09:09:32.855879,6992.62,1725.8
113,113.0,113.0,113.0,113.0,113.0,0.2406,1,JordanManual,CCCAGG,0.2472,0.2406,0.2469,XBY,1514377800,2017-12-28 09:09:32.855879,3178.45,783.04
114,114.0,114.0,114.0,114.0,114.0,0.2416,1,JordanManual,CCCAGG,0.2416,0.2408,0.2408,XBY,1514377980,2017-12-28 09:09:32.855879,4354.74,1051.1
115,115.0,115.0,115.0,115.0,115.0,0.24,1,JordanManual,CCCAGG,0.2414,0.24,0.2414,XBY,1514378160,2017-12-28 09:09:32.855879,0.0,0.0
116,116.0,116.0,116.0,116.0,116.0,0.2399,1,JordanManual,CCCAGG,0.2402,0.2399,0.2402,XBY,1514378340,2017-12-28 09:09:32.855879,149.16,35.83
117,117.0,117.0,117.0,117.0,117.0,0.2395,1,JordanManual,CCCAGG,0.2396,0.2393,0.2396,XBY,1514378520,2017-12-28 09:09:32.855879,5509.77,1318.49
118,118.0,118.0,118.0,118.0,118.0,0.2376,1,JordanManual,CCCAGG,0.2399,0.2376,0.2396,XBY,1514378700,2017-12-28 09:09:32.855879,1497.85,355.89
119,119.0,119.0,119.0,119.0,119.0,0.2379,1,JordanManual,CCCAGG,0.2381,0.2379,0.238,XBY,1514378880,2017-12-28 09:09:32.855879,800.54,190.45
120,120.0,120.0,120.0,120.0,120.0,0.2378,1,JordanManual,CCCAGG,0.2378,0.2377,0.2378,XBY,1514379060,2017-12-28 09:09:32.855879,495.67,117.83
121,121.0,121.0,121.0,121.0,121.0,0.2381,1,JordanManual,CCCAGG,0.2381,0.2378,0.2378,XBY,1514379240,2017-12-28 09:09:32.855879,13710.35,3263.82
122,122.0,122.0,122.0,122.0,122.0,0.2387,1,JordanManual,CCCAGG,0.2387,0.238,0.238,XBY,1514379420,2017-12-28 09:09:32.855879,1164.95,277.26
123,123.0,123.0,123.0,123.0,123.0,0.238,1,JordanManual,CCCAGG,0.2382,0.238,0.2382,XBY,1514379600,2017-12-28 09:09:32.855879,0.0,0.0
124,124.0,124.0,124.0,124.0,124.0,0.2381,1,JordanManual,CCCAGG,0.2384,0.2381,0.2382,XBY,1514379780,2017-12-28 09:09:32.855879,100.0,23.81
125,125.0,125.0,125.0,125.0,125.0,0.2369,1,JordanManual,CCCAGG,0.238,0.2369,0.238,XBY,1514379960,2017-12-28 09:09:32.855879,1500.0,355.35
126,126.0,126.0,126.0,126.0,126.0,0.2354,1,JordanManual,CCCAGG,0.2363,0.235,0.2363,XBY,1514380140,2017-12-28 09:09:32.855879,7936.5,1868.25
127,127.0,127.0,127.0,127.0,127.0,0.2353,1,JordanManual,CCCAGG,0.2354,0.2353,0.2353,XBY,1514380320,2017-12-28 09:09:32.855879,141.44,33.28
128,128.0,128.0,128.0,128.0,128.0,0.2344,1,JordanManual,CCCAGG,0.2353,0.2338,0.2353,XBY,1514380500,2017-12-28 09:09:32.855879,4046.24,948.54
129,129.0,129.0,129.0,129.0,129.0,0.2355,1,JordanManual,CCCAGG,0.236,0.2352,0.2352,XBY,1514380680,2017-12-28 09:09:32.855879,2727.59,643.03
130,130.0,130.0,130.0,130.0,130.0,0.2365,1,JordanManual,CCCAGG,0.2365,0.2356,0.2356,XBY,1514380860,2017-12-28 09:09:32.855879,2000.0,471.2
131,131.0,131.0,131.0,131.0,131.0,0.2369,1,JordanManual,CCCAGG,0.2371,0.2369,0.2369,XBY,1514381040,2017-12-28 09:09:32.855879,404.62,95.85
132,132.0,132.0,132.0,132.0,132.0,0.237,1,JordanManual,CCCAGG,0.237,0.237,0.237,XBY,1514381220,2017-12-28 09:09:32.855879,0.0,0.0
133,133.0,133.0,133.0,133.0,133.0,0.2385,1,JordanManual,CCCAGG,0.2386,0.2372,0.2372,XBY,1514381400,2017-12-28 09:09:32.855879,1675.49,399.6
134,134.0,134.0,134.0,134.0,134.0,0.2385,1,JordanManual,CCCAGG,0.2385,0.2383,0.2383,XBY,1514381580,2017-12-28 09:09:32.855879,1323.47,315.64
135,135.0,135.0,135.0,135.0,135.0,0.2382,1,JordanManual,CCCAGG,0.2387,0.2382,0.2387,XBY,1514381760,2017-12-28 09:09:32.855879,16115.16,3843.47
136,136.0,136.0,136.0,136.0,136.0,0.2382,1,JordanManual,CCCAGG,0.2382,0.238,0.238,XBY,1514381940,2017-12-28 09:09:32.855879,0.0,0.0
137,137.0,137.0,137.0,137.0,137.0,0.2386,1,JordanManual,CCCAGG,0.2386,0.2382,0.2382,XBY,1514382120,2017-12-28 09:09:32.855879,0.0,0.0
138,138.0,138.0,138.0,138.0,138.0,0.2439,1,JordanManual,CCCAGG,0.2439,0.2386,0.2386,XBY,1514382300,2017-12-28 09:09:32.855879,2227.28,542.87
139,139.0,139.0,139.0,139.0,139.0,0.2446,1,JordanManual,CCCAGG,0.2446,0.2438,0.2438,XBY,1514382480,2017-12-28 09:09:32.855879,153.92,37.65
140,140.0,140.0,140.0,140.0,140.0,0.245,1,JordanManual,CCCAGG,0.245,0.2446,0.2449,XBY,1514382660,2017-12-28 09:09:32.855879,550.34,134.83
141,141.0,141.0,141.0,141.0,141.0,0.2452,1,JordanManual,CCCAGG,0.2452,0.245,0.245,XBY,1514382840,2017-12-28 09:09:32.855879,300.0,73.56
142,142.0,142.0,142.0,142.0,142.0,0.2447,1,JordanManual,CCCAGG,0.2454,0.2447,0.2454,XBY,1514383020,2017-12-28 09:09:32.855879,10950.0,2685.05
143,143.0,143.0,143.0,143.0,143.0,0.2449,1,JordanManual,CCCAGG,0.2449,0.2449,0.2449,XBY,1514383200,2017-12-28 09:09:32.855879,1883.98,461.39
144,144.0,144.0,144.0,144.0,144.0,0.2448,1,JordanManual,CCCAGG,0.2449,0.2448,0.2449,XBY,1514383380,2017-12-28 09:09:32.855879,219.41,53.72
145,145.0,145.0,145.0,145.0,145.0,0.244,1,JordanManual,CCCAGG,0.2444,0.244,0.2444,XBY,1514383560,2017-12-28 09:09:32.855879,4794.22,1170.4
146,146.0,146.0,146.0,146.0,146.0,0.2435,1,JordanManual,CCCAGG,0.2439,0.2433,0.2439,XBY,1514383740,2017-12-28 09:09:32.855879,2530.91,616.89
147,147.0,147.0,147.0,147.0,147.0,0.2429,1,JordanManual,CCCAGG,0.2431,0.2429,0.2431,XBY,1514383920,2017-12-28 09:09:32.855879,3330.94,809.46
148,148.0,148.0,148.0,148.0,148.0,0.2431,1,JordanManual,CCCAGG,0.2432,0.2431,0.2432,XBY,1514384100,2017-12-28 09:09:32.855879,1798.61,437.42
149,149.0,149.0,149.0,149.0,149.0,0.2436,1,JordanManual,CCCAGG,0.2436,0.2432,0.2432,XBY,1514384280,2017-12-28 09:09:32.855879,0.0,0.0
150,150.0,150.0,150.0,150.0,150.0,0.2433,1,JordanManual,CCCAGG,0.2435,0.2433,0.2435,XBY,1514384460,2017-12-28 09:09:32.855879,7528.67,1832.98
151,151.0,151.0,151.0,151.0,151.0,0.2435,1,JordanManual,CCCAGG,0.2437,0.2435,0.2437,XBY,1514384640,2017-12-28 09:09:32.855879,5508.96,1342.53
152,152.0,152.0,152.0,152.0,152.0,0.2435,1,JordanManual,CCCAGG,0.2435,0.2433,0.2435,XBY,1514384820,2017-12-28 09:09:32.855879,1249.49,304.25
153,153.0,153.0,153.0,153.0,153.0,0.2428,1,JordanManual,CCCAGG,0.2431,0.2428,0.2431,XBY,1514385000,2017-12-28 09:09:32.855879,44870.01,10894.44
154,154.0,154.0,154.0,154.0,154.0,0.242,1,JordanManual,CCCAGG,0.2428,0.242,0.2428,XBY,1514385180,2017-12-28 09:09:32.855879,30567.74,7417.72
155,155.0,155.0,155.0,155.0,155.0,0.2409,1,JordanManual,CCCAGG,0.2418,0.2409,0.2418,XBY,1514385360,2017-12-28 09:09:32.855879,540.47,130.67
156,156.0,156.0,156.0,156.0,156.0,0.2394,1,JordanManual,CCCAGG,0.2396,0.2388,0.2396,XBY,1514385540,2017-12-28 09:09:32.855879,5162.25,1236.84
157,157.0,157.0,157.0,157.0,157.0,0.2348,1,JordanManual,CCCAGG,0.2363,0.2348,0.2363,XBY,1514385720,2017-12-28 09:09:32.855879,5547.88,1304.79
158,158.0,158.0,158.0,158.0,158.0,0.2303,1,JordanManual,CCCAGG,0.2342,0.2303,0.2342,XBY,1514385900,2017-12-28 09:09:32.855879,393.16,91.24
159,159.0,159.0,159.0,159.0,159.0,0.2304,1,JordanManual,CCCAGG,0.2309,0.2304,0.2309,XBY,1514386080,2017-12-28 09:09:32.855879,125.03,28.86
160,160.0,160.0,160.0,160.0,160.0,0.2296,1,JordanManual,CCCAGG,0.2296,0.229,0.2296,XBY,1514386260,2017-12-28 09:09:32.855879,1544.35,354.48
161,161.0,161.0,161.0,161.0,161.0,0.23,1,JordanManual,CCCAGG,0.2301,0.2295,0.2301,XBY,1514386440,2017-12-28 09:09:32.855879,363.75,83.7
162,162.0,162.0,162.0,162.0,162.0,0.23,1,JordanManual,CCCAGG,0.2304,0.23,0.2304,XBY,1514386620,2017-12-28 09:09:32.855879,521.92,120.04
163,163.0,163.0,163.0,163.0,163.0,0.2287,1,JordanManual,CCCAGG,0.2295,0.2287,0.2295,XBY,1514386800,2017-12-28 09:09:32.855879,894.33,204.95
164,164.0,164.0,164.0,164.0,164.0,0.2271,1,JordanManual,CCCAGG,0.2282,0.2271,0.2282,XBY,1514386980,2017-12-28 09:09:32.855879,0.0,0.0
165,165.0,165.0,165.0,165.0,165.0,0.2287,1,JordanManual,CCCAGG,0.2287,0.2273,0.2273,XBY,1514387160,2017-12-28 09:09:32.855879,23023.55,5234.04
166,166.0,166.0,166.0,166.0,166.0,0.2285,1,JordanManual,CCCAGG,0.2285,0.2276,0.2276,XBY,1514387340,2017-12-28 09:09:32.855879,0.0,0.0
167,167.0,167.0,167.0,167.0,167.0,0.228,1,JordanManual,CCCAGG,0.2284,0.2279,0.2284,XBY,1514387520,2017-12-28 09:09:32.855879,0.0,0.0
168,168.0,168.0,168.0,168.0,168.0,0.2297,1,JordanManual,CCCAGG,0.2297,0.2284,0.2284,XBY,1514387700,2017-12-28 09:09:32.855879,0.0,0.0
169,169.0,169.0,169.0,169.0,169.0,0.2298,1,JordanManual,CCCAGG,0.2298,0.2291,0.2291,XBY,1514387880,2017-12-28 09:09:32.855879,0.0,0.0
170,170.0,170.0,170.0,170.0,170.0,0.2295,1,JordanManual,CCCAGG,0.2299,0.2295,0.2299,XBY,1514388060,2017-12-28 09:09:32.855879,0.0,0.0
171,171.0,171.0,171.0,171.0,171.0,0.2306,1,JordanManual,CCCAGG,0.2306,0.2298,0.2298,XBY,1514388240,2017-12-28 09:09:32.855879,0.0,0.0
172,172.0,172.0,172.0,172.0,172.0,0.2311,1,JordanManual,CCCAGG,0.2313,0.231,0.231,XBY,1514388420,2017-12-28 09:09:32.855879,0.0,0.0
173,173.0,173.0,173.0,173.0,173.0,0.2303,1,JordanManual,CCCAGG,0.2305,0.2303,0.2305,XBY,1514388600,2017-12-28 09:09:32.855879,0.0,0.0
174,174.0,174.0,174.0,174.0,174.0,0.2386,1,JordanManual,CCCAGG,0.239,0.2386,0.2388,XBY,1514388780,2017-12-28 09:09:32.855879,141.94,33.89
175,175.0,175.0,175.0,175.0,175.0,0.2373,1,JordanManual,CCCAGG,0.2382,0.2373,0.2382,XBY,1514388960,2017-12-28 09:09:32.855879,1000.0,238.2
176,176.0,176.0,176.0,176.0,176.0,0.2373,1,JordanManual,CCCAGG,0.2376,0.2373,0.2376,XBY,1514389140,2017-12-28 09:09:32.855879,50.0,11.88
177,177.0,177.0,177.0,177.0,177.0,0.2369,1,JordanManual,CCCAGG,0.2369,0.2363,0.2369,XBY,1514389320,2017-12-28 09:09:32.855879,5800.0,1374.02
178,178.0,178.0,178.0,178.0,178.0,0.233,1,JordanManual,CCCAGG,0.2366,0.2292,0.2366,XBY,1514389500,2017-12-28 09:09:32.855879,2980.05,694.47
179,179.0,179.0,179.0,179.0,179.0,0.2336,1,JordanManual,CCCAGG,0.2336,0.2331,0.2331,XBY,1514389680,2017-12-28 09:09:32.855879,115.67,26.98
180,180.0,180.0,180.0,180.0,180.0,0.2338,1,JordanManual,CCCAGG,0.2338,0.2334,0.2334,XBY,1514389860,2017-12-28 09:09:32.855879,16187.8,3778.71
181,181.0,181.0,181.0,181.0,181.0,0.2337,1,JordanManual,CCCAGG,0.2338,0.2336,0.2338,XBY,1514390040,2017-12-28 09:09:32.855879,3497.96,817.61
182,182.0,182.0,182.0,182.0,182.0,0.2341,1,JordanManual,CCCAGG,0.2341,0.2337,0.2337,XBY,1514390220,2017-12-28 09:09:32.855879,0.0,0.0
183,183.0,183.0,183.0,183.0,183.0,0.2349,1,JordanManual,CCCAGG,0.2349,0.2339,0.2339,XBY,1514390400,2017-12-28 09:09:32.855879,3178.43,744.07
184,184.0,184.0,184.0,184.0,184.0,0.2348,1,JordanManual,CCCAGG,0.2354,0.2345,0.2351,XBY,1514390580,2017-12-28 09:09:32.855879,33.94,7.97
185,185.0,185.0,185.0,185.0,185.0,0.2345,1,JordanManual,CCCAGG,0.2346,0.2343,0.2346,XBY,1514390760,2017-12-28 09:09:32.855879,0.0,0.0
186,186.0,186.0,186.0,186.0,186.0,0.2343,1,JordanManual,CCCAGG,0.2345,0.2343,0.2345,XBY,1514390940,2017-12-28 09:09:32.855879,0.0,0.0
187,187.0,187.0,187.0,187.0,187.0,0.2339,1,JordanManual,CCCAGG,0.2343,0.2339,0.2343,XBY,1514391120,2017-12-28 09:09:32.855879,20.07,4.69
188,188.0,188.0,188.0,188.0,188.0,0.2336,1,JordanManual,CCCAGG,0.2338,0.2336,0.2338,XBY,1514391300,2017-12-28 09:09:32.855879,459.93,107.44
189,189.0,189.0,189.0,189.0,189.0,0.2339,1,JordanManual,CCCAGG,0.2339,0.2337,0.2337,XBY,1514391480,2017-12-28 09:09:32.855879,0.0,0.0
190,190.0,190.0,190.0,190.0,190.0,0.234,1,JordanManual,CCCAGG,0.234,0.234,0.234,XBY,1514391660,2017-12-28 09:09:32.855879,20000.29,4680.07
191,191.0,191.0,191.0,191.0,191.0,0.2342,1,JordanManual,CCCAGG,0.2342,0.2338,0.2338,XBY,1514391840,2017-12-28 09:09:32.855879,10520.69,2460.67
192,192.0,192.0,192.0,192.0,192.0,0.2319,1,JordanManual,CCCAGG,0.2327,0.2319,0.2327,XBY,1514392020,2017-12-28 09:09:32.855879,5829.39,1353.58
193,193.0,193.0,193.0,193.0,193.0,0.233,1,JordanManual,CCCAGG,0.233,0.2302,0.2311,XBY,1514392200,2017-12-28 09:09:32.855879,64.81,15.1
194,194.0,194.0,194.0,194.0,194.0,0.2297,1,JordanManual,CCCAGG,0.233,0.2297,0.233,XBY,1514392380,2017-12-28 09:09:32.855879,3428.35,792.29
195,195.0,195.0,195.0,195.0,195.0,0.2286,1,JordanManual,CCCAGG,0.2299,0.2286,0.2299,XBY,1514392560,2017-12-28 09:09:32.855879,5330.5,1222.42
196,196.0,196.0,196.0,196.0,196.0,0.2298,1,JordanManual,CCCAGG,0.2298,0.2281,0.2281,XBY,1514392740,2017-12-28 09:09:32.855879,0.0,0.0
197,197.0,197.0,197.0,197.0,197.0,0.2301,1,JordanManual,CCCAGG,0.2301,0.2288,0.2288,XBY,1514392920,2017-12-28 09:09:32.855879,1657.78,380.29
198,198.0,198.0,198.0,198.0,198.0,0.2297,1,JordanManual,CCCAGG,0.2297,0.2245,0.2294,XBY,1514393100,2017-12-28 09:09:32.855879,57.41,13.19
199,199.0,199.0,199.0,199.0,199.0,0.23,1,JordanManual,CCCAGG,0.2303,0.23,0.2303,XBY,1514393280,2017-12-28 09:09:32.855879,625.33,143.85
200,200.0,200.0,200.0,200.0,200.0,0.2289,1,JordanManual,CCCAGG,0.2303,0.2289,0.2303,XBY,1514393460,2017-12-28 09:09:32.855879,2313.28,531.15
201,201.0,201.0,201.0,201.0,201.0,0.2272,1,JordanManual,CCCAGG,0.2286,0.2272,0.2286,XBY,1514393640,2017-12-28 09:09:32.855879,5213.18,1188.6
202,202.0,202.0,202.0,202.0,202.0,0.2282,1,JordanManual,CCCAGG,0.2282,0.2277,0.2282,XBY,1514393820,2017-12-28 09:09:32.855879,1526.75,348.4
203,203.0,203.0,203.0,203.0,203.0,0.226,1,JordanManual,CCCAGG,0.228,0.226,0.228,XBY,1514394000,2017-12-28 09:09:32.855879,0.0,0.0
204,204.0,204.0,204.0,204.0,204.0,0.2256,1,JordanManual,CCCAGG,0.2264,0.2249,0.2249,XBY,1514394180,2017-12-28 09:09:32.855879,10773.95,2436.86
205,205.0,205.0,205.0,205.0,205.0,0.2266,1,JordanManual,CCCAGG,0.2266,0.2246,0.2246,XBY,1514394360,2017-12-28 09:09:32.855879,2647.26,598.35
206,206.0,206.0,206.0,206.0,206.0,0.2283,1,JordanManual,CCCAGG,0.2283,0.2268,0.2268,XBY,1514394540,2017-12-28 09:09:32.855879,37367.39,8504.97
207,207.0,207.0,207.0,207.0,207.0,0.2281,1,JordanManual,CCCAGG,0.2289,0.2281,0.2288,XBY,1514394720,2017-12-28 09:09:32.855879,1844.89,422.3
208,208.0,208.0,208.0,208.0,208.0,0.2277,1,JordanManual,CCCAGG,0.2282,0.2277,0.2279,XBY,1514394900,2017-12-28 09:09:32.855879,5441.24,1241.68
209,209.0,209.0,209.0,209.0,209.0,0.2281,1,JordanManual,CCCAGG,0.2282,0.2279,0.2279,XBY,1514395080,2017-12-28 09:09:32.855879,2091.7,476.76
210,210.0,210.0,210.0,210.0,210.0,0.2285,1,JordanManual,CCCAGG,0.2285,0.228,0.228,XBY,1514395260,2017-12-28 09:09:32.855879,5174.48,1181.96
211,211.0,211.0,211.0,211.0,211.0,0.229,1,JordanManual,CCCAGG,0.229,0.2288,0.2289,XBY,1514395440,2017-12-28 09:09:32.855879,27778.86,6357.97
212,212.0,212.0,212.0,212.0,212.0,0.2303,1,JordanManual,CCCAGG,0.2303,0.2297,0.2297,XBY,1514395620,2017-12-28 09:09:32.855879,386.18,88.94
213,213.0,213.0,213.0,213.0,213.0,0.2294,1,JordanManual,CCCAGG,0.2304,0.2294,0.2304,XBY,1514395800,2017-12-28 09:09:32.855879,2240.43,515.02
214,214.0,214.0,214.0,214.0,214.0,0.2299,1,JordanManual,CCCAGG,0.2299,0.2296,0.2298,XBY,1514395980,2017-12-28 09:09:32.855879,0.0,0.0
215,215.0,215.0,215.0,215.0,215.0,0.2306,1,JordanManual,CCCAGG,0.2308,0.2303,0.2303,XBY,1514396160,2017-12-28 09:09:32.855879,3002.0,692.07
216,216.0,216.0,216.0,216.0,216.0,0.2318,1,JordanManual,CCCAGG,0.2318,0.2306,0.2306,XBY,1514396340,2017-12-28 09:09:32.855879,7410.26,1711.72
217,217.0,217.0,217.0,217.0,217.0,0.2299,1,JordanManual,CCCAGG,0.2317,0.2299,0.2317,XBY,1514396520,2017-12-28 09:09:32.855879,1196.65,275.75
218,218.0,218.0,218.0,218.0,218.0,0.2301,1,JordanManual,CCCAGG,0.2303,0.2294,0.2294,XBY,1514396700,2017-12-28 09:09:32.855879,10778.85,2481.79
219,219.0,219.0,219.0,219.0,219.0,0.231,1,JordanManual,CCCAGG,0.231,0.2303,0.2303,XBY,1514396880,2017-12-28 09:09:32.855879,5598.78,1293.11
220,220.0,220.0,220.0,220.0,220.0,0.2315,1,JordanManual,CCCAGG,0.2315,0.2314,0.2314,XBY,1514397060,2017-12-28 09:09:32.855879,3650.51,844.89
221,221.0,221.0,221.0,221.0,221.0,0.2321,1,JordanManual,CCCAGG,0.2321,0.2315,0.2315,XBY,1514397240,2017-12-28 09:09:32.855879,3213.49,745.43
222,222.0,222.0,222.0,222.0,222.0,0.231,1,JordanManual,CCCAGG,0.2318,0.231,0.2318,XBY,1514397420,2017-12-28 09:09:32.855879,11044.61,2559.31
223,223.0,223.0,223.0,223.0,223.0,0.2286,1,JordanManual,CCCAGG,0.2315,0.2286,0.2312,XBY,1514397600,2017-12-28 09:09:32.855879,10086.13,2331.69
224,224.0,224.0,224.0,224.0,224.0,0.2289,1,JordanManual,CCCAGG,0.2289,0.2286,0.2289,XBY,1514397780,2017-12-28 09:09:32.855879,3000.0,685.8
225,225.0,225.0,225.0,225.0,225.0,0.231,1,JordanManual,CCCAGG,0.231,0.229,0.229,XBY,1514397960,2017-12-28 09:09:32.855879,3682.65,848.23
226,226.0,226.0,226.0,226.0,226.0,0.2314,1,JordanManual,CCCAGG,0.2316,0.2313,0.2313,XBY,1514398140,2017-12-28 09:09:32.855879,19210.06,4445.15
227,227.0,227.0,227.0,227.0,227.0,0.2317,1,JordanManual,CCCAGG,0.2317,0.2311,0.2311,XBY,1514398320,2017-12-28 09:09:32.855879,48227.18,11174.24
228,228.0,228.0,228.0,228.0,228.0,0.2287,1,JordanManual,CCCAGG,0.2313,0.2285,0.2313,XBY,1514398500,2017-12-28 09:09:32.855879,5563.42,1285.73
229,229.0,229.0,229.0,229.0,229.0,0.2288,1,JordanManual,CCCAGG,0.2292,0.2288,0.2288,XBY,1514398680,2017-12-28 09:09:32.855879,16479.1,3775.41
230,230.0,230.0,230.0,230.0,230.0,0.2291,1,JordanManual,CCCAGG,0.2292,0.2291,0.2292,XBY,1514398860,2017-12-28 09:09:32.855879,18784.61,4303.9
231,231.0,231.0,231.0,231.0,231.0,0.2257,1,JordanManual,CCCAGG,0.2275,0.2257,0.2275,XBY,1514399040,2017-12-28 09:09:32.855879,10931.29,2473.47
232,232.0,232.0,232.0,232.0,232.0,0.2247,1,JordanManual,CCCAGG,0.225,0.2244,0.225,XBY,1514399220,2017-12-28 09:09:32.855879,21363.59,4800.57
233,233.0,233.0,233.0,233.0,233.0,0.223,1,JordanManual,CCCAGG,0.2247,0.223,0.2242,XBY,1514399400,2017-12-28 09:09:32.855879,8151.97,1824.7
234,234.0,234.0,234.0,234.0,234.0,0.2217,1,JordanManual,CCCAGG,0.2224,0.2217,0.2224,XBY,1514399580,2017-12-28 09:09:32.855879,9361.85,2077.74
235,235.0,235.0,235.0,235.0,235.0,0.2231,1,JordanManual,CCCAGG,0.2231,0.2228,0.2228,XBY,1514399760,2017-12-28 09:09:32.855879,2200.0,490.52
236,236.0,236.0,236.0,236.0,236.0,0.2241,1,JordanManual,CCCAGG,0.2241,0.2237,0.2237,XBY,1514399940,2017-12-28 09:09:32.855879,1310.3,293.35
237,237.0,237.0,237.0,237.0,237.0,0.225,1,JordanManual,CCCAGG,0.2252,0.2247,0.2247,XBY,1514400120,2017-12-28 09:09:32.855879,19474.82,4385.71
238,238.0,238.0,238.0,238.0,238.0,0.2242,1,JordanManual,CCCAGG,0.2247,0.2242,0.2247,XBY,1514400300,2017-12-28 09:09:32.855879,33199.54,7450.11
239,239.0,239.0,239.0,239.0,239.0,0.2246,1,JordanManual,CCCAGG,0.2246,0.2245,0.2245,XBY,1514400480,2017-12-28 09:09:32.855879,17426.41,3912.23
240,240.0,240.0,240.0,240.0,240.0,0.2246,1,JordanManual,CCCAGG,0.2247,0.2246,0.2247,XBY,1514400660,2017-12-28 09:09:32.855879,23433.28,5265.46
241,241.0,241.0,241.0,241.0,241.0,0.2238,1,JordanManual,CCCAGG,0.2242,0.2238,0.2242,XBY,1514400840,2017-12-28 09:09:32.855879,717.53,160.87
242,242.0,242.0,242.0,242.0,242.0,0.2245,1,JordanManual,CCCAGG,0.2245,0.2238,0.2238,XBY,1514401020,2017-12-28 09:09:32.855879,20771.92,4652.59
243,243.0,243.0,243.0,243.0,243.0,0.2252,1,JordanManual,CCCAGG,0.2252,0.2247,0.2247,XBY,1514401200,2017-12-28 09:09:32.855879,263.13,59.2
244,244.0,244.0,244.0,244.0,244.0,0.2264,1,JordanManual,CCCAGG,0.2264,0.2251,0.2251,XBY,1514401380,2017-12-28 09:09:32.855879,1427.91,323.28
245,245.0,245.0,245.0,245.0,245.0,0.2258,1,JordanManual,CCCAGG,0.2265,0.2258,0.2265,XBY,1514401560,2017-12-28 09:09:32.855879,16999.25,3850.15
246,246.0,246.0,246.0,246.0,246.0,0.2264,1,JordanManual,CCCAGG,0.2264,0.2262,0.2262,XBY,1514401740,2017-12-28 09:09:32.855879,1124.63,254.41
247,247.0,247.0,247.0,247.0,247.0,0.2275,1,JordanManual,CCCAGG,0.2275,0.2266,0.2266,XBY,1514401920,2017-12-28 09:09:32.855879,2201.9,498.99
248,248.0,248.0,248.0,248.0,248.0,0.2271,1,JordanManual,CCCAGG,0.2279,0.2271,0.2279,XBY,1514402100,2017-12-28 09:09:32.855879,461.11,105.09
249,249.0,249.0,249.0,249.0,249.0,0.2271,1,JordanManual,CCCAGG,0.2273,0.2269,0.2269,XBY,1514402280,2017-12-28 09:09:32.855879,10819.98,2457.25
250,250.0,250.0,250.0,250.0,250.0,0.2275,1,JordanManual,CCCAGG,0.2275,0.2271,0.2271,XBY,1514402460,2017-12-28 09:09:32.855879,1257.26,285.59
251,251.0,251.0,251.0,251.0,251.0,0.2271,1,JordanManual,CCCAGG,0.2274,0.2271,0.2274,XBY,1514402640,2017-12-28 09:09:32.855879,5221.36,1186.82
252,252.0,252.0,252.0,252.0,252.0,0.2266,1,JordanManual,CCCAGG,0.2266,0.2262,0.2262,XBY,1514402820,2017-12-28 09:09:32.855879,6046.91,1369.84
253,253.0,253.0,253.0,253.0,253.0,0.2256,1,JordanManual,CCCAGG,0.2265,0.2256,0.2265,XBY,1514403000,2017-12-28 09:09:32.855879,3712.18,838.65
254,254.0,254.0,254.0,254.0,254.0,0.2253,1,JordanManual,CCCAGG,0.2253,0.2252,0.2252,XBY,1514403180,2017-12-28 09:09:32.855879,2454.78,552.82
255,255.0,255.0,255.0,255.0,255.0,0.2256,1,JordanManual,CCCAGG,0.2256,0.2251,0.2251,XBY,1514403360,2017-12-28 09:09:32.855879,0.0,0.0
256,256.0,256.0,256.0,256.0,256.0,0.2256,1,JordanManual,CCCAGG,0.2258,0.2256,0.2258,XBY,1514403540,2017-12-28 09:09:32.855879,0.0,0.0
257,257.0,257.0,257.0,257.0,257.0,0.2243,1,JordanManual,CCCAGG,0.2253,0.2243,0.2253,XBY,1514403720,2017-12-28 09:09:32.855879,8263.93,1854.92
258,258.0,258.0,258.0,258.0,258.0,0.2236,1,JordanManual,CCCAGG,0.2237,0.223,0.2237,XBY,1514403900,2017-12-28 09:09:32.855879,6750.57,1509.43
259,259.0,259.0,259.0,259.0,259.0,0.2233,1,JordanManual,CCCAGG,0.2237,0.2233,0.2237,XBY,1514404080,2017-12-28 09:09:32.855879,11695.41,2615.32
260,260.0,260.0,260.0,260.0,260.0,0.2211,1,JordanManual,CCCAGG,0.2227,0.2211,0.2227,XBY,1514404260,2017-12-28 09:09:32.855879,10548.22,2345.71
261,261.0,261.0,261.0,261.0,261.0,0.2217,1,JordanManual,CCCAGG,0.2217,0.221,0.221,XBY,1514404440,2017-12-28 09:09:32.855879,62470.91,13837.15
262,262.0,262.0,262.0,262.0,262.0,0.222,1,JordanManual,CCCAGG,0.222,0.2215,0.2215,XBY,1514404620,2017-12-28 09:09:32.855879,265.0,58.82
263,263.0,263.0,263.0,263.0,263.0,0.2239,1,JordanManual,CCCAGG,0.2239,0.2232,0.2232,XBY,1514404800,2017-12-28 09:09:32.855879,5187.41,1160.01
264,264.0,264.0,264.0,264.0,264.0,0.2233,1,JordanManual,CCCAGG,0.2239,0.2233,0.2239,XBY,1514404980,2017-12-28 09:09:32.855879,2968.67,662.9
265,265.0,265.0,265.0,265.0,265.0,0.2228,1,JordanManual,CCCAGG,0.2231,0.2227,0.2231,XBY,1514405160,2017-12-28 09:09:32.855879,5336.02,1188.6
266,266.0,266.0,266.0,266.0,266.0,0.2216,1,JordanManual,CCCAGG,0.2226,0.2216,0.2226,XBY,1514405340,2017-12-28 09:09:32.855879,3366.32,747.03
267,267.0,267.0,267.0,267.0,267.0,0.2213,1,JordanManual,CCCAGG,0.2218,0.2213,0.2218,XBY,1514405520,2017-12-28 09:09:32.855879,25266.44,5597.87
268,268.0,268.0,268.0,268.0,268.0,0.2224,1,JordanManual,CCCAGG,0.2224,0.2213,0.2213,XBY,1514405700,2017-12-28 09:09:32.855879,8680.0,1922.13
269,269.0,269.0,269.0,269.0,269.0,0.2266,1,JordanManual,CCCAGG,0.2266,0.222,0.222,XBY,1514405880,2017-12-28 09:09:32.855879,1020.54,226.7
270,270.0,270.0,270.0,270.0,270.0,0.2274,1,JordanManual,CCCAGG,0.2274,0.2266,0.2266,XBY,1514406060,2017-12-28 09:09:32.855879,2704.61,613.52
271,271.0,271.0,271.0,271.0,271.0,0.2274,1,JordanManual,CCCAGG,0.2281,0.2274,0.2277,XBY,1514406240,2017-12-28 09:09:32.855879,6011.28,1371.17
272,272.0,272.0,272.0,272.0,272.0,0.2259,1,JordanManual,CCCAGG,0.2266,0.2259,0.2266,XBY,1514406420,2017-12-28 09:09:32.855879,2381.72,538.59
273,273.0,273.0,273.0,273.0,273.0,0.2236,1,JordanManual,CCCAGG,0.2252,0.2236,0.2252,XBY,1514406600,2017-12-28 09:09:32.855879,1607.01,361.9
274,274.0,274.0,274.0,274.0,274.0,0.2257,1,JordanManual,CCCAGG,0.2263,0.2247,0.2257,XBY,1514406780,2017-12-28 09:09:32.855879,809.8,183.11
275,275.0,275.0,275.0,275.0,275.0,0.2254,1,JordanManual,CCCAGG,0.2262,0.2251,0.2262,XBY,1514406960,2017-12-28 09:09:32.855879,423.57,95.35
276,276.0,276.0,276.0,276.0,276.0,0.2265,1,JordanManual,CCCAGG,0.2265,0.2253,0.2253,XBY,1514407140,2017-12-28 09:09:32.855879,1548.76,350.64
277,277.0,277.0,277.0,277.0,277.0,0.2265,1,JordanManual,CCCAGG,0.2265,0.2262,0.2262,XBY,1514407320,2017-12-28 09:09:32.855879,0.0,0.0
278,278.0,278.0,278.0,278.0,278.0,0.2258,1,JordanManual,CCCAGG,0.2268,0.2253,0.2265,XBY,1514407500,2017-12-28 09:09:32.855879,31.81,7.17
279,279.0,279.0,279.0,279.0,279.0,0.226,1,JordanManual,CCCAGG,0.2265,0.226,0.226,XBY,1514407680,2017-12-28 09:09:32.855879,10012.32,2266.21
280,280.0,280.0,280.0,280.0,280.0,0.2263,1,JordanManual,CCCAGG,0.2263,0.2259,0.226,XBY,1514407860,2017-12-28 09:09:32.855879,8938.44,2019.19
281,281.0,281.0,281.0,281.0,281.0,0.2252,1,JordanManual,CCCAGG,0.2262,0.2252,0.2262,XBY,1514408040,2017-12-28 09:09:32.855879,283.1,63.98
282,282.0,282.0,282.0,282.0,282.0,0.2252,1,JordanManual,CCCAGG,0.2258,0.2252,0.2252,XBY,1514408220,2017-12-28 09:09:32.855879,103.8,23.44
283,283.0,283.0,283.0,283.0,283.0,0.2249,1,JordanManual,CCCAGG,0.2251,0.2248,0.2251,XBY,1514408400,2017-12-28 09:09:32.855879,250.0,56.2
284,284.0,284.0,284.0,284.0,284.0,0.2269,1,JordanManual,CCCAGG,0.2269,0.2255,0.2255,XBY,1514408580,2017-12-28 09:09:32.855879,0.0,0.0
285,285.0,285.0,285.0,285.0,285.0,0.2291,1,JordanManual,CCCAGG,0.2291,0.2269,0.2269,XBY,1514408760,2017-12-28 09:09:32.855879,202.55,46.2
286,286.0,286.0,286.0,286.0,286.0,0.2297,1,JordanManual,CCCAGG,0.2305,0.2297,0.23,XBY,1514408940,2017-12-28 09:09:32.855879,662.25,152.12
287,287.0,287.0,287.0,287.0,287.0,0.2304,1,JordanManual,CCCAGG,0.2304,0.2297,0.2297,XBY,1514409120,2017-12-28 09:09:32.855879,1032.31,237.3
288,288.0,288.0,288.0,288.0,288.0,0.2299,1,JordanManual,CCCAGG,0.2303,0.2299,0.2303,XBY,1514409300,2017-12-28 09:09:32.855879,5185.59,1192.17
289,289.0,289.0,289.0,289.0,289.0,0.2302,1,JordanManual,CCCAGG,0.2302,0.2296,0.2296,XBY,1514409480,2017-12-28 09:09:32.855879,60.0,13.81
290,290.0,290.0,290.0,290.0,290.0,0.2324,1,JordanManual,CCCAGG,0.2324,0.231,0.231,XBY,1514409660,2017-12-28 09:09:32.855879,694.44,160.81
291,291.0,291.0,291.0,291.0,291.0,0.2319,1,JordanManual,CCCAGG,0.233,0.2319,0.233,XBY,1514409840,2017-12-28 09:09:32.855879,28633.39,6667.51
292,292.0,292.0,292.0,292.0,292.0,0.2326,1,JordanManual,CCCAGG,0.2326,0.2323,0.2325,XBY,1514410020,2017-12-28 09:09:32.855879,0.0,0.0
293,293.0,293.0,293.0,293.0,293.0,0.2318,1,JordanManual,CCCAGG,0.2323,0.2318,0.2323,XBY,1514410200,2017-12-28 09:09:32.855879,3638.03,844.16
294,294.0,294.0,294.0,294.0,294.0,0.2317,1,JordanManual,CCCAGG,0.2317,0.2316,0.2316,XBY,1514410380,2017-12-28 09:09:32.855879,19548.55,4529.4
295,295.0,295.0,295.0,295.0,295.0,0.2322,1,JordanManual,CCCAGG,0.2322,0.2321,0.2321,XBY,1514410560,2017-12-28 09:09:32.855879,747.36,173.52
296,296.0,296.0,296.0,296.0,296.0,0.2322,1,JordanManual,CCCAGG,0.2323,0.232,0.232,XBY,1514410740,2017-12-28 09:09:32.855879,787.06,182.62
297,297.0,297.0,297.0,297.0,297.0,0.2303,1,JordanManual,CCCAGG,0.2317,0.2303,0.2317,XBY,1514410920,2017-12-28 09:09:32.855879,12795.85,2947.86
298,298.0,298.0,298.0,298.0,298.0,0.2317,1,JordanManual,CCCAGG,0.2317,0.231,0.231,XBY,1514411100,2017-12-28 09:09:32.855879,60.0,13.86
299,299.0,299.0,299.0,299.0,299.0,0.2299,1,JordanManual,CCCAGG,0.23,0.2297,0.23,XBY,1514411280,2017-12-28 09:09:32.855879,295.0,67.82
300,300.0,300.0,300.0,300.0,300.0,0.2303,1,JordanManual,CCCAGG,0.2303,0.2297,0.2301,XBY,1514411460,2017-12-28 09:09:32.855879,0.0,0.0
301,301.0,301.0,301.0,301.0,301.0,0.2299,1,JordanManual,CCCAGG,0.2302,0.2299,0.2301,XBY,1514411640,2017-12-28 09:09:32.855879,0.0,0.0
302,302.0,302.0,302.0,302.0,302.0,0.2309,1,JordanManual,CCCAGG,0.2309,0.23,0.23,XBY,1514411820,2017-12-28 09:09:32.855879,1164.34,267.8
303,303.0,303.0,303.0,303.0,303.0,0.2306,1,JordanManual,CCCAGG,0.2312,0.2306,0.2312,XBY,1514412000,2017-12-28 09:09:32.855879,5241.39,1210.08
304,304.0,304.0,304.0,304.0,304.0,0.231,1,JordanManual,CCCAGG,0.231,0.2303,0.2303,XBY,1514412180,2017-12-28 09:09:32.855879,9543.94,2201.79
305,305.0,305.0,305.0,305.0,305.0,0.2304,1,JordanManual,CCCAGG,0.2308,0.2304,0.2308,XBY,1514412360,2017-12-28 09:09:32.855879,0.0,0.0
306,306.0,306.0,306.0,306.0,306.0,0.2305,1,JordanManual,CCCAGG,0.2306,0.2304,0.2304,XBY,1514412540,2017-12-28 09:09:32.855879,0.0,0.0
307,307.0,307.0,307.0,307.0,307.0,0.2307,1,JordanManual,CCCAGG,0.2307,0.2305,0.2305,XBY,1514412720,2017-12-28 09:09:32.855879,0.0,0.0
308,308.0,308.0,308.0,308.0,308.0,0.232,1,JordanManual,CCCAGG,0.232,0.231,0.231,XBY,1514412900,2017-12-28 09:09:32.855879,0.0,0.0
309,309.0,309.0,309.0,309.0,309.0,0.2328,1,JordanManual,CCCAGG,0.2328,0.232,0.232,XBY,1514413080,2017-12-28 09:09:32.855879,0.0,0.0
310,310.0,310.0,310.0,310.0,310.0,0.2327,1,JordanManual,CCCAGG,0.2327,0.2326,0.2326,XBY,1514413260,2017-12-28 09:09:32.855879,0.0,0.0
311,311.0,311.0,311.0,311.0,311.0,0.235,1,JordanManual,CCCAGG,0.235,0.2332,0.2332,XBY,1514413440,2017-12-28 09:09:32.855879,3625.12,851.74
312,312.0,312.0,312.0,312.0,312.0,0.2349,1,JordanManual,CCCAGG,0.235,0.2349,0.235,XBY,1514413620,2017-12-28 09:09:32.855879,35959.72,8450.53
313,313.0,313.0,313.0,313.0,313.0,0.2354,1,JordanManual,CCCAGG,0.2354,0.235,0.235,XBY,1514413800,2017-12-28 09:09:32.855879,2910.72,684.02
314,314.0,314.0,314.0,314.0,314.0,0.2366,1,JordanManual,CCCAGG,0.2366,0.2362,0.2362,XBY,1514413980,2017-12-28 09:09:32.855879,1718.33,406.04
315,315.0,315.0,315.0,315.0,315.0,0.2365,1,JordanManual,CCCAGG,0.2368,0.2365,0.2366,XBY,1514414160,2017-12-28 09:09:32.855879,24383.63,5770.17
316,316.0,316.0,316.0,316.0,316.0,0.236,1,JordanManual,CCCAGG,0.2361,0.236,0.2361,XBY,1514414340,2017-12-28 09:09:32.855879,28186.12,6651.92
317,317.0,317.0,317.0,317.0,317.0,0.2349,1,JordanManual,CCCAGG,0.2353,0.2349,0.2353,XBY,1514414520,2017-12-28 09:09:32.855879,0.0,0.0
318,318.0,318.0,318.0,318.0,318.0,0.2358,1,JordanManual,CCCAGG,0.2359,0.2351,0.2351,XBY,1514414700,2017-12-28 09:09:32.855879,20000.0,4716.0
319,319.0,319.0,319.0,319.0,319.0,0.2329,1,JordanManual,CCCAGG,0.2359,0.2329,0.2359,XBY,1514414880,2017-12-28 09:09:32.855879,5163.11,1204.94
320,320.0,320.0,320.0,320.0,320.0,0.2341,1,JordanManual,CCCAGG,0.2341,0.2328,0.2328,XBY,1514415060,2017-12-28 09:09:32.855879,66536.52,15576.2
321,321.0,321.0,321.0,321.0,321.0,0.2335,1,JordanManual,CCCAGG,0.2341,0.2335,0.2341,XBY,1514415240,2017-12-28 09:09:32.855879,0.0,0.0
322,322.0,322.0,322.0,322.0,322.0,0.233,1,JordanManual,CCCAGG,0.233,0.2329,0.2329,XBY,1514415420,2017-12-28 09:09:32.855879,5455.89,1270.91
323,323.0,323.0,323.0,323.0,323.0,0.233,1,JordanManual,CCCAGG,0.2332,0.233,0.2332,XBY,1514415600,2017-12-28 09:09:32.855879,0.0,0.0
324,324.0,324.0,324.0,324.0,324.0,0.2321,1,JordanManual,CCCAGG,0.2327,0.2321,0.2327,XBY,1514415780,2017-12-28 09:09:32.855879,320.14,74.45
325,325.0,325.0,325.0,325.0,325.0,0.2325,1,JordanManual,CCCAGG,0.2325,0.2322,0.2322,XBY,1514415960,2017-12-28 09:09:32.855879,2138.52,497.08
326,326.0,326.0,326.0,326.0,326.0,0.2327,1,JordanManual,CCCAGG,0.2327,0.2324,0.2324,XBY,1514416140,2017-12-28 09:09:32.855879,0.0,0.0
327,327.0,327.0,327.0,327.0,327.0,0.2338,1,JordanManual,CCCAGG,0.2338,0.2331,0.2331,XBY,1514416320,2017-12-28 09:09:32.855879,7453.26,1739.37
328,328.0,328.0,328.0,328.0,328.0,0.2332,1,JordanManual,CCCAGG,0.2339,0.2332,0.2339,XBY,1514416500,2017-12-28 09:09:32.855879,0.0,0.0
329,329.0,329.0,329.0,329.0,329.0,0.2335,1,JordanManual,CCCAGG,0.2335,0.2331,0.2331,XBY,1514416680,2017-12-28 09:09:32.855879,96.15,22.43
330,330.0,330.0,330.0,330.0,330.0,0.2342,1,JordanManual,CCCAGG,0.2342,0.2333,0.2333,XBY,1514416860,2017-12-28 09:09:32.855879,404.8,94.54
331,331.0,331.0,331.0,331.0,331.0,0.2345,1,JordanManual,CCCAGG,0.2345,0.2342,0.2342,XBY,1514417040,2017-12-28 09:09:32.855879,5072.13,1188.39
332,332.0,332.0,332.0,332.0,332.0,0.2344,1,JordanManual,CCCAGG,0.2344,0.2344,0.2344,XBY,1514417220,2017-12-28 09:09:32.855879,1135.15,266.08
333,333.0,333.0,333.0,333.0,333.0,0.2343,1,JordanManual,CCCAGG,0.2343,0.2342,0.2343,XBY,1514417400,2017-12-28 09:09:32.855879,542.22,127.04
334,334.0,334.0,334.0,334.0,334.0,0.2359,1,JordanManual,CCCAGG,0.2359,0.2357,0.2357,XBY,1514417580,2017-12-28 09:09:32.855879,522.54,123.16
335,335.0,335.0,335.0,335.0,335.0,0.2365,1,JordanManual,CCCAGG,0.2366,0.2364,0.2364,XBY,1514417760,2017-12-28 09:09:32.855879,23900.36,5652.43
336,336.0,336.0,336.0,336.0,336.0,0.2364,1,JordanManual,CCCAGG,0.2369,0.2364,0.2367,XBY,1514417940,2017-12-28 09:09:32.855879,0.0,0.0
337,337.0,337.0,337.0,337.0,337.0,0.2366,1,JordanManual,CCCAGG,0.2366,0.2363,0.2363,XBY,1514418120,2017-12-28 09:09:32.855879,6644.88,1570.26
338,338.0,338.0,338.0,338.0,338.0,0.2367,1,JordanManual,CCCAGG,0.237,0.2367,0.237,XBY,1514418300,2017-12-28 09:09:32.855879,1821.96,431.35
339,339.0,339.0,339.0,339.0,339.0,0.2365,1,JordanManual,CCCAGG,0.2367,0.2364,0.2367,XBY,1514418480,2017-12-28 09:09:32.855879,30549.64,7230.81
340,340.0,340.0,340.0,340.0,340.0,0.2357,1,JordanManual,CCCAGG,0.2364,0.2357,0.2363,XBY,1514418660,2017-12-28 09:09:32.855879,314.27,74.07
341,341.0,341.0,341.0,341.0,341.0,0.2358,1,JordanManual,CCCAGG,0.2358,0.2355,0.2358,XBY,1514418840,2017-12-28 09:09:32.855879,6179.99,1457.24
342,342.0,342.0,342.0,342.0,342.0,0.2357,1,JordanManual,CCCAGG,0.2358,0.2357,0.2357,XBY,1514419020,2017-12-28 09:09:32.855879,1600.0,377.12
343,343.0,343.0,343.0,343.0,343.0,0.2365,1,JordanManual,CCCAGG,0.2365,0.236,0.236,XBY,1514419200,2017-12-28 09:09:32.855879,0.0,0.0
344,344.0,344.0,344.0,344.0,344.0,0.2284,1,JordanManual,CCCAGG,0.2364,0.2284,0.2364,XBY,1514419380,2017-12-28 09:09:32.855879,3807.11,869.67
345,345.0,345.0,345.0,345.0,345.0,0.2285,1,JordanManual,CCCAGG,0.2285,0.2281,0.2281,XBY,1514419560,2017-12-28 09:09:32.855879,20152.11,4602.02
346,346.0,346.0,346.0,346.0,346.0,0.2289,1,JordanManual,CCCAGG,0.2289,0.2286,0.2286,XBY,1514419740,2017-12-28 09:09:32.855879,10422.16,2382.6
347,347.0,347.0,347.0,347.0,347.0,0.2287,1,JordanManual,CCCAGG,0.2288,0.2287,0.2288,XBY,1514419920,2017-12-28 09:09:32.855879,2969.98,679.53
348,348.0,348.0,348.0,348.0,348.0,0.2305,1,JordanManual,CCCAGG,0.2305,0.2287,0.2287,XBY,1514420100,2017-12-28 09:09:32.855879,129285.58,29800.21
349,349.0,349.0,349.0,349.0,349.0,0.2271,1,JordanManual,CCCAGG,0.2272,0.2271,0.2272,XBY,1514420280,2017-12-28 09:09:32.855879,244.78,55.61
350,350.0,350.0,350.0,350.0,350.0,0.2268,1,JordanManual,CCCAGG,0.227,0.2268,0.227,XBY,1514420460,2017-12-28 09:09:32.855879,0.0,0.0
351,351.0,351.0,351.0,351.0,351.0,0.225,1,JordanManual,CCCAGG,0.2267,0.225,0.2267,XBY,1514420640,2017-12-28 09:09:32.855879,8476.74,1911.4
352,352.0,352.0,352.0,352.0,352.0,0.2241,1,JordanManual,CCCAGG,0.2245,0.2241,0.2245,XBY,1514420820,2017-12-28 09:09:32.855879,7473.42,1675.81
353,353.0,353.0,353.0,353.0,353.0,0.2231,1,JordanManual,CCCAGG,0.2235,0.2228,0.2235,XBY,1514421000,2017-12-28 09:09:32.855879,8596.12,1921.13
354,354.0,354.0,354.0,354.0,354.0,0.2229,1,JordanManual,CCCAGG,0.2229,0.2224,0.2224,XBY,1514421180,2017-12-28 09:09:32.855879,2494.39,554.78
355,355.0,355.0,355.0,355.0,355.0,0.2228,1,JordanManual,CCCAGG,0.223,0.2228,0.2229,XBY,1514421360,2017-12-28 09:09:32.855879,0.0,0.0
356,356.0,356.0,356.0,356.0,356.0,0.2232,1,JordanManual,CCCAGG,0.2233,0.2232,0.2232,XBY,1514421540,2017-12-28 09:09:32.855879,395.51,88.28
357,357.0,357.0,357.0,357.0,357.0,0.2232,1,JordanManual,CCCAGG,0.2233,0.2232,0.2232,XBY,1514421720,2017-12-28 09:09:32.855879,365.0,81.5
358,358.0,358.0,358.0,358.0,358.0,0.2215,1,JordanManual,CCCAGG,0.223,0.2215,0.223,XBY,1514421900,2017-12-28 09:09:32.855879,5788.57,1285.61
359,359.0,359.0,359.0,359.0,359.0,0.2216,1,JordanManual,CCCAGG,0.2218,0.2214,0.2214,XBY,1514422080,2017-12-28 09:09:32.855879,3339.39,739.34
360,360.0,360.0,360.0,360.0,360.0,0.2216,1,JordanManual,CCCAGG,0.2216,0.2212,0.2212,XBY,1514422260,2017-12-28 09:09:32.855879,0.0,0.0
361,361.0,361.0,361.0,361.0,361.0,0.2223,1,JordanManual,CCCAGG,0.2224,0.222,0.222,XBY,1514422440,2017-12-28 09:09:32.855879,1997.48,443.68
362,362.0,362.0,362.0,362.0,362.0,0.2228,1,JordanManual,CCCAGG,0.2228,0.2225,0.2225,XBY,1514422620,2017-12-28 09:09:32.855879,0.0,0.0
363,363.0,363.0,363.0,363.0,363.0,0.2227,1,JordanManual,CCCAGG,0.2231,0.2227,0.2228,XBY,1514422800,2017-12-28 09:09:32.855879,747.28,166.49
364,364.0,364.0,364.0,364.0,364.0,0.229,1,JordanManual,CCCAGG,0.229,0.2273,0.2273,XBY,1514422980,2017-12-28 09:09:32.855879,344.52,78.62
365,365.0,365.0,365.0,365.0,365.0,0.2292,1,JordanManual,CCCAGG,0.2292,0.2291,0.2291,XBY,1514423160,2017-12-28 09:09:32.855879,0.0,0.0
366,366.0,366.0,366.0,366.0,366.0,0.2286,1,JordanManual,CCCAGG,0.2291,0.2286,0.2291,XBY,1514423340,2017-12-28 09:09:32.855879,1664.12,380.88
367,367.0,367.0,367.0,367.0,367.0,0.2277,1,JordanManual,CCCAGG,0.2284,0.2277,0.2284,XBY,1514423520,2017-12-28 09:09:32.855879,1549.35,353.84
368,368.0,368.0,368.0,368.0,368.0,0.2287,1,JordanManual,CCCAGG,0.2287,0.2284,0.2284,XBY,1514423700,2017-12-28 09:09:32.855879,3648.49,834.38
369,369.0,369.0,369.0,369.0,369.0,0.228,1,JordanManual,CCCAGG,0.2287,0.228,0.2287,XBY,1514423880,2017-12-28 09:09:32.855879,8145.3,1861.91
370,370.0,370.0,370.0,370.0,370.0,0.229,1,JordanManual,CCCAGG,0.229,0.2284,0.2284,XBY,1514424060,2017-12-28 09:09:32.855879,703.7,161.15
371,371.0,371.0,371.0,371.0,371.0,0.2299,1,JordanManual,CCCAGG,0.2299,0.2294,0.2294,XBY,1514424240,2017-12-28 09:09:32.855879,1843.12,423.74
372,372.0,372.0,372.0,372.0,372.0,0.2293,1,JordanManual,CCCAGG,0.23,0.2291,0.2298,XBY,1514424420,2017-12-28 09:09:32.855879,4000.0,917.94
373,373.0,373.0,373.0,373.0,373.0,0.2296,1,JordanManual,CCCAGG,0.2296,0.2293,0.2293,XBY,1514424600,2017-12-28 09:09:32.855879,6870.91,1577.11
374,374.0,374.0,374.0,374.0,374.0,0.2294,1,JordanManual,CCCAGG,0.2296,0.2294,0.2295,XBY,1514424780,2017-12-28 09:09:32.855879,62.19,14.27
375,375.0,375.0,375.0,375.0,375.0,0.2289,1,JordanManual,CCCAGG,0.2292,0.2289,0.2292,XBY,1514424960,2017-12-28 09:09:32.855879,50.0,11.46
376,376.0,376.0,376.0,376.0,376.0,0.2285,1,JordanManual,CCCAGG,0.2286,0.2285,0.2286,XBY,1514425140,2017-12-28 09:09:32.855879,0.0,0.0
377,377.0,377.0,377.0,377.0,377.0,0.2287,1,JordanManual,CCCAGG,0.2287,0.2286,0.2286,XBY,1514425320,2017-12-28 09:09:32.855879,79.89,18.27
378,378.0,378.0,378.0,378.0,378.0,0.2293,1,JordanManual,CCCAGG,0.2293,0.2288,0.2288,XBY,1514425500,2017-12-28 09:09:32.855879,3566.66,816.34
379,379.0,379.0,379.0,379.0,379.0,0.2291,1,JordanManual,CCCAGG,0.2292,0.2291,0.2292,XBY,1514425680,2017-12-28 09:09:32.855879,0.0,0.0
380,380.0,380.0,380.0,380.0,380.0,0.2292,1,JordanManual,CCCAGG,0.2292,0.229,0.229,XBY,1514425860,2017-12-28 09:09:32.855879,147263.96,33738.17
381,381.0,381.0,381.0,381.0,381.0,0.2295,1,JordanManual,CCCAGG,0.2295,0.2291,0.2291,XBY,1514426040,2017-12-28 09:09:32.855879,302.25,69.31
382,382.0,382.0,382.0,382.0,382.0,0.2303,1,JordanManual,CCCAGG,0.2303,0.2299,0.2299,XBY,1514426220,2017-12-28 09:09:32.855879,2755.58,633.91
383,383.0,383.0,383.0,383.0,383.0,0.231,1,JordanManual,CCCAGG,0.231,0.2308,0.2308,XBY,1514426400,2017-12-28 09:09:32.855879,0.0,0.0
384,384.0,384.0,384.0,384.0,384.0,0.2299,1,JordanManual,CCCAGG,0.2306,0.2299,0.2306,XBY,1514426580,2017-12-28 09:09:32.855879,0.0,0.0
385,385.0,385.0,385.0,385.0,385.0,0.2302,1,JordanManual,CCCAGG,0.2304,0.2302,0.2304,XBY,1514426760,2017-12-28 09:09:32.855879,549.49,126.53
386,386.0,386.0,386.0,386.0,386.0,0.229,1,JordanManual,CCCAGG,0.2296,0.229,0.2296,XBY,1514426940,2017-12-28 09:09:32.855879,0.0,0.0
387,387.0,387.0,387.0,387.0,387.0,0.2278,1,JordanManual,CCCAGG,0.229,0.2278,0.229,XBY,1514427120,2017-12-28 09:09:32.855879,2885.12,657.23
388,388.0,388.0,388.0,388.0,388.0,0.2278,1,JordanManual,CCCAGG,0.2281,0.2278,0.228,XBY,1514427300,2017-12-28 09:09:32.855879,206.22,46.98
389,389.0,389.0,389.0,389.0,389.0,0.2273,1,JordanManual,CCCAGG,0.2275,0.2273,0.2275,XBY,1514427480,2017-12-28 09:09:32.855879,0.0,0.0
390,390.0,390.0,390.0,390.0,390.0,0.2275,1,JordanManual,CCCAGG,0.2276,0.2275,0.2275,XBY,1514427660,2017-12-28 09:09:32.855879,20933.74,4762.43
391,391.0,391.0,391.0,391.0,391.0,0.2278,1,JordanManual,CCCAGG,0.2278,0.2276,0.2276,XBY,1514427840,2017-12-28 09:09:32.855879,902.88,205.68
392,392.0,392.0,392.0,392.0,392.0,0.2276,1,JordanManual,CCCAGG,0.2277,0.2276,0.2277,XBY,1514428020,2017-12-28 09:09:32.855879,2401.68,546.63
393,393.0,393.0,393.0,393.0,393.0,0.2258,1,JordanManual,CCCAGG,0.2268,0.2258,0.2268,XBY,1514428200,2017-12-28 09:09:32.855879,794.08,179.36
394,394.0,394.0,394.0,394.0,394.0,0.2254,1,JordanManual,CCCAGG,0.2259,0.2254,0.2259,XBY,1514428380,2017-12-28 09:09:32.855879,2617.18,590.82
395,395.0,395.0,395.0,395.0,395.0,0.2228,1,JordanManual,CCCAGG,0.2258,0.2228,0.2258,XBY,1514428560,2017-12-28 09:09:32.855879,1208.27,269.2
396,396.0,396.0,396.0,396.0,396.0,0.2217,1,JordanManual,CCCAGG,0.2217,0.221,0.2213,XBY,1514428740,2017-12-28 09:09:32.855879,2305.19,509.45
397,397.0,397.0,397.0,397.0,397.0,0.2194,1,JordanManual,CCCAGG,0.2212,0.2194,0.2212,XBY,1514428920,2017-12-28 09:09:32.855879,263.02,57.92
398,398.0,398.0,398.0,398.0,398.0,0.2168,1,JordanManual,CCCAGG,0.2183,0.2168,0.2183,XBY,1514429100,2017-12-28 09:09:32.855879,0.0,0.0
399,399.0,399.0,399.0,399.0,399.0,0.212,1,JordanManual,CCCAGG,0.2132,0.212,0.2132,XBY,1514429280,2017-12-28 09:09:32.855879,655.62,139.78
400,400.0,400.0,400.0,400.0,400.0,0.2072,1,JordanManual,CCCAGG,0.2096,0.2072,0.2096,XBY,1514429460,2017-12-28 09:09:32.855879,4895.91,1015.64
401,401.0,401.0,401.0,401.0,401.0,0.2121,1,JordanManual,CCCAGG,0.2121,0.2106,0.2106,XBY,1514429640,2017-12-28 09:09:32.855879,0.0,0.0
402,402.0,402.0,402.0,402.0,402.0,0.2102,1,JordanManual,CCCAGG,0.2129,0.2102,0.2129,XBY,1514429820,2017-12-28 09:09:32.855879,743.42,157.16
403,403.0,403.0,403.0,403.0,403.0,0.2129,1,JordanManual,CCCAGG,0.2129,0.2104,0.2104,XBY,1514430000,2017-12-28 09:09:32.855879,6946.43,1463.64
404,404.0,404.0,404.0,404.0,404.0,0.2076,1,JordanManual,CCCAGG,0.2111,0.2076,0.2111,XBY,1514430180,2017-12-28 09:09:32.855879,10516.17,2190.6
405,405.0,405.0,405.0,405.0,405.0,0.2068,1,JordanManual,CCCAGG,0.2068,0.2057,0.2062,XBY,1514430360,2017-12-28 09:09:32.855879,588.7,121.1
406,406.0,406.0,406.0,406.0,406.0,0.2071,1,JordanManual,CCCAGG,0.2081,0.2071,0.2081,XBY,1514430540,2017-12-28 09:09:32.855879,1135.0,236.14
407,407.0,407.0,407.0,407.0,407.0,0.2101,1,JordanManual,CCCAGG,0.2106,0.2093,0.2093,XBY,1514430720,2017-12-28 09:09:32.855879,79323.4,16695.53
408,408.0,408.0,408.0,408.0,408.0,0.211,1,JordanManual,CCCAGG,0.211,0.2102,0.2102,XBY,1514430900,2017-12-28 09:09:32.855879,10142.82,2138.02
409,409.0,409.0,409.0,409.0,409.0,0.2126,1,JordanManual,CCCAGG,0.2163,0.2086,0.2105,XBY,1514431080,2017-12-28 09:09:32.855879,2172.83,461.07
410,410.0,410.0,410.0,410.0,410.0,0.213,1,JordanManual,CCCAGG,0.2133,0.213,0.2133,XBY,1514431260,2017-12-28 09:09:32.855879,545.81,116.42
411,411.0,411.0,411.0,411.0,411.0,0.2124,1,JordanManual,CCCAGG,0.2124,0.212,0.212,XBY,1514431440,2017-12-28 09:09:32.855879,470.0,99.69
412,412.0,412.0,412.0,412.0,412.0,0.2087,1,JordanManual,CCCAGG,0.212,0.2087,0.212,XBY,1514431620,2017-12-28 09:09:32.855879,4119.35,867.89
413,413.0,413.0,413.0,413.0,413.0,0.21,1,JordanManual,CCCAGG,0.2102,0.2098,0.2098,XBY,1514431800,2017-12-28 09:09:32.855879,6705.91,1408.37
414,414.0,414.0,414.0,414.0,414.0,0.2068,1,JordanManual,CCCAGG,0.2094,0.2068,0.2094,XBY,1514431980,2017-12-28 09:09:32.855879,0.0,0.0
415,415.0,415.0,415.0,415.0,415.0,0.2038,1,JordanManual,CCCAGG,0.206,0.2038,0.206,XBY,1514432160,2017-12-28 09:09:32.855879,8628.84,1760.1
416,416.0,416.0,416.0,416.0,416.0,0.2074,1,JordanManual,CCCAGG,0.2074,0.2033,0.2033,XBY,1514432340,2017-12-28 09:09:32.855879,61943.4,12748.41
417,417.0,417.0,417.0,417.0,417.0,0.2081,1,JordanManual,CCCAGG,0.2081,0.2063,0.2063,XBY,1514432520,2017-12-28 09:09:32.855879,1358.35,280.25
418,418.0,418.0,418.0,418.0,418.0,0.209,1,JordanManual,CCCAGG,0.2093,0.2084,0.2093,XBY,1514432700,2017-12-28 09:09:32.855879,0.0,0.0
419,419.0,419.0,419.0,419.0,419.0,0.2089,1,JordanManual,CCCAGG,0.2092,0.2086,0.2086,XBY,1514432880,2017-12-28 09:09:32.855879,0.0,0.0
420,420.0,420.0,420.0,420.0,420.0,0.211,1,JordanManual,CCCAGG,0.2113,0.2095,0.2095,XBY,1514433060,2017-12-28 09:09:32.855879,0.0,0.0
421,421.0,421.0,421.0,421.0,421.0,0.2111,1,JordanManual,CCCAGG,0.2115,0.211,0.211,XBY,1514433240,2017-12-28 09:09:32.855879,0.0,0.0
422,422.0,422.0,422.0,422.0,422.0,0.2148,1,JordanManual,CCCAGG,0.2148,0.21,0.21,XBY,1514433420,2017-12-28 09:09:32.855879,334.36,71.82
423,423.0,423.0,423.0,423.0,423.0,0.2143,1,JordanManual,CCCAGG,0.2158,0.2143,0.2158,XBY,1514433600,2017-12-28 09:09:32.855879,0.0,0.0
424,424.0,424.0,424.0,424.0,424.0,0.2125,1,JordanManual,CCCAGG,0.2149,0.2125,0.2142,XBY,1514433780,2017-12-28 09:09:32.855879,554.48,119.1
425,425.0,425.0,425.0,425.0,425.0,0.2136,1,JordanManual,CCCAGG,0.2137,0.2124,0.2124,XBY,1514433960,2017-12-28 09:09:32.855879,2048.56,435.79
426,426.0,426.0,426.0,426.0,426.0,0.2156,1,JordanManual,CCCAGG,0.2156,0.2145,0.2145,XBY,1514434140,2017-12-28 09:09:32.855879,2294.17,494.47
427,427.0,427.0,427.0,427.0,427.0,0.2155,1,JordanManual,CCCAGG,0.2157,0.2154,0.2154,XBY,1514434320,2017-12-28 09:09:32.855879,1020.17,219.85
428,428.0,428.0,428.0,428.0,428.0,0.2165,1,JordanManual,CCCAGG,0.2165,0.2154,0.2154,XBY,1514434500,2017-12-28 09:09:32.855879,301.48,65.15
429,429.0,429.0,429.0,429.0,429.0,0.217,1,JordanManual,CCCAGG,0.2178,0.217,0.2177,XBY,1514434680,2017-12-28 09:09:32.855879,0.0,0.0
430,430.0,430.0,430.0,430.0,430.0,0.2187,1,JordanManual,CCCAGG,0.2187,0.2173,0.2173,XBY,1514434860,2017-12-28 09:09:32.855879,0.0,0.0
431,431.0,431.0,431.0,431.0,431.0,0.2185,1,JordanManual,CCCAGG,0.2188,0.2185,0.2188,XBY,1514435040,2017-12-28 09:09:32.855879,0.0,0.0
432,432.0,432.0,432.0,432.0,432.0,0.2187,1,JordanManual,CCCAGG,0.2187,0.2177,0.2177,XBY,1514435220,2017-12-28 09:09:32.855879,0.0,0.0
433,433.0,433.0,433.0,433.0,433.0,0.2199,1,JordanManual,CCCAGG,0.2204,0.2197,0.2197,XBY,1514435400,2017-12-28 09:09:32.855879,5955.44,1312.13
434,434.0,434.0,434.0,434.0,434.0,0.2131,1,JordanManual,CCCAGG,0.2136,0.2131,0.2136,XBY,1514435580,2017-12-28 09:09:32.855879,369.21,78.75
435,435.0,435.0,435.0,435.0,435.0,0.2121,1,JordanManual,CCCAGG,0.2122,0.2119,0.2119,XBY,1514435760,2017-12-28 09:09:32.855879,793.54,168.39
436,436.0,436.0,436.0,436.0,436.0,0.2122,1,JordanManual,CCCAGG,0.2122,0.212,0.2122,XBY,1514435940,2017-12-28 09:09:32.855879,5451.5,1156.81
437,437.0,437.0,437.0,437.0,437.0,0.2124,1,JordanManual,CCCAGG,0.2125,0.2123,0.2125,XBY,1514436120,2017-12-28 09:09:32.855879,14669.77,3115.29
438,438.0,438.0,438.0,438.0,438.0,0.2104,1,JordanManual,CCCAGG,0.2119,0.2098,0.2119,XBY,1514436300,2017-12-28 09:09:32.855879,7912.15,1675.45
439,439.0,439.0,439.0,439.0,439.0,0.2113,1,JordanManual,CCCAGG,0.2113,0.2106,0.2106,XBY,1514436480,2017-12-28 09:09:32.855879,1477.22,312.14
440,440.0,440.0,440.0,440.0,440.0,0.2095,1,JordanManual,CCCAGG,0.2113,0.2095,0.2113,XBY,1514436660,2017-12-28 09:09:32.855879,50.0,10.48
441,441.0,441.0,441.0,441.0,441.0,0.2095,1,JordanManual,CCCAGG,0.21,0.2095,0.2096,XBY,1514436840,2017-12-28 09:09:32.855879,59.68,12.53
442,442.0,442.0,442.0,442.0,442.0,0.2101,1,JordanManual,CCCAGG,0.2101,0.2095,0.2096,XBY,1514437020,2017-12-28 09:09:32.855879,9026.0,1893.36
443,443.0,443.0,443.0,443.0,443.0,0.2107,1,JordanManual,CCCAGG,0.2108,0.2105,0.2105,XBY,1514437200,2017-12-28 09:09:32.855879,207.18,43.65
444,444.0,444.0,444.0,444.0,444.0,0.2092,1,JordanManual,CCCAGG,0.2099,0.2092,0.2099,XBY,1514437380,2017-12-28 09:09:32.855879,3822.87,801.26
445,445.0,445.0,445.0,445.0,445.0,0.207,1,JordanManual,CCCAGG,0.209,0.207,0.209,XBY,1514437560,2017-12-28 09:09:32.855879,34.51,7.17
446,446.0,446.0,446.0,446.0,446.0,0.2073,1,JordanManual,CCCAGG,0.2075,0.2072,0.2075,XBY,1514437740,2017-12-28 09:09:32.855879,68.54,14.21
447,447.0,447.0,447.0,447.0,447.0,0.206,1,JordanManual,CCCAGG,0.2075,0.206,0.2075,XBY,1514437920,2017-12-28 09:09:32.855879,3188.62,660.59
448,448.0,448.0,448.0,448.0,448.0,0.2055,1,JordanManual,CCCAGG,0.2065,0.2055,0.2065,XBY,1514438100,2017-12-28 09:09:32.855879,0.0,0.0
449,449.0,449.0,449.0,449.0,449.0,0.2026,1,JordanManual,CCCAGG,0.2045,0.2026,0.2045,XBY,1514438280,2017-12-28 09:09:32.855879,0.0,0.0
450,450.0,450.0,450.0,450.0,450.0,0.204,1,JordanManual,CCCAGG,0.204,0.2025,0.2025,XBY,1514438460,2017-12-28 09:09:32.855879,372.0,75.57
451,451.0,451.0,451.0,451.0,451.0,0.205,1,JordanManual,CCCAGG,0.2051,0.2044,0.2051,XBY,1514438640,2017-12-28 09:09:32.855879,865.0,177.26
452,452.0,452.0,452.0,452.0,452.0,0.2066,1,JordanManual,CCCAGG,0.2066,0.2056,0.2056,XBY,1514438820,2017-12-28 09:09:32.855879,55.0,11.33
453,453.0,453.0,453.0,453.0,453.0,0.2064,1,JordanManual,CCCAGG,0.2071,0.2064,0.2071,XBY,1514439000,2017-12-28 09:09:32.855879,1000.0,206.6
454,454.0,454.0,454.0,454.0,454.0,0.2045,1,JordanManual,CCCAGG,0.2056,0.2045,0.2056,XBY,1514439180,2017-12-28 09:09:32.855879,350.0,71.65
455,455.0,455.0,455.0,455.0,455.0,0.2049,1,JordanManual,CCCAGG,0.2049,0.2049,0.2049,XBY,1514439360,2017-12-28 09:09:32.855879,135032.27,27668.11
456,456.0,456.0,456.0,456.0,456.0,0.2038,1,JordanManual,CCCAGG,0.2049,0.2038,0.2049,XBY,1514439540,2017-12-28 09:09:32.855879,91.27,18.6
457,457.0,457.0,457.0,457.0,457.0,0.2015,1,JordanManual,CCCAGG,0.2029,0.2015,0.2029,XBY,1514439720,2017-12-28 09:09:32.855879,40.76,8.21
458,458.0,458.0,458.0,458.0,458.0,0.2021,1,JordanManual,CCCAGG,0.2021,0.2003,0.2003,XBY,1514439900,2017-12-28 09:09:32.855879,3927.85,793.64
459,459.0,459.0,459.0,459.0,459.0,0.2027,1,JordanManual,CCCAGG,0.2027,0.2019,0.2024,XBY,1514440080,2017-12-28 09:09:32.855879,1500.0,303.6
460,460.0,460.0,460.0,460.0,460.0,0.1994,1,JordanManual,CCCAGG,0.2039,0.1987,0.2039,XBY,1514440260,2017-12-28 09:09:32.855879,813.0,161.89
461,461.0,461.0,461.0,461.0,461.0,0.1972,1,JordanManual,CCCAGG,0.1983,0.1972,0.1983,XBY,1514440440,2017-12-28 09:09:32.855879,35972.57,7100.42
462,462.0,462.0,462.0,462.0,462.0,0.1971,1,JordanManual,CCCAGG,0.1975,0.1967,0.1967,XBY,1514440620,2017-12-28 09:09:32.855879,7865.7,1547.18
463,463.0,463.0,463.0,463.0,463.0,0.1999,1,JordanManual,CCCAGG,0.1999,0.1969,0.1969,XBY,1514440800,2017-12-28 09:09:32.855879,1228.77,245.63
464,464.0,464.0,464.0,464.0,464.0,0.1993,1,JordanManual,CCCAGG,0.1997,0.1993,0.1997,XBY,1514440980,2017-12-28 09:09:32.855879,1060.5,211.56
465,465.0,465.0,465.0,465.0,465.0,0.1992,1,JordanManual,CCCAGG,0.1993,0.1984,0.1984,XBY,1514441160,2017-12-28 09:09:32.855879,6390.75,1268.0
466,466.0,466.0,466.0,466.0,466.0,0.2006,1,JordanManual,CCCAGG,0.2009,0.1993,0.1993,XBY,1514441340,2017-12-28 09:09:32.855879,1491.38,298.36
467,467.0,467.0,467.0,467.0,467.0,0.2015,1,JordanManual,CCCAGG,0.2021,0.2013,0.2013,XBY,1514441520,2017-12-28 09:09:32.855879,440.23,88.97
468,468.0,468.0,468.0,468.0,468.0,0.2013,1,JordanManual,CCCAGG,0.2015,0.201,0.2015,XBY,1514441700,2017-12-28 09:09:32.855879,14150.59,2848.51
469,469.0,469.0,469.0,469.0,469.0,0.201,1,JordanManual,CCCAGG,0.2017,0.201,0.2017,XBY,1514441880,2017-12-28 09:09:32.855879,3643.28,734.82
470,470.0,470.0,470.0,470.0,470.0,0.1998,1,JordanManual,CCCAGG,0.2001,0.1993,0.2001,XBY,1514442060,2017-12-28 09:09:32.855879,100.81,20.17
471,471.0,471.0,471.0,471.0,471.0,0.2001,1,JordanManual,CCCAGG,0.2004,0.1996,0.2004,XBY,1514442240,2017-12-28 09:09:32.855879,168.77,33.81
472,472.0,472.0,472.0,472.0,472.0,0.2008,1,JordanManual,CCCAGG,0.2008,0.2003,0.2003,XBY,1514442420,2017-12-28 09:09:32.855879,2405.32,482.04
473,473.0,473.0,473.0,473.0,473.0,0.2028,1,JordanManual,CCCAGG,0.2028,0.2012,0.2012,XBY,1514442600,2017-12-28 09:09:32.855879,19643.73,3983.67
474,474.0,474.0,474.0,474.0,474.0,0.2022,1,JordanManual,CCCAGG,0.2026,0.2022,0.2023,XBY,1514442780,2017-12-28 09:09:32.855879,6722.3,1360.58
475,475.0,475.0,475.0,475.0,475.0,0.2019,1,JordanManual,CCCAGG,0.2019,0.2014,0.2016,XBY,1514442960,2017-12-28 09:09:32.855879,1450.49,292.26
476,476.0,476.0,476.0,476.0,476.0,0.2021,1,JordanManual,CCCAGG,0.2021,0.2018,0.2018,XBY,1514443140,2017-12-28 09:09:32.855879,29328.24,5927.24
477,477.0,477.0,477.0,477.0,477.0,0.2012,1,JordanManual,CCCAGG,0.2019,0.2012,0.2019,XBY,1514443320,2017-12-28 09:09:32.855879,13157.05,2652.46
478,478.0,478.0,478.0,478.0,478.0,0.1999,1,JordanManual,CCCAGG,0.2005,0.1994,0.2005,XBY,1514443500,2017-12-28 09:09:32.855879,64361.43,12903.18
479,479.0,479.0,479.0,479.0,479.0,0.2,1,JordanManual,CCCAGG,0.2,0.1995,0.1995,XBY,1514443680,2017-12-28 09:09:32.855879,0.0,0.0
480,480.0,480.0,480.0,480.0,480.0,0.2018,1,JordanManual,CCCAGG,0.2018,0.201,0.201,XBY,1514443860,2017-12-28 09:09:32.855879,0.0,0.0
481,481.0,481.0,481.0,481.0,481.0,0.2013,1,JordanManual,CCCAGG,0.2018,0.2013,0.2018,XBY,1514444040,2017-12-28 09:09:32.855879,0.0,0.0
482,482.0,482.0,482.0,482.0,482.0,0.1999,1,JordanManual,CCCAGG,0.201,0.1999,0.201,XBY,1514444220,2017-12-28 09:09:32.855879,2305.21,460.81
483,483.0,483.0,483.0,483.0,483.0,0.2019,1,JordanManual,CCCAGG,0.2019,0.2001,0.2001,XBY,1514444400,2017-12-28 09:09:32.855879,5120.13,1029.75
484,484.0,484.0,484.0,484.0,484.0,0.2024,1,JordanManual,CCCAGG,0.2024,0.2019,0.2019,XBY,1514444580,2017-12-28 09:09:32.855879,4818.52,975.25
485,485.0,485.0,485.0,485.0,485.0,0.2023,1,JordanManual,CCCAGG,0.2028,0.2023,0.2028,XBY,1514444760,2017-12-28 09:09:32.855879,410.59,83.27
486,486.0,486.0,486.0,486.0,486.0,0.203,1,JordanManual,CCCAGG,0.203,0.2027,0.2027,XBY,1514444940,2017-12-28 09:09:32.855879,133.61,27.08
487,487.0,487.0,487.0,487.0,487.0,0.2033,1,JordanManual,CCCAGG,0.2033,0.2028,0.2029,XBY,1514445120,2017-12-28 09:09:32.855879,2133.32,433.7
488,488.0,488.0,488.0,488.0,488.0,0.2039,1,JordanManual,CCCAGG,0.2042,0.2039,0.2039,XBY,1514445300,2017-12-28 09:09:32.855879,13540.0,2760.8
489,489.0,489.0,489.0,489.0,489.0,0.2046,1,JordanManual,CCCAGG,0.2046,0.2042,0.2042,XBY,1514445480,2017-12-28 09:09:32.855879,36012.0,7368.06
490,490.0,490.0,490.0,490.0,490.0,0.2049,1,JordanManual,CCCAGG,0.2049,0.2047,0.2049,XBY,1514445660,2017-12-28 09:09:32.855879,1718.35,352.09
491,491.0,491.0,491.0,491.0,491.0,0.2037,1,JordanManual,CCCAGG,0.205,0.2037,0.205,XBY,1514445840,2017-12-28 09:09:32.855879,0.0,0.0
492,492.0,492.0,492.0,492.0,492.0,0.2039,1,JordanManual,CCCAGG,0.2039,0.2039,0.2039,XBY,1514446020,2017-12-28 09:09:32.855879,1071.25,218.43
493,493.0,493.0,493.0,493.0,493.0,0.2038,1,JordanManual,CCCAGG,0.2039,0.2038,0.2039,XBY,1514446200,2017-12-28 09:09:32.855879,0.0,0.0
494,494.0,494.0,494.0,494.0,494.0,0.2032,1,JordanManual,CCCAGG,0.2037,0.2032,0.2037,XBY,1514446380,2017-12-28 09:09:32.855879,2512.33,510.51
495,495.0,495.0,495.0,495.0,495.0,0.2042,1,JordanManual,CCCAGG,0.2042,0.2038,0.2038,XBY,1514446560,2017-12-28 09:09:32.855879,4281.16,872.5
496,496.0,496.0,496.0,496.0,496.0,0.2049,1,JordanManual,CCCAGG,0.205,0.2044,0.2044,XBY,1514446740,2017-12-28 09:09:32.855879,959.96,196.7
497,497.0,497.0,497.0,497.0,497.0,0.2053,1,JordanManual,CCCAGG,0.2054,0.205,0.205,XBY,1514446920,2017-12-28 09:09:32.855879,13474.74,2767.71
498,498.0,498.0,498.0,498.0,498.0,0.2053,1,JordanManual,CCCAGG,0.2057,0.2053,0.2057,XBY,1514447100,2017-12-28 09:09:32.855879,850.0,174.51
499,499.0,499.0,499.0,499.0,499.0,0.2051,1,JordanManual,CCCAGG,0.2053,0.2051,0.2053,XBY,1514447280,2017-12-28 09:09:32.855879,1334.58,273.99
500,500.0,500.0,500.0,500.0,500.0,0.2049,1,JordanManual,CCCAGG,0.2049,0.2045,0.2047,XBY,1514447460,2017-12-28 09:09:32.855879,3322.85,680.45
501,501.0,501.0,501.0,501.0,501.0,0.2048,1,JordanManual,CCCAGG,0.2049,0.2048,0.2048,XBY,1514447640,2017-12-28 09:09:32.855879,2471.3,506.24
502,502.0,502.0,502.0,502.0,502.0,0.2039,1,JordanManual,CCCAGG,0.2045,0.2039,0.2045,XBY,1514447820,2017-12-28 09:09:32.855879,180.7,36.95
503,503.0,503.0,503.0,503.0,503.0,0.2043,1,JordanManual,CCCAGG,0.2043,0.2039,0.204,XBY,1514448000,2017-12-28 09:09:32.855879,0.0,0.0
504,504.0,504.0,504.0,504.0,504.0,0.2045,1,JordanManual,CCCAGG,0.2045,0.2044,0.2044,XBY,1514448180,2017-12-28 09:09:32.855879,0.0,0.0
505,505.0,505.0,505.0,505.0,505.0,0.2053,1,JordanManual,CCCAGG,0.2053,0.2047,0.2047,XBY,1514448360,2017-12-28 09:09:32.855879,5311.93,1090.41
506,506.0,506.0,506.0,506.0,506.0,0.2053,1,JordanManual,CCCAGG,0.2054,0.2052,0.2052,XBY,1514448540,2017-12-28 09:09:32.855879,0.0,0.0
507,507.0,507.0,507.0,507.0,507.0,0.2118,1,JordanManual,CCCAGG,0.2121,0.205,0.2051,XBY,1514448720,2017-12-28 09:09:32.855879,7035.77,1450.52
508,508.0,508.0,508.0,508.0,508.0,0.2096,1,JordanManual,CCCAGG,0.2114,0.2096,0.2114,XBY,1514448900,2017-12-28 09:09:32.855879,4492.52,943.77
509,509.0,509.0,509.0,509.0,509.0,0.2105,1,JordanManual,CCCAGG,0.2105,0.2102,0.2103,XBY,1514449080,2017-12-28 09:09:32.855879,4607.12,968.47
510,510.0,510.0,510.0,510.0,510.0,0.2085,1,JordanManual,CCCAGG,0.21,0.2085,0.21,XBY,1514449260,2017-12-28 09:09:32.855879,49.7,10.44
511,511.0,511.0,511.0,511.0,511.0,0.2091,1,JordanManual,CCCAGG,0.2092,0.2088,0.2088,XBY,1514449440,2017-12-28 09:09:32.855879,19283.45,4032.17
512,512.0,512.0,512.0,512.0,512.0,0.2087,1,JordanManual,CCCAGG,0.2091,0.2087,0.2091,XBY,1514449620,2017-12-28 09:09:32.855879,0.0,0.0
513,513.0,513.0,513.0,513.0,513.0,0.2099,1,JordanManual,CCCAGG,0.2099,0.2091,0.2091,XBY,1514449800,2017-12-28 09:09:32.855879,18312.84,3837.27
514,514.0,514.0,514.0,514.0,514.0,0.2104,1,JordanManual,CCCAGG,0.2104,0.2099,0.2099,XBY,1514449980,2017-12-28 09:09:32.855879,0.0,0.0
515,515.0,515.0,515.0,515.0,515.0,0.2102,1,JordanManual,CCCAGG,0.2105,0.2102,0.2103,XBY,1514450160,2017-12-28 09:09:32.855879,13371.3,2811.52
516,516.0,516.0,516.0,516.0,516.0,0.2106,1,JordanManual,CCCAGG,0.2106,0.2101,0.2101,XBY,1514450340,2017-12-28 09:09:32.855879,8318.83,1749.23
517,517.0,517.0,517.0,517.0,517.0,0.2106,1,JordanManual,CCCAGG,0.2107,0.2106,0.2107,XBY,1514450520,2017-12-28 09:09:32.855879,0.0,0.0
518,518.0,518.0,518.0,518.0,518.0,0.2102,1,JordanManual,CCCAGG,0.2108,0.2102,0.2107,XBY,1514450700,2017-12-28 09:09:32.855879,1533.62,322.37
519,519.0,519.0,519.0,519.0,519.0,0.2102,1,JordanManual,CCCAGG,0.2103,0.2102,0.2103,XBY,1514450880,2017-12-28 09:09:32.855879,34.0,7.15
520,520.0,520.0,520.0,520.0,520.0,0.2105,1,JordanManual,CCCAGG,0.2105,0.2103,0.2104,XBY,1514451060,2017-12-28 09:09:32.855879,6571.71,1382.63
521,521.0,521.0,521.0,521.0,521.0,0.2118,1,JordanManual,CCCAGG,0.2118,0.2107,0.2107,XBY,1514451240,2017-12-28 09:09:32.855879,504.98,106.47
522,522.0,522.0,522.0,522.0,522.0,0.2123,1,JordanManual,CCCAGG,0.2123,0.2119,0.212,XBY,1514451420,2017-12-28 09:09:32.855879,0.0,0.0
523,523.0,523.0,523.0,523.0,523.0,0.2042,1,JordanManual,CCCAGG,0.2127,0.2042,0.2126,XBY,1514451600,2017-12-28 09:09:32.855879,6633.57,1355.77
524,524.0,524.0,524.0,524.0,524.0,0.2037,1,JordanManual,CCCAGG,0.2039,0.2036,0.2039,XBY,1514451780,2017-12-28 09:09:32.855879,6014.84,1225.58
525,525.0,525.0,525.0,525.0,525.0,0.2041,1,JordanManual,CCCAGG,0.2043,0.2037,0.2037,XBY,1514451960,2017-12-28 09:09:32.855879,12517.9,2553.99
526,526.0,526.0,526.0,526.0,526.0,0.2039,1,JordanManual,CCCAGG,0.2041,0.2039,0.2041,XBY,1514452140,2017-12-28 09:09:32.855879,540.25,110.16
527,527.0,527.0,527.0,527.0,527.0,0.204,1,JordanManual,CCCAGG,0.204,0.2035,0.2038,XBY,1514452320,2017-12-28 09:09:32.855879,3182.84,648.66
528,528.0,528.0,528.0,528.0,528.0,0.204,1,JordanManual,CCCAGG,0.204,0.2039,0.2039,XBY,1514452500,2017-12-28 09:09:32.855879,0.0,0.0
529,529.0,529.0,529.0,529.0,529.0,0.2046,1,JordanManual,CCCAGG,0.2046,0.2042,0.2042,XBY,1514452680,2017-12-28 09:09:32.855879,0.0,0.0
530,530.0,530.0,530.0,530.0,530.0,0.2045,1,JordanManual,CCCAGG,0.2046,0.2045,0.2046,XBY,1514452860,2017-12-28 09:09:32.855879,0.0,0.0
531,531.0,531.0,531.0,531.0,531.0,0.2049,1,JordanManual,CCCAGG,0.205,0.2049,0.2049,XBY,1514453040,2017-12-28 09:09:32.855879,307.26,62.99
532,532.0,532.0,532.0,532.0,532.0,0.205,1,JordanManual,CCCAGG,0.2074,0.205,0.2051,XBY,1514453220,2017-12-28 09:09:32.855879,6019.33,1234.72
533,533.0,533.0,533.0,533.0,533.0,0.2061,1,JordanManual,CCCAGG,0.2061,0.2054,0.2054,XBY,1514453400,2017-12-28 09:09:32.855879,8545.15,1757.73
534,534.0,534.0,534.0,534.0,534.0,0.2067,1,JordanManual,CCCAGG,0.2067,0.206,0.206,XBY,1514453580,2017-12-28 09:09:32.855879,5913.93,1219.74
535,535.0,535.0,535.0,535.0,535.0,0.2063,1,JordanManual,CCCAGG,0.2066,0.2061,0.2061,XBY,1514453760,2017-12-28 09:09:32.855879,127.71,26.38
536,536.0,536.0,536.0,536.0,536.0,0.2062,1,JordanManual,CCCAGG,0.2062,0.2061,0.2061,XBY,1514453940,2017-12-28 09:09:32.855879,0.0,0.0
537,537.0,537.0,537.0,537.0,537.0,0.2065,1,JordanManual,CCCAGG,0.2066,0.2065,0.2065,XBY,1514454120,2017-12-28 09:09:32.855879,0.0,0.0
538,538.0,538.0,538.0,538.0,538.0,0.2058,1,JordanManual,CCCAGG,0.206,0.2057,0.206,XBY,1514454300,2017-12-28 09:09:32.855879,1031.12,212.41
539,539.0,539.0,539.0,539.0,539.0,0.2061,1,JordanManual,CCCAGG,0.2061,0.2058,0.2058,XBY,1514454480,2017-12-28 09:09:32.855879,8981.88,1851.17
540,540.0,540.0,540.0,540.0,540.0,0.2066,1,JordanManual,CCCAGG,0.2066,0.2063,0.2063,XBY,1514454660,2017-12-28 09:09:32.855879,32439.5,6701.79
541,541.0,541.0,541.0,541.0,541.0,0.2055,1,JordanManual,CCCAGG,0.2064,0.2055,0.2064,XBY,1514454840,2017-12-28 09:09:32.855879,2378.66,490.12
542,542.0,542.0,542.0,542.0,542.0,0.2118,1,JordanManual,CCCAGG,0.218,0.2041,0.205,XBY,1514455020,2017-12-28 09:09:32.855879,3986.31,828.71
543,543.0,543.0,543.0,543.0,543.0,0.2119,1,JordanManual,CCCAGG,0.2121,0.2119,0.2121,XBY,1514455200,2017-12-28 09:09:32.855879,2098.14,444.6
544,544.0,544.0,544.0,544.0,544.0,0.2121,1,JordanManual,CCCAGG,0.2121,0.212,0.2121,XBY,1514455380,2017-12-28 09:09:32.855879,2092.52,443.82
545,545.0,545.0,545.0,545.0,545.0,0.213,1,JordanManual,CCCAGG,0.213,0.2123,0.2123,XBY,1514455560,2017-12-28 09:09:32.855879,6555.69,1396.11
546,546.0,546.0,546.0,546.0,546.0,0.2128,1,JordanManual,CCCAGG,0.2129,0.2128,0.2128,XBY,1514455740,2017-12-28 09:09:32.855879,0.0,0.0
547,547.0,547.0,547.0,547.0,547.0,0.2123,1,JordanManual,CCCAGG,0.2126,0.2123,0.2126,XBY,1514455920,2017-12-28 09:09:32.855879,0.0,0.0
548,548.0,548.0,548.0,548.0,548.0,0.2115,1,JordanManual,CCCAGG,0.2121,0.2115,0.2121,XBY,1514456100,2017-12-28 09:09:32.855879,99.89,21.16
549,549.0,549.0,549.0,549.0,549.0,0.2115,1,JordanManual,CCCAGG,0.2116,0.2114,0.2116,XBY,1514456280,2017-12-28 09:09:32.855879,0.0,0.0
550,550.0,550.0,550.0,550.0,550.0,0.2112,1,JordanManual,CCCAGG,0.2112,0.2111,0.2111,XBY,1514456460,2017-12-28 09:09:32.855879,3135.16,662.04
551,551.0,551.0,551.0,551.0,551.0,0.2117,1,JordanManual,CCCAGG,0.2117,0.2112,0.2112,XBY,1514456640,2017-12-28 09:09:32.855879,1440.52,304.67
552,552.0,552.0,552.0,552.0,552.0,0.2114,1,JordanManual,CCCAGG,0.2118,0.2114,0.2118,XBY,1514456820,2017-12-28 09:09:32.855879,3374.49,714.16
553,553.0,553.0,553.0,553.0,553.0,0.2106,1,JordanManual,CCCAGG,0.2111,0.2106,0.2111,XBY,1514457000,2017-12-28 09:09:32.855879,1250.0,263.38
554,554.0,554.0,554.0,554.0,554.0,0.209,1,JordanManual,CCCAGG,0.2106,0.209,0.2106,XBY,1514457180,2017-12-28 09:09:32.855879,4322.8,903.49
555,555.0,555.0,555.0,555.0,555.0,0.2079,1,JordanManual,CCCAGG,0.209,0.2079,0.209,XBY,1514457360,2017-12-28 09:09:32.855879,0.0,0.0
556,556.0,556.0,556.0,556.0,556.0,0.208,1,JordanManual,CCCAGG,0.208,0.2074,0.2074,XBY,1514457540,2017-12-28 09:09:32.855879,97.29,20.22
557,557.0,557.0,557.0,557.0,557.0,0.2077,1,JordanManual,CCCAGG,0.2077,0.2076,0.2077,XBY,1514457720,2017-12-28 09:09:32.855879,561.36,116.59
558,558.0,558.0,558.0,558.0,558.0,0.2079,1,JordanManual,CCCAGG,0.2079,0.2075,0.2075,XBY,1514457900,2017-12-28 09:09:32.855879,76.62,15.91
559,559.0,559.0,559.0,559.0,559.0,0.2081,1,JordanManual,CCCAGG,0.2082,0.2081,0.2081,XBY,1514458080,2017-12-28 09:09:32.855879,2880.62,599.46
560,560.0,560.0,560.0,560.0,560.0,0.2062,1,JordanManual,CCCAGG,0.2078,0.2062,0.2078,XBY,1514458260,2017-12-28 09:09:32.855879,9973.3,2071.78
561,561.0,561.0,561.0,561.0,561.0,0.2034,1,JordanManual,CCCAGG,0.2052,0.2034,0.2052,XBY,1514458440,2017-12-28 09:09:32.855879,0.0,0.0
562,562.0,562.0,562.0,562.0,562.0,0.2009,1,JordanManual,CCCAGG,0.2027,0.2009,0.2027,XBY,1514458620,2017-12-28 09:09:32.855879,1787.09,361.41
563,563.0,563.0,563.0,563.0,563.0,0.2026,1,JordanManual,CCCAGG,0.2029,0.2015,0.2015,XBY,1514458800,2017-12-28 09:09:32.855879,0.0,0.0
564,564.0,564.0,564.0,564.0,564.0,0.202,1,JordanManual,CCCAGG,0.202,0.2013,0.2018,XBY,1514458980,2017-12-28 09:09:32.855879,460.75,92.8
565,565.0,565.0,565.0,565.0,565.0,0.2023,1,JordanManual,CCCAGG,0.203,0.202,0.203,XBY,1514459160,2017-12-28 09:09:32.855879,1701.0,345.21
566,566.0,566.0,566.0,566.0,566.0,0.2024,1,JordanManual,CCCAGG,0.2025,0.2024,0.2025,XBY,1514459340,2017-12-28 09:09:32.855879,4456.98,902.53
567,567.0,567.0,567.0,567.0,567.0,0.2057,1,JordanManual,CCCAGG,0.2065,0.2028,0.2028,XBY,1514459520,2017-12-28 09:09:32.855879,297.32,61.19
568,568.0,568.0,568.0,568.0,568.0,0.2062,1,JordanManual,CCCAGG,0.2062,0.2048,0.205,XBY,1514459700,2017-12-28 09:09:32.855879,954.0,196.45
569,569.0,569.0,569.0,569.0,569.0,0.2063,1,JordanManual,CCCAGG,0.2069,0.2063,0.2069,XBY,1514459880,2017-12-28 09:09:32.855879,6711.94,1388.7
570,570.0,570.0,570.0,570.0,570.0,0.207,1,JordanManual,CCCAGG,0.207,0.2065,0.2065,XBY,1514460060,2017-12-28 09:09:32.855879,2592.46,535.38
571,571.0,571.0,571.0,571.0,571.0,0.2075,1,JordanManual,CCCAGG,0.2083,0.2075,0.208,XBY,1514460240,2017-12-28 09:09:32.855879,1053.08,218.67
572,572.0,572.0,572.0,572.0,572.0,0.208,1,JordanManual,CCCAGG,0.2083,0.2079,0.2079,XBY,1514460420,2017-12-28 09:09:32.855879,140.77,29.27
573,573.0,573.0,573.0,573.0,573.0,0.2076,1,JordanManual,CCCAGG,0.2082,0.2076,0.2082,XBY,1514460600,2017-12-28 09:09:32.855879,3334.14,693.5
574,574.0,574.0,574.0,574.0,574.0,0.2067,1,JordanManual,CCCAGG,0.2074,0.2064,0.2074,XBY,1514460780,2017-12-28 09:09:32.855879,9038.71,1865.59
575,575.0,575.0,575.0,575.0,575.0,0.206,1,JordanManual,CCCAGG,0.2062,0.206,0.2061,XBY,1514460960,2017-12-28 09:09:32.855879,3335.0,687.01
576,576.0,576.0,576.0,576.0,576.0,0.2079,1,JordanManual,CCCAGG,0.2079,0.2063,0.2063,XBY,1514461140,2017-12-28 09:09:32.855879,151.84,31.57
577,577.0,577.0,577.0,577.0,577.0,0.2087,1,JordanManual,CCCAGG,0.2087,0.2078,0.2079,XBY,1514461320,2017-12-28 09:09:32.855879,14561.95,3038.96
578,578.0,578.0,578.0,578.0,578.0,0.2088,1,JordanManual,CCCAGG,0.209,0.2087,0.2087,XBY,1514461500,2017-12-28 09:09:32.855879,0.0,0.0
579,579.0,579.0,579.0,579.0,579.0,0.2087,1,JordanManual,CCCAGG,0.2087,0.2084,0.2086,XBY,1514461680,2017-12-28 09:09:32.855879,0.0,0.0
580,580.0,580.0,580.0,580.0,580.0,0.2092,1,JordanManual,CCCAGG,0.2092,0.2087,0.2087,XBY,1514461860,2017-12-28 09:09:32.855879,2063.93,431.24
581,581.0,581.0,581.0,581.0,581.0,0.2105,1,JordanManual,CCCAGG,0.2105,0.2092,0.2092,XBY,1514462040,2017-12-28 09:09:32.855879,1658.75,347.01
582,582.0,582.0,582.0,582.0,582.0,0.2103,1,JordanManual,CCCAGG,0.2103,0.2101,0.2101,XBY,1514462220,2017-12-28 09:09:32.855879,2586.36,543.91
583,583.0,583.0,583.0,583.0,583.0,0.2097,1,JordanManual,CCCAGG,0.2106,0.2097,0.2106,XBY,1514462400,2017-12-28 09:09:32.855879,5702.69,1200.73
584,584.0,584.0,584.0,584.0,584.0,0.2098,1,JordanManual,CCCAGG,0.2098,0.2092,0.2095,XBY,1514462580,2017-12-28 09:09:32.855879,4585.52,959.29
585,585.0,585.0,585.0,585.0,585.0,0.2094,1,JordanManual,CCCAGG,0.2097,0.2093,0.2093,XBY,1514462760,2017-12-28 09:09:32.855879,999.68,209.3
586,586.0,586.0,586.0,586.0,586.0,0.21,1,JordanManual,CCCAGG,0.21,0.2096,0.2097,XBY,1514462940,2017-12-28 09:09:32.855879,5758.39,1209.26
587,587.0,587.0,587.0,587.0,587.0,0.2098,1,JordanManual,CCCAGG,0.2101,0.2098,0.21,XBY,1514463120,2017-12-28 09:09:32.855879,6205.29,1303.61
588,588.0,588.0,588.0,588.0,588.0,0.2087,1,JordanManual,CCCAGG,0.2099,0.2087,0.2099,XBY,1514463300,2017-12-28 09:09:32.855879,29705.88,6199.62
589,589.0,589.0,589.0,589.0,589.0,0.2084,1,JordanManual,CCCAGG,0.2086,0.2082,0.2086,XBY,1514463480,2017-12-28 09:09:32.855879,23986.66,5000.8
590,590.0,590.0,590.0,590.0,590.0,0.2085,1,JordanManual,CCCAGG,0.2087,0.2085,0.2086,XBY,1514463660,2017-12-28 09:09:32.855879,48.11,10.04
591,591.0,591.0,591.0,591.0,591.0,0.2091,1,JordanManual,CCCAGG,0.2091,0.2088,0.2088,XBY,1514463840,2017-12-28 09:09:32.855879,2137.7,446.56
592,592.0,592.0,592.0,592.0,592.0,0.204,1,JordanManual,CCCAGG,0.2096,0.204,0.2092,XBY,1514464020,2017-12-28 09:09:32.855879,149.99,30.93
593,593.0,593.0,593.0,593.0,593.0,0.204,1,JordanManual,CCCAGG,0.2042,0.204,0.2042,XBY,1514464200,2017-12-28 09:09:32.855879,0.0,0.0
594,594.0,594.0,594.0,594.0,594.0,0.2034,1,JordanManual,CCCAGG,0.2034,0.203,0.2033,XBY,1514464380,2017-12-28 09:09:32.855879,0.0,0.0
595,595.0,595.0,595.0,595.0,595.0,0.2038,1,JordanManual,CCCAGG,0.2038,0.2037,0.2037,XBY,1514464560,2017-12-28 09:09:32.855879,0.0,0.0
596,596.0,596.0,596.0,596.0,596.0,0.2038,1,JordanManual,CCCAGG,0.2038,0.2038,0.2038,XBY,1514464740,2017-12-28 09:09:32.855879,0.0,0.0
597,597.0,597.0,597.0,597.0,597.0,0.2038,1,JordanManual,CCCAGG,0.2038,0.2038,0.2038,XBY,1514464920,2017-12-28 09:09:32.855879,35.56,7.25
598,598.0,598.0,598.0,598.0,598.0,0.2075,1,JordanManual,CCCAGG,0.2075,0.2038,0.2038,XBY,1514465100,2017-12-28 09:09:32.855879,989.74,201.71
599,599.0,599.0,599.0,599.0,599.0,0.2076,1,JordanManual,CCCAGG,0.2078,0.2075,0.2078,XBY,1514465280,2017-12-28 09:09:32.855879,0.0,0.0
600,600.0,600.0,600.0,600.0,600.0,0.2078,1,JordanManual,CCCAGG,0.2078,0.2077,0.2078,XBY,1514465460,2017-12-28 09:09:32.855879,0.0,0.0
601,601.0,601.0,601.0,601.0,601.0,0.2074,1,JordanManual,CCCAGG,0.2078,0.2074,0.2078,XBY,1514465640,2017-12-28 09:09:32.855879,0.0,0.0
602,602.0,602.0,602.0,602.0,602.0,0.2143,1,JordanManual,CCCAGG,0.2143,0.2064,0.2069,XBY,1514465820,2017-12-28 09:09:32.855879,1079.53,224.46
603,603.0,603.0,603.0,603.0,603.0,0.2144,1,JordanManual,CCCAGG,0.2144,0.2141,0.2141,XBY,1514466000,2017-12-28 09:09:32.855879,1007.52,216.01
604,604.0,604.0,604.0,604.0,604.0,0.215,1,JordanManual,CCCAGG,0.2152,0.2149,0.2149,XBY,1514466180,2017-12-28 09:09:32.855879,1458.06,313.49
605,605.0,605.0,605.0,605.0,605.0,0.2148,1,JordanManual,CCCAGG,0.2149,0.2145,0.2149,XBY,1514466360,2017-12-28 09:09:32.855879,0.0,0.0
606,606.0,606.0,606.0,606.0,606.0,0.2149,1,JordanManual,CCCAGG,0.2149,0.2146,0.2146,XBY,1514466540,2017-12-28 09:09:32.855879,37.32,8.02
607,607.0,607.0,607.0,607.0,607.0,0.2151,1,JordanManual,CCCAGG,0.2151,0.2149,0.2149,XBY,1514466720,2017-12-28 09:09:32.855879,31.38,6.74
608,608.0,608.0,608.0,608.0,608.0,0.2158,1,JordanManual,CCCAGG,0.2159,0.2152,0.2152,XBY,1514466900,2017-12-28 09:09:32.855879,1085.03,234.15
609,609.0,609.0,609.0,609.0,609.0,0.2171,1,JordanManual,CCCAGG,0.2171,0.2162,0.2162,XBY,1514467080,2017-12-28 09:09:32.855879,0.0002767,6.007e-05
610,610.0,610.0,610.0,610.0,610.0,0.2171,1,JordanManual,CCCAGG,0.2171,0.2167,0.2167,XBY,1514467260,2017-12-28 09:09:32.855879,1250.0,270.93
611,611.0,611.0,611.0,611.0,611.0,0.2161,1,JordanManual,CCCAGG,0.2171,0.2161,0.2171,XBY,1514467440,2017-12-28 09:09:32.855879,132.46,28.74
612,612.0,612.0,612.0,612.0,612.0,0.2132,1,JordanManual,CCCAGG,0.2165,0.2132,0.2163,XBY,1514467620,2017-12-28 09:09:32.855879,71.17,15.17
613,613.0,613.0,613.0,613.0,613.0,0.2132,1,JordanManual,CCCAGG,0.2136,0.2132,0.2136,XBY,1514467800,2017-12-28 09:09:32.855879,0.0,0.0
614,614.0,614.0,614.0,614.0,614.0,0.2119,1,JordanManual,CCCAGG,0.2127,0.2119,0.2127,XBY,1514467980,2017-12-28 09:09:32.855879,1530.69,324.35
615,615.0,615.0,615.0,615.0,615.0,0.2119,1,JordanManual,CCCAGG,0.2122,0.2113,0.2113,XBY,1514468160,2017-12-28 09:09:32.855879,0.0,0.0
616,616.0,616.0,616.0,616.0,616.0,0.2128,1,JordanManual,CCCAGG,0.2129,0.2124,0.2124,XBY,1514468340,2017-12-28 09:09:32.855879,7142.08,1519.83
617,617.0,617.0,617.0,617.0,617.0,0.2127,1,JordanManual,CCCAGG,0.2129,0.2127,0.2128,XBY,1514468520,2017-12-28 09:09:32.855879,0.0,0.0
618,618.0,618.0,618.0,618.0,618.0,0.213,1,JordanManual,CCCAGG,0.2131,0.2127,0.2127,XBY,1514468700,2017-12-28 09:09:32.855879,29306.82,6241.85
619,619.0,619.0,619.0,619.0,619.0,0.2127,1,JordanManual,CCCAGG,0.2129,0.2127,0.2128,XBY,1514468880,2017-12-28 09:09:32.855879,0.0,0.0
620,620.0,620.0,620.0,620.0,620.0,0.2122,1,JordanManual,CCCAGG,0.2125,0.2122,0.2125,XBY,1514469060,2017-12-28 09:09:32.855879,0.0,0.0
621,621.0,621.0,621.0,621.0,621.0,0.2122,1,JordanManual,CCCAGG,0.2126,0.2122,0.2126,XBY,1514469240,2017-12-28 09:09:32.855879,131.49,27.95
622,622.0,622.0,622.0,622.0,622.0,0.2128,1,JordanManual,CCCAGG,0.2128,0.2123,0.2123,XBY,1514469420,2017-12-28 09:09:32.855879,0.0,0.0
623,623.0,623.0,623.0,623.0,623.0,0.2134,1,JordanManual,CCCAGG,0.2137,0.2125,0.2125,XBY,1514469600,2017-12-28 09:09:32.855879,3065.58,655.11
624,624.0,624.0,624.0,624.0,624.0,0.2121,1,JordanManual,CCCAGG,0.2126,0.2121,0.2126,XBY,1514469780,2017-12-28 09:09:32.855879,220.0,46.66
625,625.0,625.0,625.0,625.0,625.0,0.2109,1,JordanManual,CCCAGG,0.212,0.2109,0.212,XBY,1514469960,2017-12-28 09:09:32.855879,306.53,64.74
626,626.0,626.0,626.0,626.0,626.0,0.2095,1,JordanManual,CCCAGG,0.2099,0.2095,0.2097,XBY,1514470140,2017-12-28 09:09:32.855879,0.0,0.0
627,627.0,627.0,627.0,627.0,627.0,0.2099,1,JordanManual,CCCAGG,0.2105,0.2098,0.2098,XBY,1514470320,2017-12-28 09:09:32.855879,0.0,0.0
628,628.0,628.0,628.0,628.0,628.0,0.2094,1,JordanManual,CCCAGG,0.2094,0.2083,0.2083,XBY,1514470500,2017-12-28 09:09:32.855879,2000.0,416.6
629,629.0,629.0,629.0,629.0,629.0,0.2103,1,JordanManual,CCCAGG,0.2103,0.2097,0.2097,XBY,1514470680,2017-12-28 09:09:32.855879,0.0,0.0
630,630.0,630.0,630.0,630.0,630.0,0.2108,1,JordanManual,CCCAGG,0.2109,0.2106,0.2106,XBY,1514470860,2017-12-28 09:09:32.855879,15674.62,3301.68
631,631.0,631.0,631.0,631.0,631.0,0.2115,1,JordanManual,CCCAGG,0.2115,0.2108,0.2108,XBY,1514471040,2017-12-28 09:09:32.855879,0.0,0.0
632,632.0,632.0,632.0,632.0,632.0,0.2124,1,JordanManual,CCCAGG,0.2124,0.2115,0.2115,XBY,1514471220,2017-12-28 09:09:32.855879,0.0,0.0
633,633.0,633.0,633.0,633.0,633.0,0.2118,1,JordanManual,CCCAGG,0.2126,0.2118,0.2126,XBY,1514471400,2017-12-28 09:09:32.855879,0.0,0.0
634,634.0,634.0,634.0,634.0,634.0,0.2124,1,JordanManual,CCCAGG,0.2124,0.2119,0.2119,XBY,1514471580,2017-12-28 09:09:32.855879,0.0,0.0
635,635.0,635.0,635.0,635.0,635.0,0.2087,1,JordanManual,CCCAGG,0.2123,0.2087,0.2123,XBY,1514471760,2017-12-28 09:09:32.855879,2330.4802457,486.84005128
636,636.0,636.0,636.0,636.0,636.0,0.2085,1,JordanManual,CCCAGG,0.2086,0.2084,0.2084,XBY,1514471940,2017-12-28 09:09:32.855879,0.0,0.0
637,637.0,637.0,637.0,637.0,637.0,0.2128,1,JordanManual,CCCAGG,0.2128,0.2083,0.2085,XBY,1514472120,2017-12-28 09:09:32.855879,146.09,31.09
638,638.0,638.0,638.0,638.0,638.0,0.2124,1,JordanManual,CCCAGG,0.2125,0.2124,0.2124,XBY,1514472300,2017-12-28 09:09:32.855879,463.59,98.47
639,639.0,639.0,639.0,639.0,639.0,0.2143,1,JordanManual,CCCAGG,0.2143,0.2129,0.2129,XBY,1514472480,2017-12-28 09:09:32.855879,3036.35,648.29
640,640.0,640.0,640.0,640.0,640.0,0.2156,1,JordanManual,CCCAGG,0.2156,0.2149,0.2149,XBY,1514472660,2017-12-28 09:09:32.855879,300.0,64.47
641,641.0,641.0,641.0,641.0,641.0,0.2158,1,JordanManual,CCCAGG,0.2158,0.2156,0.2156,XBY,1514472840,2017-12-28 09:09:32.855879,3024.76,652.74
642,642.0,642.0,642.0,642.0,642.0,0.2156,1,JordanManual,CCCAGG,0.2159,0.2155,0.2159,XBY,1514473020,2017-12-28 09:09:32.855879,2837.7,612.66
643,643.0,643.0,643.0,643.0,643.0,0.2173,1,JordanManual,CCCAGG,0.2173,0.2158,0.2158,XBY,1514473200,2017-12-28 09:09:32.855879,0.0,0.0
644,644.0,644.0,644.0,644.0,644.0,0.2175,1,JordanManual,CCCAGG,0.2179,0.2173,0.2179,XBY,1514473380,2017-12-28 09:09:32.855879,0.0,0.0
645,645.0,645.0,645.0,645.0,645.0,0.2189,1,JordanManual,CCCAGG,0.2189,0.2181,0.2181,XBY,1514473560,2017-12-28 09:09:32.855879,1645.41,360.18
646,646.0,646.0,646.0,646.0,646.0,0.219,1,JordanManual,CCCAGG,0.219,0.2185,0.2185,XBY,1514473740,2017-12-28 09:09:32.855879,2508.6,548.64
647,647.0,647.0,647.0,647.0,647.0,0.2174,1,JordanManual,CCCAGG,0.2188,0.2174,0.2188,XBY,1514473920,2017-12-28 09:09:32.855879,2500.0,547.0
648,648.0,648.0,648.0,648.0,648.0,0.2174,1,JordanManual,CCCAGG,0.2174,0.217,0.217,XBY,1514474100,2017-12-28 09:09:32.855879,0.0,0.0
649,649.0,649.0,649.0,649.0,649.0,0.217,1,JordanManual,CCCAGG,0.2177,0.217,0.2177,XBY,1514474280,2017-12-28 09:09:32.855879,0.0,0.0
650,650.0,650.0,650.0,650.0,650.0,0.2167,1,JordanManual,CCCAGG,0.2167,0.2164,0.2164,XBY,1514474460,2017-12-28 09:09:32.855879,0.0,0.0
651,651.0,651.0,651.0,651.0,651.0,0.2168,1,JordanManual,CCCAGG,0.2168,0.2165,0.2168,XBY,1514474640,2017-12-28 09:09:32.855879,0.0,0.0
652,652.0,652.0,652.0,652.0,652.0,0.2127,1,JordanManual,CCCAGG,0.2129,0.2125,0.2125,XBY,1514474820,2017-12-28 09:09:32.855879,1282.87,272.87
653,653.0,653.0,653.0,653.0,653.0,0.2117,1,JordanManual,CCCAGG,0.2123,0.2117,0.2123,XBY,1514475000,2017-12-28 09:09:32.855879,6536.28,1386.91
654,654.0,654.0,654.0,654.0,654.0,0.2108,1,JordanManual,CCCAGG,0.2115,0.2108,0.2115,XBY,1514475180,2017-12-28 09:09:32.855879,1878.29,396.92
655,655.0,655.0,655.0,655.0,655.0,0.2108,1,JordanManual,CCCAGG,0.211,0.2107,0.2107,XBY,1514475360,2017-12-28 09:09:32.855879,6567.73,1383.85
656,656.0,656.0,656.0,656.0,656.0,0.2117,1,JordanManual,CCCAGG,0.2117,0.2109,0.2109,XBY,1514475540,2017-12-28 09:09:32.855879,1954.43,413.61
657,657.0,657.0,657.0,657.0,657.0,0.2118,1,JordanManual,CCCAGG,0.2118,0.2111,0.2111,XBY,1514475720,2017-12-28 09:09:32.855879,5298.76,1119.32
658,658.0,658.0,658.0,658.0,658.0,0.2119,1,JordanManual,CCCAGG,0.212,0.2119,0.212,XBY,1514475900,2017-12-28 09:09:32.855879,1678.52,355.68
659,659.0,659.0,659.0,659.0,659.0,0.2115,1,JordanManual,CCCAGG,0.2119,0.2115,0.2119,XBY,1514476080,2017-12-28 09:09:32.855879,6943.8,1470.68
660,660.0,660.0,660.0,660.0,660.0,0.2115,1,JordanManual,CCCAGG,0.2115,0.2109,0.2112,XBY,1514476260,2017-12-28 09:09:32.855879,7436.5,1569.82
661,661.0,661.0,661.0,661.0,661.0,0.2114,1,JordanManual,CCCAGG,0.2116,0.2114,0.2116,XBY,1514476440,2017-12-28 09:09:32.855879,3812.02,806.55
662,662.0,662.0,662.0,662.0,662.0,0.2104,1,JordanManual,CCCAGG,0.2109,0.2104,0.2109,XBY,1514476620,2017-12-28 09:09:32.855879,920.5,193.77
663,663.0,663.0,663.0,663.0,663.0,0.2103,1,JordanManual,CCCAGG,0.2105,0.2101,0.2101,XBY,1514476800,2017-12-28 09:09:32.855879,0.0,0.0
664,664.0,664.0,664.0,664.0,664.0,0.2095,1,JordanManual,CCCAGG,0.2102,0.2095,0.2102,XBY,1514476980,2017-12-28 09:09:32.855879,0.0,0.0
665,665.0,665.0,665.0,665.0,665.0,0.2099,1,JordanManual,CCCAGG,0.21,0.2095,0.2095,XBY,1514477160,2017-12-28 09:09:32.855879,0.0,0.0
666,666.0,666.0,666.0,666.0,666.0,0.2157,1,JordanManual,CCCAGG,0.2099,0.2099,0.2099,XBY,1514477340,2017-12-28 09:09:32.855879,0.0,0.0
667,667.0,667.0,667.0,667.0,,0.2093,1,JordanManual,CCCAGG,0.2093,0.2087,0.2087,XBY,1514477520,2017-12-28 09:28:59.619965,3230.46,675.27
668,668.0,668.0,668.0,668.0,,0.209,1,JordanManual,CCCAGG,0.2095,0.209,0.2095,XBY,1514477700,2017-12-28 09:28:59.619965,0.0,0.0
669,669.0,669.0,669.0,669.0,,0.2101,1,JordanManual,CCCAGG,0.2101,0.2091,0.2091,XBY,1514477880,2017-12-28 09:28:59.619965,0.0,0.0
670,670.0,670.0,670.0,670.0,,0.2107,1,JordanManual,CCCAGG,0.2107,0.21,0.21,XBY,1514478060,2017-12-28 09:28:59.619965,0.0,0.0
671,671.0,671.0,671.0,671.0,,0.2113,1,JordanManual,CCCAGG,0.2113,0.2109,0.2109,XBY,1514478240,2017-12-28 09:28:59.619965,0.0,0.0
672,672.0,672.0,672.0,672.0,,0.2047,1,JordanManual,CCCAGG,0.211,0.2107,0.2107,XBY,1514478420,2017-12-28 09:28:59.619965,0.0,0.0
673,673.0,673.0,673.0,,,0.2112,1,JordanManual,CCCAGG,0.2112,0.2112,0.2112,XBY,1514478600,2017-12-28 09:50:05.339752,402.14,84.93
674,674.0,674.0,674.0,,,0.211,1,JordanManual,CCCAGG,0.211,0.2109,0.2109,XBY,1514478780,2017-12-28 09:50:05.339752,385.0,81.23
675,675.0,675.0,675.0,,,0.2113,1,JordanManual,CCCAGG,0.2113,0.2112,0.2112,XBY,1514478960,2017-12-28 09:50:05.339752,550.24,116.22
676,676.0,676.0,676.0,,,0.2118,1,JordanManual,CCCAGG,0.2118,0.2115,0.2115,XBY,1514479140,2017-12-28 09:50:05.339752,218.11,46.17
677,677.0,677.0,677.0,,,0.2109,1,JordanManual,CCCAGG,0.2116,0.2109,0.2116,XBY,1514479320,2017-12-28 09:50:05.339752,0.0,0.0
678,678.0,678.0,678.0,,,0.2103,1,JordanManual,CCCAGG,0.2105,0.2102,0.2102,XBY,1514479500,2017-12-28 09:50:05.339752,0.0,0.0
679,679.0,679.0,679.0,,,0.2102,1,JordanManual,CCCAGG,0.2102,0.2101,0.2101,XBY,1514479680,2017-12-28 09:50:05.339752,0.0,0.0
680,680.0,680.0,,,,0.2083,1,JordanManual,CCCAGG,0.2099,0.2083,0.2099,XBY,1514479860,2017-12-28 10:01:54.594368,500.0,104.15
681,681.0,681.0,,,,0.2072,1,JordanManual,CCCAGG,0.2076,0.2071,0.2076,XBY,1514480040,2017-12-28 10:01:54.594368,3518.09,728.62
682,682.0,682.0,,,,0.2065,1,JordanManual,CCCAGG,0.2065,0.2061,0.2061,XBY,1514480220,2017-12-28 10:01:54.594368,6440.47,1329.77
683,683.0,683.0,,,,0.206,1,JordanManual,CCCAGG,0.2071,0.207,0.207,XBY,1514480400,2017-12-28 10:01:54.594368,0.0,0.0
684,684.0,,,,,0.2072,1,JordanManual,CCCAGG,0.2073,0.2072,0.2072,XBY,1514480580,2017-12-28 10:52:16.539896,4714.31,977.05
685,685.0,,,,,0.2077,1,JordanManual,CCCAGG,0.208,0.2077,0.2077,XBY,1514480760,2017-12-28 10:52:16.539896,10740.66,2232.43
686,686.0,,,,,0.2074,1,JordanManual,CCCAGG,0.2082,0.2074,0.2082,XBY,1514480940,2017-12-28 10:52:16.539896,7154.08,1486.87
687,687.0,,,,,0.2077,1,JordanManual,CCCAGG,0.2077,0.2074,0.2074,XBY,1514481120,2017-12-28 10:52:16.539896,9412.87,1953.05
688,688.0,,,,,0.2077,1,JordanManual,CCCAGG,0.2079,0.2077,0.2079,XBY,1514481300,2017-12-28 10:52:16.539896,16262.31,3377.92
689,689.0,,,,,0.2056,1,JordanManual,CCCAGG,0.2075,0.2056,0.2075,XBY,1514481480,2017-12-28 10:52:16.539896,1788.03,370.22
690,690.0,,,,,0.2049,1,JordanManual,CCCAGG,0.2059,0.2049,0.2051,XBY,1514481660,2017-12-28 10:52:16.539896,154.57,31.7
691,691.0,,,,,0.2056,1,JordanManual,CCCAGG,0.2056,0.2049,0.2049,XBY,1514481840,2017-12-28 10:52:16.539896,3417.9,701.65
692,692.0,,,,,0.2049,1,JordanManual,CCCAGG,0.2059,0.2049,0.2059,XBY,1514482020,2017-12-28 10:52:16.539896,13687.93,2818.34
693,693.0,,,,,0.2052,1,JordanManual,CCCAGG,0.2052,0.2049,0.2049,XBY,1514482200,2017-12-28 10:52:16.539896,5249.83,1076.88
694,694.0,,,,,0.2053,1,JordanManual,CCCAGG,0.2054,0.2053,0.2054,XBY,1514482380,2017-12-28 10:52:16.539896,2124.15,436.3
695,695.0,,,,,0.2064,1,JordanManual,CCCAGG,0.2064,0.2055,0.2055,XBY,1514482560,2017-12-28 10:52:16.539896,0.0,0.0
696,696.0,,,,,0.2075,1,JordanManual,CCCAGG,0.2075,0.2072,0.2072,XBY,1514482740,2017-12-28 10:52:16.539896,5000.0,1037.0
697,697.0,,,,,0.2075,1,JordanManual,CCCAGG,0.2077,0.2075,0.2076,XBY,1514482920,2017-12-28 10:52:16.539896,0.0,0.0
698,698.0,,,,,0.2067,1,JordanManual,CCCAGG,0.2072,0.2067,0.2072,XBY,1514483100,2017-12-28 10:52:16.539896,0.0,0.0
699,699.0,,,,,0.2078,1,JordanManual,CCCAGG,0.2078,0.2067,0.2067,XBY,1514483280,2017-12-28 10:52:16.539896,0.0,0.0
700,700.0,,,,,0.2006,1,JordanManual,CCCAGG,0.2078,0.2078,0.2078,XBY,1514483460,2017-12-28 10:52:16.539896,0.0,0.0
701,,,,,,0.2093,1,JordanManual,CCCAGG,0.2093,0.209,0.209,XBY,1514483640,2017-12-28 10:57:34.236084,0.0,0.0
702,,,,,,0.2016,1,JordanManual,CCCAGG,0.2093,0.2093,0.2093,XBY,1514483820,2017-12-28 10:57:34.236084,0.0,0.0
